pop,scenario,date,covid_region,persons_above65_first_vaccinated_perc
121574,continued_trend,2021-01-10,1,0
121574,continued_trend,2021-02-09,1,0.00274627191714961
121574,continued_trend,2021-02-10,1,0.011967502154396
121574,continued_trend,2021-02-11,1,0.0211887323916425
121574,continued_trend,2021-02-12,1,0.0304099626288889
121574,continued_trend,2021-02-13,1,0.0396311928661353
121574,continued_trend,2021-02-14,1,0.0488524231034124
121574,continued_trend,2021-02-15,1,0.0580736533406588
121574,continued_trend,2021-02-16,1,0.0672948835779053
121574,continued_trend,2021-02-17,1,0.0765161138151517
121574,continued_trend,2021-02-18,1,0.0857373440523981
121574,continued_trend,2021-02-19,1,0.0949585742896752
121574,continued_trend,2021-02-20,1,0.104179804526922
121574,continued_trend,2021-02-21,1,0.113401034764168
121574,continued_trend,2021-02-22,1,0.122622265001415
121574,continued_trend,2021-02-23,1,0.131843495238661
121574,continued_trend,2021-02-24,1,0.141064725475938
121574,continued_trend,2021-02-25,1,0.150285955713184
121574,continued_trend,2021-02-26,1,0.159507185950431
121574,continued_trend,2021-02-27,1,0.168728416187677
121574,continued_trend,2021-02-28,1,0.177949646424924
121574,continued_trend,2021-03-01,1,0.187170876662201
121574,continued_trend,2021-03-02,1,0.196392106899447
121574,continued_trend,2021-03-03,1,0.205613337136694
121574,continued_trend,2021-03-04,1,0.21483456737394
121574,continued_trend,2021-03-05,1,0.224055797611187
121574,continued_trend,2021-03-06,1,0.233277027848464
121574,continued_trend,2021-03-07,1,0.24249825808571
121574,continued_trend,2021-03-08,1,0.251719488322956
121574,continued_trend,2021-03-09,1,0.260940718560203
121574,continued_trend,2021-03-10,1,0.270161948797449
121574,continued_trend,2021-03-11,1,0.279383179034696
121574,continued_trend,2021-03-12,1,0.288604409271973
121574,continued_trend,2021-03-13,1,0.297825639509219
121574,continued_trend,2021-03-14,1,0.307046869746466
121574,continued_trend,2021-03-15,1,0.316268099983712
121574,continued_trend,2021-03-16,1,0.325489330220959
121574,continued_trend,2021-03-17,1,0.334710560458236
121574,continued_trend,2021-03-18,1,0.343931790695482
121574,continued_trend,2021-03-19,1,0.353153020932728
121574,continued_trend,2021-03-20,1,0.362374251169975
121574,continued_trend,2021-03-21,1,0.371595481407221
121574,continued_trend,2021-03-22,1,0.380816711644498
121574,continued_trend,2021-03-23,1,0.390037941881745
121574,continued_trend,2021-03-24,1,0.399259172118991
121574,continued_trend,2021-03-25,1,0.408480402356238
121574,continued_trend,2021-03-26,1,0.417701632593484
121574,continued_trend,2021-03-27,1,0.426922862830761
121574,continued_trend,2021-03-28,1,0.436144093068008
121574,continued_trend,2021-03-29,1,0.445365323305254
121574,continued_trend,2021-03-30,1,0.454586553542501
121574,continued_trend,2021-03-31,1,0.463807783779747
121574,continued_trend,2021-04-01,1,0.473029014017024
121574,continued_trend,2021-04-02,1,0.482250244254271
121574,continued_trend,2021-04-03,1,0.491471474491517
121574,continued_trend,2021-04-04,1,0.500692704728763
121574,continued_trend,2021-04-05,1,0.50991393496601
121574,continued_trend,2021-04-06,1,0.519135165203287
121574,continued_trend,2021-04-07,1,0.528356395440533
121574,continued_trend,2021-04-08,1,0.53757762567778
121574,continued_trend,2021-04-09,1,0.546798855915026
121574,continued_trend,2021-04-10,1,0.556020086152273
121574,continued_trend,2021-04-11,1,0.56524131638955
121574,continued_trend,2021-04-12,1,0.574462546626796
121574,continued_trend,2021-04-13,1,0.583683776864042
121574,continued_trend,2021-04-14,1,0.592905007101289
121574,continued_trend,2021-04-15,1,0.602126237338535
121574,continued_trend,2021-04-16,1,0.611347467575782
121574,continued_trend,2021-04-17,1,0.620568697813059
121574,continued_trend,2021-04-18,1,0.629789928050305
121574,continued_trend,2021-04-19,1,0.639011158287552
121574,continued_trend,2021-04-20,1,0.648232388524798
121574,continued_trend,2021-04-21,1,0.657453618762045
121574,continued_trend,2021-04-22,1,0.666674848999322
121574,continued_trend,2021-04-23,1,0.675896079236568
121574,continued_trend,2021-04-24,1,0.685117309473815
121574,continued_trend,2021-04-25,1,0.694338539711061
121574,continued_trend,2021-04-26,1,0.703559769948307
121574,continued_trend,2021-04-27,1,0.712781000185585
121574,continued_trend,2021-04-28,1,0.722002230422831
121574,continued_trend,2021-04-29,1,0.731223460660077
121574,continued_trend,2021-04-30,1,0.740444690897324
121574,continued_trend,2021-05-01,1,0.74966592113457
121574,continued_trend,2021-05-02,1,0.758887151371847
121574,continued_trend,2021-05-03,1,0.768108381609094
121574,continued_trend,2021-05-04,1,0.77732961184634
121574,continued_trend,2021-05-05,1,0.786550842083587
121574,continued_trend,2021-05-06,1,0.795772072320833
121574,continued_trend,2021-05-07,1,0.80499330255811
121574,continued_trend,2021-05-08,1,0.814214532795356
121574,continued_trend,2021-05-09,1,0.823435763032603
121574,continued_trend,2021-05-10,1,0.832656993269849
121574,continued_trend,2021-05-11,1,0.841878223507096
121574,continued_trend,2021-05-12,1,0.851099453744373
121574,continued_trend,2021-05-13,1,0.860320683981619
121574,continued_trend,2021-05-14,1,0.869541914218866
121574,continued_trend,2021-05-15,1,0.878763144456112
121574,continued_trend,2021-05-16,1,0.887984374693358
121574,continued_trend,2021-05-17,1,0.897205604930636
121574,continued_trend,2021-05-18,1,0.906426835167882
121574,continued_trend,2021-05-19,1,0.915648065405128
121574,continued_trend,2021-05-20,1,0.924869295642375
121574,continued_trend,2021-05-21,1,0.934090525879621
121574,continued_trend,2021-05-22,1,0.943311756116898
121574,continued_trend,2021-05-23,1,0.952532986354145
121574,continued_trend,2021-05-24,1,0.961754216591391
121574,continued_trend,2021-05-25,1,0.970975446828638
121574,continued_trend,2021-05-26,1,0.980196677065884
121574,continued_trend,2021-05-27,1,0.98941790730313
121574,continued_trend,2021-05-28,1,0.998639137540408
121574,continued_trend,2021-05-29,1,1
219816,continued_trend,2021-01-10,2,0.00999694576768067
219816,continued_trend,2021-01-11,2,0.0171266740416147
219816,continued_trend,2021-01-12,2,0.0242564023155657
219816,continued_trend,2021-01-13,2,0.0313861305895167
219816,continued_trend,2021-01-14,2,0.0385158588634677
219816,continued_trend,2021-01-15,2,0.0456455871374188
219816,continued_trend,2021-01-16,2,0.0527753154113528
219816,continued_trend,2021-01-17,2,0.0599050436853038
219816,continued_trend,2021-01-18,2,0.0670347719592548
219816,continued_trend,2021-01-19,2,0.0741645002332058
219816,continued_trend,2021-01-20,2,0.0812942285071568
219816,continued_trend,2021-01-21,2,0.0884239567810909
219816,continued_trend,2021-01-22,2,0.0955536850550419
219816,continued_trend,2021-01-23,2,0.102683413328993
219816,continued_trend,2021-01-24,2,0.109813141602944
219816,continued_trend,2021-01-25,2,0.116942869876895
219816,continued_trend,2021-01-26,2,0.124072598150829
219816,continued_trend,2021-01-27,2,0.13120232642478
219816,continued_trend,2021-01-28,2,0.138332054698731
219816,continued_trend,2021-01-29,2,0.145461782972682
219816,continued_trend,2021-01-30,2,0.152591511246633
219816,continued_trend,2021-01-31,2,0.159721239520567
219816,continued_trend,2021-02-01,2,0.166850967794518
219816,continued_trend,2021-02-02,2,0.173980696068469
219816,continued_trend,2021-02-03,2,0.18111042434242
219816,continued_trend,2021-02-04,2,0.188240152616371
219816,continued_trend,2021-02-05,2,0.195369880890305
219816,continued_trend,2021-02-06,2,0.202499609164256
219816,continued_trend,2021-02-07,2,0.209629337438207
219816,continued_trend,2021-02-08,2,0.216759065712158
219816,continued_trend,2021-02-09,2,0.223888793986109
219816,continued_trend,2021-02-10,2,0.231018522260043
219816,continued_trend,2021-02-11,2,0.238148250533994
219816,continued_trend,2021-02-12,2,0.245277978807945
219816,continued_trend,2021-02-13,2,0.252407707081896
219816,continued_trend,2021-02-14,2,0.259537435355847
219816,continued_trend,2021-02-15,2,0.266667163629798
219816,continued_trend,2021-02-16,2,0.273796891903732
219816,continued_trend,2021-02-17,2,0.280926620177683
219816,continued_trend,2021-02-18,2,0.288056348451634
219816,continued_trend,2021-02-19,2,0.295186076725585
219816,continued_trend,2021-02-20,2,0.302315804999536
219816,continued_trend,2021-02-21,2,0.30944553327347
219816,continued_trend,2021-02-22,2,0.316575261547421
219816,continued_trend,2021-02-23,2,0.323704989821372
219816,continued_trend,2021-02-24,2,0.330834718095323
219816,continued_trend,2021-02-25,2,0.337964446369274
219816,continued_trend,2021-02-26,2,0.345094174643208
219816,continued_trend,2021-02-27,2,0.352223902917159
219816,continued_trend,2021-02-28,2,0.359353631191111
219816,continued_trend,2021-03-01,2,0.366483359465062
219816,continued_trend,2021-03-02,2,0.373613087739012
219816,continued_trend,2021-03-03,2,0.380742816012947
219816,continued_trend,2021-03-04,2,0.387872544286898
219816,continued_trend,2021-03-05,2,0.395002272560849
219816,continued_trend,2021-03-06,2,0.4021320008348
219816,continued_trend,2021-03-07,2,0.409261729108751
219816,continued_trend,2021-03-08,2,0.416391457382685
219816,continued_trend,2021-03-09,2,0.423521185656636
219816,continued_trend,2021-03-10,2,0.430650913930587
219816,continued_trend,2021-03-11,2,0.437780642204538
219816,continued_trend,2021-03-12,2,0.444910370478489
219816,continued_trend,2021-03-13,2,0.452040098752423
219816,continued_trend,2021-03-14,2,0.459169827026374
219816,continued_trend,2021-03-15,2,0.466299555300325
219816,continued_trend,2021-03-16,2,0.473429283574276
219816,continued_trend,2021-03-17,2,0.480559011848227
219816,continued_trend,2021-03-18,2,0.487688740122161
219816,continued_trend,2021-03-19,2,0.494818468396112
219816,continued_trend,2021-03-20,2,0.501948196670063
219816,continued_trend,2021-03-21,2,0.509077924944014
219816,continued_trend,2021-03-22,2,0.516207653217965
219816,continued_trend,2021-03-23,2,0.523337381491899
219816,continued_trend,2021-03-24,2,0.53046710976585
219816,continued_trend,2021-03-25,2,0.537596838039801
219816,continued_trend,2021-03-26,2,0.544726566313752
219816,continued_trend,2021-03-27,2,0.551856294587703
219816,continued_trend,2021-03-28,2,0.558986022861637
219816,continued_trend,2021-03-29,2,0.566115751135588
219816,continued_trend,2021-03-30,2,0.573245479409539
219816,continued_trend,2021-03-31,2,0.58037520768349
219816,continued_trend,2021-04-01,2,0.587504935957441
219816,continued_trend,2021-04-02,2,0.594634664231375
219816,continued_trend,2021-04-03,2,0.601764392505326
219816,continued_trend,2021-04-04,2,0.608894120779277
219816,continued_trend,2021-04-05,2,0.616023849053228
219816,continued_trend,2021-04-06,2,0.623153577327179
219816,continued_trend,2021-04-07,2,0.630283305601113
219816,continued_trend,2021-04-08,2,0.637413033875064
219816,continued_trend,2021-04-09,2,0.644542762149015
219816,continued_trend,2021-04-10,2,0.651672490422966
219816,continued_trend,2021-04-11,2,0.658802218696917
219816,continued_trend,2021-04-12,2,0.665931946970851
219816,continued_trend,2021-04-13,2,0.673061675244802
219816,continued_trend,2021-04-14,2,0.680191403518753
219816,continued_trend,2021-04-15,2,0.687321131792704
219816,continued_trend,2021-04-16,2,0.694450860066655
219816,continued_trend,2021-04-17,2,0.701580588340589
219816,continued_trend,2021-04-18,2,0.70871031661454
219816,continued_trend,2021-04-19,2,0.715840044888491
219816,continued_trend,2021-04-20,2,0.722969773162442
219816,continued_trend,2021-04-21,2,0.730099501436393
219816,continued_trend,2021-04-22,2,0.737229229710327
219816,continued_trend,2021-04-23,2,0.744358957984278
219816,continued_trend,2021-04-24,2,0.751488686258229
219816,continued_trend,2021-04-25,2,0.75861841453218
219816,continued_trend,2021-04-26,2,0.765748142806131
219816,continued_trend,2021-04-27,2,0.772877871080065
219816,continued_trend,2021-04-28,2,0.780007599354016
219816,continued_trend,2021-04-29,2,0.787137327627967
219816,continued_trend,2021-04-30,2,0.794267055901918
219816,continued_trend,2021-05-01,2,0.801396784175869
219816,continued_trend,2021-05-02,2,0.808526512449804
219816,continued_trend,2021-05-03,2,0.815656240723755
219816,continued_trend,2021-05-04,2,0.822785968997706
219816,continued_trend,2021-05-05,2,0.829915697271657
219816,continued_trend,2021-05-06,2,0.837045425545608
219816,continued_trend,2021-05-07,2,0.844175153819542
219816,continued_trend,2021-05-08,2,0.851304882093493
219816,continued_trend,2021-05-09,2,0.858434610367444
219816,continued_trend,2021-05-10,2,0.865564338641395
219816,continued_trend,2021-05-11,2,0.872694066915346
219816,continued_trend,2021-05-12,2,0.87982379518928
219816,continued_trend,2021-05-13,2,0.886953523463231
219816,continued_trend,2021-05-14,2,0.894083251737182
219816,continued_trend,2021-05-15,2,0.901212980011133
219816,continued_trend,2021-05-16,2,0.908342708285084
219816,continued_trend,2021-05-17,2,0.915472436559018
219816,continued_trend,2021-05-18,2,0.922602164832969
219816,continued_trend,2021-05-19,2,0.92973189310692
219816,continued_trend,2021-05-20,2,0.936861621380871
219816,continued_trend,2021-05-21,2,0.943991349654822
219816,continued_trend,2021-05-22,2,0.951121077928756
219816,continued_trend,2021-05-23,2,0.958250806202707
219816,continued_trend,2021-05-24,2,0.965380534476658
219816,continued_trend,2021-05-25,2,0.972510262750609
219816,continued_trend,2021-05-26,2,0.97963999102456
219816,continued_trend,2021-05-27,2,0.986769719298494
219816,continued_trend,2021-05-28,2,0.993899447572445
219816,continued_trend,2021-05-29,2,1
109686,continued_trend,2021-01-10,3,0.173808910238017
109686,continued_trend,2021-01-11,3,0.179140466949858
109686,continued_trend,2021-01-12,3,0.1844720236617
109686,continued_trend,2021-01-13,3,0.189803580373542
109686,continued_trend,2021-01-14,3,0.195135137085383
109686,continued_trend,2021-01-15,3,0.200466693797225
109686,continued_trend,2021-01-16,3,0.205798250509067
109686,continued_trend,2021-01-17,3,0.211129807220909
109686,continued_trend,2021-01-18,3,0.216461363932767
109686,continued_trend,2021-01-19,3,0.221792920644609
109686,continued_trend,2021-01-20,3,0.227124477356451
109686,continued_trend,2021-01-21,3,0.232456034068292
109686,continued_trend,2021-01-22,3,0.237787590780134
109686,continued_trend,2021-01-23,3,0.243119147491976
109686,continued_trend,2021-01-24,3,0.248450704203817
109686,continued_trend,2021-01-25,3,0.253782260915659
109686,continued_trend,2021-01-26,3,0.259113817627501
109686,continued_trend,2021-01-27,3,0.264445374339343
109686,continued_trend,2021-01-28,3,0.269776931051201
109686,continued_trend,2021-01-29,3,0.275108487763043
109686,continued_trend,2021-01-30,3,0.280440044474885
109686,continued_trend,2021-01-31,3,0.285771601186726
109686,continued_trend,2021-02-01,3,0.291103157898568
109686,continued_trend,2021-02-02,3,0.29643471461041
109686,continued_trend,2021-02-03,3,0.301766271322251
109686,continued_trend,2021-02-04,3,0.307097828034093
109686,continued_trend,2021-02-05,3,0.312429384745935
109686,continued_trend,2021-02-06,3,0.317760941457777
109686,continued_trend,2021-02-07,3,0.323092498169618
109686,continued_trend,2021-02-08,3,0.328424054881477
109686,continued_trend,2021-02-09,3,0.333755611593319
109686,continued_trend,2021-02-10,3,0.33908716830516
109686,continued_trend,2021-02-11,3,0.344418725017002
109686,continued_trend,2021-02-12,3,0.349750281728844
109686,continued_trend,2021-02-13,3,0.355081838440686
109686,continued_trend,2021-02-14,3,0.360413395152527
109686,continued_trend,2021-02-15,3,0.365744951864369
109686,continued_trend,2021-02-16,3,0.371076508576211
109686,continued_trend,2021-02-17,3,0.376408065288052
109686,continued_trend,2021-02-18,3,0.381739621999894
109686,continued_trend,2021-02-19,3,0.387071178711753
109686,continued_trend,2021-02-20,3,0.392402735423594
109686,continued_trend,2021-02-21,3,0.397734292135436
109686,continued_trend,2021-02-22,3,0.403065848847278
109686,continued_trend,2021-02-23,3,0.40839740555912
109686,continued_trend,2021-02-24,3,0.413728962270961
109686,continued_trend,2021-02-25,3,0.419060518982803
109686,continued_trend,2021-02-26,3,0.424392075694645
109686,continued_trend,2021-02-27,3,0.429723632406486
109686,continued_trend,2021-02-28,3,0.435055189118328
109686,continued_trend,2021-03-01,3,0.44038674583017
109686,continued_trend,2021-03-02,3,0.445718302542028
109686,continued_trend,2021-03-03,3,0.45104985925387
109686,continued_trend,2021-03-04,3,0.456381415965712
109686,continued_trend,2021-03-05,3,0.461712972677554
109686,continued_trend,2021-03-06,3,0.467044529389395
109686,continued_trend,2021-03-07,3,0.472376086101237
109686,continued_trend,2021-03-08,3,0.477707642813079
109686,continued_trend,2021-03-09,3,0.48303919952492
109686,continued_trend,2021-03-10,3,0.488370756236762
109686,continued_trend,2021-03-11,3,0.493702312948604
109686,continued_trend,2021-03-12,3,0.499033869660446
109686,continued_trend,2021-03-13,3,0.504365426372304
109686,continued_trend,2021-03-14,3,0.509696983084146
109686,continued_trend,2021-03-15,3,0.515028539795988
109686,continued_trend,2021-03-16,3,0.520360096507829
109686,continued_trend,2021-03-17,3,0.525691653219671
109686,continued_trend,2021-03-18,3,0.531023209931513
109686,continued_trend,2021-03-19,3,0.536354766643354
109686,continued_trend,2021-03-20,3,0.541686323355196
109686,continued_trend,2021-03-21,3,0.547017880067038
109686,continued_trend,2021-03-22,3,0.55234943677888
109686,continued_trend,2021-03-23,3,0.557680993490721
109686,continued_trend,2021-03-24,3,0.56301255020258
109686,continued_trend,2021-03-25,3,0.568344106914422
109686,continued_trend,2021-03-26,3,0.573675663626263
109686,continued_trend,2021-03-27,3,0.579007220338105
109686,continued_trend,2021-03-28,3,0.584338777049947
109686,continued_trend,2021-03-29,3,0.589670333761788
109686,continued_trend,2021-03-30,3,0.59500189047363
109686,continued_trend,2021-03-31,3,0.600333447185472
109686,continued_trend,2021-04-01,3,0.605665003897314
109686,continued_trend,2021-04-02,3,0.610996560609155
109686,continued_trend,2021-04-03,3,0.616328117320997
109686,continued_trend,2021-04-04,3,0.621659674032856
109686,continued_trend,2021-04-05,3,0.626991230744697
109686,continued_trend,2021-04-06,3,0.632322787456539
109686,continued_trend,2021-04-07,3,0.637654344168381
109686,continued_trend,2021-04-08,3,0.642985900880223
109686,continued_trend,2021-04-09,3,0.648317457592064
109686,continued_trend,2021-04-10,3,0.653649014303906
109686,continued_trend,2021-04-11,3,0.658980571015748
109686,continued_trend,2021-04-12,3,0.664312127727589
109686,continued_trend,2021-04-13,3,0.669643684439431
109686,continued_trend,2021-04-14,3,0.674975241151273
109686,continued_trend,2021-04-15,3,0.680306797863131
109686,continued_trend,2021-04-16,3,0.685638354574973
109686,continued_trend,2021-04-17,3,0.690969911286815
109686,continued_trend,2021-04-18,3,0.696301467998657
109686,continued_trend,2021-04-19,3,0.701633024710498
109686,continued_trend,2021-04-20,3,0.70696458142234
109686,continued_trend,2021-04-21,3,0.712296138134182
109686,continued_trend,2021-04-22,3,0.717627694846023
109686,continued_trend,2021-04-23,3,0.722959251557865
109686,continued_trend,2021-04-24,3,0.728290808269707
109686,continued_trend,2021-04-25,3,0.733622364981549
109686,continued_trend,2021-04-26,3,0.738953921693407
109686,continued_trend,2021-04-27,3,0.744285478405249
109686,continued_trend,2021-04-28,3,0.749617035117091
109686,continued_trend,2021-04-29,3,0.754948591828932
109686,continued_trend,2021-04-30,3,0.760280148540774
109686,continued_trend,2021-05-01,3,0.765611705252616
109686,continued_trend,2021-05-02,3,0.770943261964457
109686,continued_trend,2021-05-03,3,0.776274818676299
109686,continued_trend,2021-05-04,3,0.781606375388141
109686,continued_trend,2021-05-05,3,0.786937932099983
109686,continued_trend,2021-05-06,3,0.792269488811824
109686,continued_trend,2021-05-07,3,0.797601045523683
109686,continued_trend,2021-05-08,3,0.802932602235525
109686,continued_trend,2021-05-09,3,0.808264158947366
109686,continued_trend,2021-05-10,3,0.813595715659208
109686,continued_trend,2021-05-11,3,0.81892727237105
109686,continued_trend,2021-05-12,3,0.824258829082891
109686,continued_trend,2021-05-13,3,0.829590385794733
109686,continued_trend,2021-05-14,3,0.834921942506575
109686,continued_trend,2021-05-15,3,0.840253499218417
109686,continued_trend,2021-05-16,3,0.845585055930258
109686,continued_trend,2021-05-17,3,0.8509166126421
109686,continued_trend,2021-05-18,3,0.856248169353959
109686,continued_trend,2021-05-19,3,0.8615797260658
109686,continued_trend,2021-05-20,3,0.866911282777642
109686,continued_trend,2021-05-21,3,0.872242839489484
109686,continued_trend,2021-05-22,3,0.877574396201326
109686,continued_trend,2021-05-23,3,0.882905952913167
109686,continued_trend,2021-05-24,3,0.888237509625009
109686,continued_trend,2021-05-25,3,0.893569066336851
109686,continued_trend,2021-05-26,3,0.898900623048692
109686,continued_trend,2021-05-27,3,0.904232179760534
109686,continued_trend,2021-05-28,3,0.909563736472376
109686,continued_trend,2021-05-29,3,0.914895293184235
109686,continued_trend,2021-05-30,3,0.920226849896076
109686,continued_trend,2021-05-31,3,0.925558406607918
109686,continued_trend,2021-06-01,3,0.93088996331976
109686,continued_trend,2021-06-02,3,0.936221520031601
109686,continued_trend,2021-06-03,3,0.941553076743443
109686,continued_trend,2021-06-04,3,0.946884633455285
109686,continued_trend,2021-06-05,3,0.952216190167126
109686,continued_trend,2021-06-06,3,0.957547746878968
109686,continued_trend,2021-06-07,3,0.96287930359081
109686,continued_trend,2021-06-08,3,0.968210860302652
109686,continued_trend,2021-06-09,3,0.97354241701451
109686,continued_trend,2021-06-10,3,0.978873973726352
109686,continued_trend,2021-06-11,3,0.984205530438194
109686,continued_trend,2021-06-12,3,0.989537087150035
109686,continued_trend,2021-06-13,3,0.994868643861877
109686,continued_trend,2021-06-14,3,1
114266,continued_trend,2021-01-10,4,0
114266,continued_trend,2021-01-16,4,0.00312506374693638
114266,continued_trend,2021-01-17,4,0.0105923369749436
114266,continued_trend,2021-01-18,4,0.0180596102029346
114266,continued_trend,2021-01-19,4,0.0255268834309419
114266,continued_trend,2021-01-20,4,0.0329941566589328
114266,continued_trend,2021-01-21,4,0.0404614298869401
114266,continued_trend,2021-01-22,4,0.047928703114931
114266,continued_trend,2021-01-23,4,0.0553959763429383
114266,continued_trend,2021-01-24,4,0.0628632495709293
114266,continued_trend,2021-01-25,4,0.0703305227989365
114266,continued_trend,2021-01-26,4,0.0777977960269275
114266,continued_trend,2021-01-27,4,0.0852650692549348
114266,continued_trend,2021-01-28,4,0.0927323424829257
114266,continued_trend,2021-01-29,4,0.100199615710933
114266,continued_trend,2021-01-30,4,0.107666888938924
114266,continued_trend,2021-01-31,4,0.115134162166931
114266,continued_trend,2021-02-01,4,0.122601435394922
114266,continued_trend,2021-02-02,4,0.130068708622929
114266,continued_trend,2021-02-03,4,0.13753598185092
114266,continued_trend,2021-02-04,4,0.145003255078928
114266,continued_trend,2021-02-05,4,0.152470528306919
114266,continued_trend,2021-02-06,4,0.159937801534926
114266,continued_trend,2021-02-07,4,0.167405074762917
114266,continued_trend,2021-02-08,4,0.174872347990924
114266,continued_trend,2021-02-09,4,0.182339621218915
114266,continued_trend,2021-02-10,4,0.189806894446922
114266,continued_trend,2021-02-11,4,0.197274167674913
114266,continued_trend,2021-02-12,4,0.204741440902921
114266,continued_trend,2021-02-13,4,0.212208714130912
114266,continued_trend,2021-02-14,4,0.219675987358919
114266,continued_trend,2021-02-15,4,0.22714326058691
114266,continued_trend,2021-02-16,4,0.234610533814917
114266,continued_trend,2021-02-17,4,0.242077807042908
114266,continued_trend,2021-02-18,4,0.249545080270915
114266,continued_trend,2021-02-19,4,0.257012353498906
114266,continued_trend,2021-02-20,4,0.264479626726913
114266,continued_trend,2021-02-21,4,0.271946899954904
114266,continued_trend,2021-02-22,4,0.279414173182912
114266,continued_trend,2021-02-23,4,0.286881446410903
114266,continued_trend,2021-02-24,4,0.29434871963891
114266,continued_trend,2021-02-25,4,0.301815992866901
114266,continued_trend,2021-02-26,4,0.309283266094908
114266,continued_trend,2021-02-27,4,0.316750539322899
114266,continued_trend,2021-02-28,4,0.324217812550906
114266,continued_trend,2021-03-01,4,0.331685085778897
114266,continued_trend,2021-03-02,4,0.339152359006905
114266,continued_trend,2021-03-03,4,0.346619632234896
114266,continued_trend,2021-03-04,4,0.354086905462903
114266,continued_trend,2021-03-05,4,0.361554178690894
114266,continued_trend,2021-03-06,4,0.369021451918901
114266,continued_trend,2021-03-07,4,0.376488725146892
114266,continued_trend,2021-03-08,4,0.383955998374899
114266,continued_trend,2021-03-09,4,0.39142327160289
114266,continued_trend,2021-03-10,4,0.398890544830897
114266,continued_trend,2021-03-11,4,0.406357818058888
114266,continued_trend,2021-03-12,4,0.413825091286879
114266,continued_trend,2021-03-13,4,0.421292364514887
114266,continued_trend,2021-03-14,4,0.428759637742878
114266,continued_trend,2021-03-15,4,0.436226910970885
114266,continued_trend,2021-03-16,4,0.443694184198876
114266,continued_trend,2021-03-17,4,0.451161457426883
114266,continued_trend,2021-03-18,4,0.458628730654874
114266,continued_trend,2021-03-19,4,0.466096003882881
114266,continued_trend,2021-03-20,4,0.473563277110872
114266,continued_trend,2021-03-21,4,0.48103055033888
114266,continued_trend,2021-03-22,4,0.488497823566871
114266,continued_trend,2021-03-23,4,0.495965096794878
114266,continued_trend,2021-03-24,4,0.503432370022869
114266,continued_trend,2021-03-25,4,0.510899643250876
114266,continued_trend,2021-03-26,4,0.518366916478867
114266,continued_trend,2021-03-27,4,0.525834189706874
114266,continued_trend,2021-03-28,4,0.533301462934865
114266,continued_trend,2021-03-29,4,0.540768736162872
114266,continued_trend,2021-03-30,4,0.548236009390863
114266,continued_trend,2021-03-31,4,0.555703282618871
114266,continued_trend,2021-04-01,4,0.563170555846862
114266,continued_trend,2021-04-02,4,0.570637829074869
114266,continued_trend,2021-04-03,4,0.57810510230286
114266,continued_trend,2021-04-04,4,0.585572375530867
114266,continued_trend,2021-04-05,4,0.593039648758858
114266,continued_trend,2021-04-06,4,0.600506921986865
114266,continued_trend,2021-04-07,4,0.607974195214856
114266,continued_trend,2021-04-08,4,0.615441468442864
114266,continued_trend,2021-04-09,4,0.622908741670855
114266,continued_trend,2021-04-10,4,0.630376014898862
114266,continued_trend,2021-04-11,4,0.637843288126853
114266,continued_trend,2021-04-12,4,0.64531056135486
114266,continued_trend,2021-04-13,4,0.652777834582851
114266,continued_trend,2021-04-14,4,0.660245107810858
114266,continued_trend,2021-04-15,4,0.667712381038849
114266,continued_trend,2021-04-16,4,0.675179654266857
114266,continued_trend,2021-04-17,4,0.682646927494847
114266,continued_trend,2021-04-18,4,0.690114200722855
114266,continued_trend,2021-04-19,4,0.697581473950846
114266,continued_trend,2021-04-20,4,0.705048747178853
114266,continued_trend,2021-04-21,4,0.712516020406844
114266,continued_trend,2021-04-22,4,0.719983293634851
114266,continued_trend,2021-04-23,4,0.727450566862842
114266,continued_trend,2021-04-24,4,0.734917840090849
114266,continued_trend,2021-04-25,4,0.74238511331884
114266,continued_trend,2021-04-26,4,0.749852386546848
114266,continued_trend,2021-04-27,4,0.757319659774839
114266,continued_trend,2021-04-28,4,0.764786933002846
114266,continued_trend,2021-04-29,4,0.772254206230837
114266,continued_trend,2021-04-30,4,0.779721479458844
114266,continued_trend,2021-05-01,4,0.787188752686835
114266,continued_trend,2021-05-02,4,0.794656025914842
114266,continued_trend,2021-05-03,4,0.802123299142833
114266,continued_trend,2021-05-04,4,0.80959057237084
114266,continued_trend,2021-05-05,4,0.817057845598831
114266,continued_trend,2021-05-06,4,0.824525118826839
114266,continued_trend,2021-05-07,4,0.83199239205483
114266,continued_trend,2021-05-08,4,0.839459665282837
114266,continued_trend,2021-05-09,4,0.846926938510828
114266,continued_trend,2021-05-10,4,0.854394211738835
114266,continued_trend,2021-05-11,4,0.861861484966826
114266,continued_trend,2021-05-12,4,0.869328758194833
114266,continued_trend,2021-05-13,4,0.876796031422824
114266,continued_trend,2021-05-14,4,0.884263304650832
114266,continued_trend,2021-05-15,4,0.891730577878823
114266,continued_trend,2021-05-16,4,0.899197851106814
114266,continued_trend,2021-05-17,4,0.906665124334821
114266,continued_trend,2021-05-18,4,0.914132397562812
114266,continued_trend,2021-05-19,4,0.921599670790819
114266,continued_trend,2021-05-20,4,0.92906694401881
114266,continued_trend,2021-05-21,4,0.936534217246817
114266,continued_trend,2021-05-22,4,0.944001490474808
114266,continued_trend,2021-05-23,4,0.951468763702815
114266,continued_trend,2021-05-24,4,0.958936036930806
114266,continued_trend,2021-05-25,4,0.966403310158814
114266,continued_trend,2021-05-26,4,0.973870583386805
114266,continued_trend,2021-05-27,4,0.981337856614812
114266,continued_trend,2021-05-28,4,0.988805129842803
114266,continued_trend,2021-05-29,4,0.99627240307081
114266,continued_trend,2021-05-30,4,1
81178,continued_trend,2021-01-10,5,0
81178,continued_trend,2021-01-19,5,0.00299910538811025
81178,continued_trend,2021-01-20,5,0.00938624925999536
81178,continued_trend,2021-01-21,5,0.0157733931318575
81178,continued_trend,2021-01-22,5,0.0221605370037426
81178,continued_trend,2021-01-23,5,0.0285476808756278
81178,continued_trend,2021-01-24,5,0.0349348247474899
81178,continued_trend,2021-01-25,5,0.041321968619375
81178,continued_trend,2021-01-26,5,0.0477091124912601
81178,continued_trend,2021-01-27,5,0.0540962563631453
81178,continued_trend,2021-01-28,5,0.0604834002350074
81178,continued_trend,2021-01-29,5,0.0668705441068925
81178,continued_trend,2021-01-30,5,0.0732576879787776
81178,continued_trend,2021-01-31,5,0.0796448318506627
81178,continued_trend,2021-02-01,5,0.0860319757225249
81178,continued_trend,2021-02-02,5,0.09241911959441
81178,continued_trend,2021-02-03,5,0.0988062634662951
81178,continued_trend,2021-02-04,5,0.10519340733818
81178,continued_trend,2021-02-05,5,0.111580551210042
81178,continued_trend,2021-02-06,5,0.117967695081928
81178,continued_trend,2021-02-07,5,0.124354838953813
81178,continued_trend,2021-02-08,5,0.130741982825698
81178,continued_trend,2021-02-09,5,0.13712912669756
81178,continued_trend,2021-02-10,5,0.143516270569445
81178,continued_trend,2021-02-11,5,0.14990341444133
81178,continued_trend,2021-02-12,5,0.156290558313215
81178,continued_trend,2021-02-13,5,0.162677702185077
81178,continued_trend,2021-02-14,5,0.169064846056963
81178,continued_trend,2021-02-15,5,0.175451989928848
81178,continued_trend,2021-02-16,5,0.181839133800733
81178,continued_trend,2021-02-17,5,0.188226277672595
81178,continued_trend,2021-02-18,5,0.19461342154448
81178,continued_trend,2021-02-19,5,0.201000565416365
81178,continued_trend,2021-02-20,5,0.20738770928825
81178,continued_trend,2021-02-21,5,0.213774853160112
81178,continued_trend,2021-02-22,5,0.220161997031998
81178,continued_trend,2021-02-23,5,0.226549140903883
81178,continued_trend,2021-02-24,5,0.232936284775768
81178,continued_trend,2021-02-25,5,0.23932342864763
81178,continued_trend,2021-02-26,5,0.245710572519515
81178,continued_trend,2021-02-27,5,0.2520977163914
81178,continued_trend,2021-02-28,5,0.258484860263262
81178,continued_trend,2021-03-01,5,0.264872004135147
81178,continued_trend,2021-03-02,5,0.271259148007033
81178,continued_trend,2021-03-03,5,0.277646291878918
81178,continued_trend,2021-03-04,5,0.28403343575078
81178,continued_trend,2021-03-05,5,0.290420579622665
81178,continued_trend,2021-03-06,5,0.29680772349455
81178,continued_trend,2021-03-07,5,0.303194867366435
81178,continued_trend,2021-03-08,5,0.309582011238297
81178,continued_trend,2021-03-09,5,0.315969155110182
81178,continued_trend,2021-03-10,5,0.322356298982067
81178,continued_trend,2021-03-11,5,0.328743442853953
81178,continued_trend,2021-03-12,5,0.335130586725815
81178,continued_trend,2021-03-13,5,0.3415177305977
81178,continued_trend,2021-03-14,5,0.347904874469585
81178,continued_trend,2021-03-15,5,0.35429201834147
81178,continued_trend,2021-03-16,5,0.360679162213332
81178,continued_trend,2021-03-17,5,0.367066306085217
81178,continued_trend,2021-03-18,5,0.373453449957102
81178,continued_trend,2021-03-19,5,0.379840593828988
81178,continued_trend,2021-03-20,5,0.38622773770085
81178,continued_trend,2021-03-21,5,0.392614881572735
81178,continued_trend,2021-03-22,5,0.39900202544462
81178,continued_trend,2021-03-23,5,0.405389169316505
81178,continued_trend,2021-03-24,5,0.411776313188367
81178,continued_trend,2021-03-25,5,0.418163457060252
81178,continued_trend,2021-03-26,5,0.424550600932137
81178,continued_trend,2021-03-27,5,0.430937744804023
81178,continued_trend,2021-03-28,5,0.437324888675885
81178,continued_trend,2021-03-29,5,0.44371203254777
81178,continued_trend,2021-03-30,5,0.450099176419655
81178,continued_trend,2021-03-31,5,0.45648632029154
81178,continued_trend,2021-04-01,5,0.462873464163402
81178,continued_trend,2021-04-02,5,0.469260608035287
81178,continued_trend,2021-04-03,5,0.475647751907173
81178,continued_trend,2021-04-04,5,0.482034895779035
81178,continued_trend,2021-04-05,5,0.48842203965092
81178,continued_trend,2021-04-06,5,0.494809183522805
81178,continued_trend,2021-04-07,5,0.50119632739469
81178,continued_trend,2021-04-08,5,0.507583471266552
81178,continued_trend,2021-04-09,5,0.513970615138437
81178,continued_trend,2021-04-10,5,0.520357759010322
81178,continued_trend,2021-04-11,5,0.526744902882208
81178,continued_trend,2021-04-12,5,0.53313204675407
81178,continued_trend,2021-04-13,5,0.539519190625955
81178,continued_trend,2021-04-14,5,0.54590633449784
81178,continued_trend,2021-04-15,5,0.552293478369725
81178,continued_trend,2021-04-16,5,0.558680622241587
81178,continued_trend,2021-04-17,5,0.565067766113472
81178,continued_trend,2021-04-18,5,0.571454909985357
81178,continued_trend,2021-04-19,5,0.577842053857243
81178,continued_trend,2021-04-20,5,0.584229197729105
81178,continued_trend,2021-04-21,5,0.59061634160099
81178,continued_trend,2021-04-22,5,0.597003485472875
81178,continued_trend,2021-04-23,5,0.60339062934476
81178,continued_trend,2021-04-24,5,0.609777773216622
81178,continued_trend,2021-04-25,5,0.616164917088507
81178,continued_trend,2021-04-26,5,0.622552060960392
81178,continued_trend,2021-04-27,5,0.628939204832277
81178,continued_trend,2021-04-28,5,0.63532634870414
81178,continued_trend,2021-04-29,5,0.641713492576025
81178,continued_trend,2021-04-30,5,0.64810063644791
81178,continued_trend,2021-05-01,5,0.654487780319795
81178,continued_trend,2021-05-02,5,0.660874924191657
81178,continued_trend,2021-05-03,5,0.667262068063542
81178,continued_trend,2021-05-04,5,0.673649211935427
81178,continued_trend,2021-05-05,5,0.680036355807313
81178,continued_trend,2021-05-06,5,0.686423499679175
81178,continued_trend,2021-05-07,5,0.69281064355106
81178,continued_trend,2021-05-08,5,0.699197787422945
81178,continued_trend,2021-05-09,5,0.705584931294807
81178,continued_trend,2021-05-10,5,0.711972075166692
81178,continued_trend,2021-05-11,5,0.718359219038577
81178,continued_trend,2021-05-12,5,0.724746362910462
81178,continued_trend,2021-05-13,5,0.731133506782324
81178,continued_trend,2021-05-14,5,0.73752065065421
81178,continued_trend,2021-05-15,5,0.743907794526095
81178,continued_trend,2021-05-16,5,0.75029493839798
81178,continued_trend,2021-05-17,5,0.756682082269842
81178,continued_trend,2021-05-18,5,0.763069226141727
81178,continued_trend,2021-05-19,5,0.769456370013612
81178,continued_trend,2021-05-20,5,0.775843513885497
81178,continued_trend,2021-05-21,5,0.782230657757359
81178,continued_trend,2021-05-22,5,0.788617801629245
81178,continued_trend,2021-05-23,5,0.79500494550113
81178,continued_trend,2021-05-24,5,0.801392089373015
81178,continued_trend,2021-05-25,5,0.807779233244877
81178,continued_trend,2021-05-26,5,0.814166377116762
81178,continued_trend,2021-05-27,5,0.820553520988647
81178,continued_trend,2021-05-28,5,0.826940664860532
81178,continued_trend,2021-05-29,5,0.833327808732394
81178,continued_trend,2021-05-30,5,0.83971495260428
81178,continued_trend,2021-05-31,5,0.846102096476165
81178,continued_trend,2021-06-01,5,0.85248924034805
81178,continued_trend,2021-06-02,5,0.858876384219912
81178,continued_trend,2021-06-03,5,0.865263528091797
81178,continued_trend,2021-06-04,5,0.871650671963682
81178,continued_trend,2021-06-05,5,0.878037815835567
81178,continued_trend,2021-06-06,5,0.884424959707429
81178,continued_trend,2021-06-07,5,0.890812103579315
81178,continued_trend,2021-06-08,5,0.8971992474512
81178,continued_trend,2021-06-09,5,0.903586391323085
81178,continued_trend,2021-06-10,5,0.909973535194947
81178,continued_trend,2021-06-11,5,0.916360679066832
81178,continued_trend,2021-06-12,5,0.922747822938717
81178,continued_trend,2021-06-13,5,0.929134966810602
81178,continued_trend,2021-06-14,5,0.935522110682465
81178,continued_trend,2021-06-15,5,0.94190925455435
81178,continued_trend,2021-06-16,5,0.948296398426235
81178,continued_trend,2021-06-17,5,0.954683542298097
81178,continued_trend,2021-06-18,5,0.961070686169982
81178,continued_trend,2021-06-19,5,0.967457830041867
81178,continued_trend,2021-06-20,5,0.973844973913752
81178,continued_trend,2021-06-21,5,0.980232117785614
81178,continued_trend,2021-06-22,5,0.9866192616575
81178,continued_trend,2021-06-23,5,0.993006405529385
81178,continued_trend,2021-06-24,5,0.99939354940127
81178,continued_trend,2021-06-25,5,1
132821,continued_trend,2021-01-10,6,0.154693787996981
132821,continued_trend,2021-01-11,6,0.159613266807907
132821,continued_trend,2021-01-12,6,0.164532745618832
132821,continued_trend,2021-01-13,6,0.169452224429758
132821,continued_trend,2021-01-14,6,0.174371703240683
132821,continued_trend,2021-01-15,6,0.179291182051608
132821,continued_trend,2021-01-16,6,0.184210660862534
132821,continued_trend,2021-01-17,6,0.189130139673459
132821,continued_trend,2021-01-18,6,0.194049618484385
132821,continued_trend,2021-01-19,6,0.19896909729531
132821,continued_trend,2021-01-20,6,0.203888576106236
132821,continued_trend,2021-01-21,6,0.208808054917161
132821,continued_trend,2021-01-22,6,0.213727533728086
132821,continued_trend,2021-01-23,6,0.218647012539012
132821,continued_trend,2021-01-24,6,0.223566491349937
132821,continued_trend,2021-01-25,6,0.228485970160863
132821,continued_trend,2021-01-26,6,0.233405448971788
132821,continued_trend,2021-01-27,6,0.238324927782714
132821,continued_trend,2021-01-28,6,0.243244406593639
132821,continued_trend,2021-01-29,6,0.248163885404564
132821,continued_trend,2021-01-30,6,0.25308336421549
132821,continued_trend,2021-01-31,6,0.258002843026415
132821,continued_trend,2021-02-01,6,0.262922321837341
132821,continued_trend,2021-02-02,6,0.267841800648266
132821,continued_trend,2021-02-03,6,0.272761279459191
132821,continued_trend,2021-02-04,6,0.277680758270117
132821,continued_trend,2021-02-05,6,0.282600237081042
132821,continued_trend,2021-02-06,6,0.287519715891968
132821,continued_trend,2021-02-07,6,0.292439194702893
132821,continued_trend,2021-02-08,6,0.297358673513819
132821,continued_trend,2021-02-09,6,0.302278152324744
132821,continued_trend,2021-02-10,6,0.307197631135669
132821,continued_trend,2021-02-11,6,0.312117109946595
132821,continued_trend,2021-02-12,6,0.31703658875752
132821,continued_trend,2021-02-13,6,0.321956067568446
132821,continued_trend,2021-02-14,6,0.326875546379371
132821,continued_trend,2021-02-15,6,0.331795025190297
132821,continued_trend,2021-02-16,6,0.336714504001222
132821,continued_trend,2021-02-17,6,0.341633982812147
132821,continued_trend,2021-02-18,6,0.346553461623073
132821,continued_trend,2021-02-19,6,0.351472940433998
132821,continued_trend,2021-02-20,6,0.356392419244924
132821,continued_trend,2021-02-21,6,0.361311898055849
132821,continued_trend,2021-02-22,6,0.366231376866775
132821,continued_trend,2021-02-23,6,0.3711508556777
132821,continued_trend,2021-02-24,6,0.376070334488625
132821,continued_trend,2021-02-25,6,0.380989813299551
132821,continued_trend,2021-02-26,6,0.385909292110476
132821,continued_trend,2021-02-27,6,0.390828770921402
132821,continued_trend,2021-02-28,6,0.395748249732327
132821,continued_trend,2021-03-01,6,0.400667728543253
132821,continued_trend,2021-03-02,6,0.405587207354178
132821,continued_trend,2021-03-03,6,0.410506686165103
132821,continued_trend,2021-03-04,6,0.415426164976029
132821,continued_trend,2021-03-05,6,0.420345643786954
132821,continued_trend,2021-03-06,6,0.42526512259788
132821,continued_trend,2021-03-07,6,0.430184601408805
132821,continued_trend,2021-03-08,6,0.43510408021973
132821,continued_trend,2021-03-09,6,0.440023559030656
132821,continued_trend,2021-03-10,6,0.444943037841581
132821,continued_trend,2021-03-11,6,0.449862516652521
132821,continued_trend,2021-03-12,6,0.454781995463446
132821,continued_trend,2021-03-13,6,0.459701474274372
132821,continued_trend,2021-03-14,6,0.464620953085297
132821,continued_trend,2021-03-15,6,0.469540431896223
132821,continued_trend,2021-03-16,6,0.474459910707148
132821,continued_trend,2021-03-17,6,0.479379389518073
132821,continued_trend,2021-03-18,6,0.484298868328999
132821,continued_trend,2021-03-19,6,0.489218347139924
132821,continued_trend,2021-03-20,6,0.49413782595085
132821,continued_trend,2021-03-21,6,0.499057304761775
132821,continued_trend,2021-03-22,6,0.503976783572701
132821,continued_trend,2021-03-23,6,0.508896262383626
132821,continued_trend,2021-03-24,6,0.513815741194551
132821,continued_trend,2021-03-25,6,0.518735220005477
132821,continued_trend,2021-03-26,6,0.523654698816402
132821,continued_trend,2021-03-27,6,0.528574177627328
132821,continued_trend,2021-03-28,6,0.533493656438253
132821,continued_trend,2021-03-29,6,0.538413135249178
132821,continued_trend,2021-03-30,6,0.543332614060104
132821,continued_trend,2021-03-31,6,0.548252092871029
132821,continued_trend,2021-04-01,6,0.553171571681955
132821,continued_trend,2021-04-02,6,0.55809105049288
132821,continued_trend,2021-04-03,6,0.563010529303806
132821,continued_trend,2021-04-04,6,0.567930008114731
132821,continued_trend,2021-04-05,6,0.572849486925656
132821,continued_trend,2021-04-06,6,0.577768965736582
132821,continued_trend,2021-04-07,6,0.582688444547507
132821,continued_trend,2021-04-08,6,0.587607923358433
132821,continued_trend,2021-04-09,6,0.592527402169358
132821,continued_trend,2021-04-10,6,0.597446880980284
132821,continued_trend,2021-04-11,6,0.602366359791209
132821,continued_trend,2021-04-12,6,0.607285838602134
132821,continued_trend,2021-04-13,6,0.61220531741306
132821,continued_trend,2021-04-14,6,0.617124796223985
132821,continued_trend,2021-04-15,6,0.622044275034911
132821,continued_trend,2021-04-16,6,0.626963753845836
132821,continued_trend,2021-04-17,6,0.631883232656762
132821,continued_trend,2021-04-18,6,0.636802711467687
132821,continued_trend,2021-04-19,6,0.641722190278612
132821,continued_trend,2021-04-20,6,0.646641669089538
132821,continued_trend,2021-04-21,6,0.651561147900463
132821,continued_trend,2021-04-22,6,0.656480626711389
132821,continued_trend,2021-04-23,6,0.661400105522314
132821,continued_trend,2021-04-24,6,0.666319584333239
132821,continued_trend,2021-04-25,6,0.671239063144165
132821,continued_trend,2021-04-26,6,0.67615854195509
132821,continued_trend,2021-04-27,6,0.681078020766016
132821,continued_trend,2021-04-28,6,0.685997499576941
132821,continued_trend,2021-04-29,6,0.690916978387867
132821,continued_trend,2021-04-30,6,0.695836457198792
132821,continued_trend,2021-05-01,6,0.700755936009717
132821,continued_trend,2021-05-02,6,0.705675414820643
132821,continued_trend,2021-05-03,6,0.710594893631568
132821,continued_trend,2021-05-04,6,0.715514372442494
132821,continued_trend,2021-05-05,6,0.720433851253419
132821,continued_trend,2021-05-06,6,0.725353330064345
132821,continued_trend,2021-05-07,6,0.73027280887527
132821,continued_trend,2021-05-08,6,0.735192287686195
132821,continued_trend,2021-05-09,6,0.740111766497121
132821,continued_trend,2021-05-10,6,0.745031245308046
132821,continued_trend,2021-05-11,6,0.749950724118972
132821,continued_trend,2021-05-12,6,0.754870202929897
132821,continued_trend,2021-05-13,6,0.759789681740823
132821,continued_trend,2021-05-14,6,0.764709160551748
132821,continued_trend,2021-05-15,6,0.769628639362674
132821,continued_trend,2021-05-16,6,0.774548118173599
132821,continued_trend,2021-05-17,6,0.779467596984524
132821,continued_trend,2021-05-18,6,0.78438707579545
132821,continued_trend,2021-05-19,6,0.789306554606375
132821,continued_trend,2021-05-20,6,0.794226033417301
132821,continued_trend,2021-05-21,6,0.799145512228226
132821,continued_trend,2021-05-22,6,0.804064991039151
132821,continued_trend,2021-05-23,6,0.808984469850077
132821,continued_trend,2021-05-24,6,0.813903948661002
132821,continued_trend,2021-05-25,6,0.818823427471928
132821,continued_trend,2021-05-26,6,0.823742906282853
132821,continued_trend,2021-05-27,6,0.828662385093779
132821,continued_trend,2021-05-28,6,0.833581863904704
132821,continued_trend,2021-05-29,6,0.838501342715629
132821,continued_trend,2021-05-30,6,0.843420821526555
132821,continued_trend,2021-05-31,6,0.84834030033748
132821,continued_trend,2021-06-01,6,0.853259779148406
132821,continued_trend,2021-06-02,6,0.858179257959331
132821,continued_trend,2021-06-03,6,0.863098736770257
132821,continued_trend,2021-06-04,6,0.868018215581182
132821,continued_trend,2021-06-05,6,0.872937694392107
132821,continued_trend,2021-06-06,6,0.877857173203033
132821,continued_trend,2021-06-07,6,0.882776652013958
132821,continued_trend,2021-06-08,6,0.887696130824884
132821,continued_trend,2021-06-09,6,0.892615609635809
132821,continued_trend,2021-06-10,6,0.897535088446734
132821,continued_trend,2021-06-11,6,0.90245456725766
132821,continued_trend,2021-06-12,6,0.907374046068585
132821,continued_trend,2021-06-13,6,0.912293524879511
132821,continued_trend,2021-06-14,6,0.917213003690436
132821,continued_trend,2021-06-15,6,0.922132482501362
132821,continued_trend,2021-06-16,6,0.927051961312287
132821,continued_trend,2021-06-17,6,0.931971440123212
132821,continued_trend,2021-06-18,6,0.936890918934138
132821,continued_trend,2021-06-19,6,0.941810397745063
132821,continued_trend,2021-06-20,6,0.946729876555989
132821,continued_trend,2021-06-21,6,0.951649355366914
132821,continued_trend,2021-06-22,6,0.95656883417784
132821,continued_trend,2021-06-23,6,0.961488312988765
132821,continued_trend,2021-06-24,6,0.96640779179969
132821,continued_trend,2021-06-25,6,0.971327270610616
132821,continued_trend,2021-06-26,6,0.976246749421541
132821,continued_trend,2021-06-27,6,0.981166228232467
132821,continued_trend,2021-06-28,6,0.986085707043392
132821,continued_trend,2021-06-29,6,0.991005185854318
132821,continued_trend,2021-06-30,6,0.995924664665243
132821,continued_trend,2021-07-01,6,1
112622,continued_trend,2021-01-10,7,0
112622,continued_trend,2021-02-15,7,0.00945837127926288
112622,continued_trend,2021-02-16,7,0.0194039577545966
112622,continued_trend,2021-02-17,7,0.0293495442299304
112622,continued_trend,2021-02-18,7,0.0392951307052972
112622,continued_trend,2021-02-19,7,0.049240717180631
112622,continued_trend,2021-02-20,7,0.0591863036559647
112622,continued_trend,2021-02-21,7,0.0691318901312985
112622,continued_trend,2021-02-22,7,0.0790774766066653
112622,continued_trend,2021-02-23,7,0.089023063081999
112622,continued_trend,2021-02-24,7,0.0989686495573328
112622,continued_trend,2021-02-25,7,0.108914236032667
112622,continued_trend,2021-02-26,7,0.118859822508
112622,continued_trend,2021-02-27,7,0.128805408983367
112622,continued_trend,2021-02-28,7,0.138750995458701
112622,continued_trend,2021-03-01,7,0.148696581934035
112622,continued_trend,2021-03-02,7,0.158642168409368
112622,continued_trend,2021-03-03,7,0.168587754884702
112622,continued_trend,2021-03-04,7,0.178533341360069
112622,continued_trend,2021-03-05,7,0.188478927835403
112622,continued_trend,2021-03-06,7,0.198424514310736
112622,continued_trend,2021-03-07,7,0.20837010078607
112622,continued_trend,2021-03-08,7,0.218315687261404
112622,continued_trend,2021-03-09,7,0.228261273736771
112622,continued_trend,2021-03-10,7,0.238206860212105
112622,continued_trend,2021-03-11,7,0.248152446687438
112622,continued_trend,2021-03-12,7,0.258098033162772
112622,continued_trend,2021-03-13,7,0.268043619638106
112622,continued_trend,2021-03-14,7,0.277989206113473
112622,continued_trend,2021-03-15,7,0.287934792588806
112622,continued_trend,2021-03-16,7,0.29788037906414
112622,continued_trend,2021-03-17,7,0.307825965539474
112622,continued_trend,2021-03-18,7,0.317771552014808
112622,continued_trend,2021-03-19,7,0.327717138490174
112622,continued_trend,2021-03-20,7,0.337662724965508
112622,continued_trend,2021-03-21,7,0.347608311440842
112622,continued_trend,2021-03-22,7,0.357553897916176
112622,continued_trend,2021-03-23,7,0.367499484391509
112622,continued_trend,2021-03-24,7,0.377445070866876
112622,continued_trend,2021-03-25,7,0.38739065734221
112622,continued_trend,2021-03-26,7,0.397336243817544
112622,continued_trend,2021-03-27,7,0.407281830292877
112622,continued_trend,2021-03-28,7,0.417227416768211
112622,continued_trend,2021-03-29,7,0.427173003243578
112622,continued_trend,2021-03-30,7,0.437118589718912
112622,continued_trend,2021-03-31,7,0.447064176194246
112622,continued_trend,2021-04-01,7,0.457009762669579
112622,continued_trend,2021-04-02,7,0.466955349144913
112622,continued_trend,2021-04-03,7,0.47690093562028
112622,continued_trend,2021-04-04,7,0.486846522095614
112622,continued_trend,2021-04-05,7,0.496792108570947
112622,continued_trend,2021-04-06,7,0.506737695046281
112622,continued_trend,2021-04-07,7,0.516683281521615
112622,continued_trend,2021-04-08,7,0.526628867996982
112622,continued_trend,2021-04-09,7,0.536574454472316
112622,continued_trend,2021-04-10,7,0.546520040947649
112622,continued_trend,2021-04-11,7,0.556465627422983
112622,continued_trend,2021-04-12,7,0.566411213898317
112622,continued_trend,2021-04-13,7,0.576356800373684
112622,continued_trend,2021-04-14,7,0.586302386849017
112622,continued_trend,2021-04-15,7,0.596247973324351
112622,continued_trend,2021-04-16,7,0.606193559799685
112622,continued_trend,2021-04-17,7,0.616139146275019
112622,continued_trend,2021-04-18,7,0.626084732750385
112622,continued_trend,2021-04-19,7,0.636030319225719
112622,continued_trend,2021-04-20,7,0.645975905701053
112622,continued_trend,2021-04-21,7,0.655921492176387
112622,continued_trend,2021-04-22,7,0.665867078651754
112622,continued_trend,2021-04-23,7,0.675812665127087
112622,continued_trend,2021-04-24,7,0.685758251602421
112622,continued_trend,2021-04-25,7,0.695703838077755
112622,continued_trend,2021-04-26,7,0.705649424553088
112622,continued_trend,2021-04-27,7,0.715595011028455
112622,continued_trend,2021-04-28,7,0.725540597503789
112622,continued_trend,2021-04-29,7,0.735486183979123
112622,continued_trend,2021-04-30,7,0.745431770454457
112622,continued_trend,2021-05-01,7,0.75537735692979
112622,continued_trend,2021-05-02,7,0.765322943405157
112622,continued_trend,2021-05-03,7,0.775268529880491
112622,continued_trend,2021-05-04,7,0.785214116355825
112622,continued_trend,2021-05-05,7,0.795159702831158
112622,continued_trend,2021-05-06,7,0.805105289306492
112622,continued_trend,2021-05-07,7,0.815050875781859
112622,continued_trend,2021-05-08,7,0.824996462257193
112622,continued_trend,2021-05-09,7,0.834942048732527
112622,continued_trend,2021-05-10,7,0.84488763520786
112622,continued_trend,2021-05-11,7,0.854833221683194
112622,continued_trend,2021-05-12,7,0.864778808158561
112622,continued_trend,2021-05-13,7,0.874724394633894
112622,continued_trend,2021-05-14,7,0.884669981109228
112622,continued_trend,2021-05-15,7,0.894615567584562
112622,continued_trend,2021-05-16,7,0.904561154059896
112622,continued_trend,2021-05-17,7,0.914506740535263
112622,continued_trend,2021-05-18,7,0.924452327010596
112622,continued_trend,2021-05-19,7,0.93439791348593
112622,continued_trend,2021-05-20,7,0.944343499961264
112622,continued_trend,2021-05-21,7,0.954289086436598
112622,continued_trend,2021-05-22,7,0.964234672911964
112622,continued_trend,2021-05-23,7,0.974180259387298
112622,continued_trend,2021-05-24,7,0.984125845862632
112622,continued_trend,2021-05-25,7,0.994071432337966
112622,continued_trend,2021-05-26,7,1
224939,continued_trend,2021-01-10,8,0
224939,continued_trend,2021-02-12,8,0.00728539108696899
224939,continued_trend,2021-02-13,8,0.0184327670425145
224939,continued_trend,2021-02-14,8,0.0295801429980601
224939,continued_trend,2021-02-15,8,0.0407275189536056
224939,continued_trend,2021-02-16,8,0.0518748949091511
224939,continued_trend,2021-02-17,8,0.0630222708646967
224939,continued_trend,2021-02-18,8,0.0741696468202422
224939,continued_trend,2021-02-19,8,0.0853170227757877
224939,continued_trend,2021-02-20,8,0.0964643987313332
224939,continued_trend,2021-02-21,8,0.107611774686879
224939,continued_trend,2021-02-22,8,0.118759150642424
224939,continued_trend,2021-02-23,8,0.12990652659797
224939,continued_trend,2021-02-24,8,0.141053902553515
224939,continued_trend,2021-02-25,8,0.152201278509061
224939,continued_trend,2021-02-26,8,0.163348654464606
224939,continued_trend,2021-02-27,8,0.174496030420152
224939,continued_trend,2021-02-28,8,0.185643406375698
224939,continued_trend,2021-03-01,8,0.196790782331243
224939,continued_trend,2021-03-02,8,0.207938158286789
224939,continued_trend,2021-03-03,8,0.219085534242334
224939,continued_trend,2021-03-04,8,0.23023291019788
224939,continued_trend,2021-03-05,8,0.241380286153425
224939,continued_trend,2021-03-06,8,0.252527662108971
224939,continued_trend,2021-03-07,8,0.263675038064516
224939,continued_trend,2021-03-08,8,0.274822414020062
224939,continued_trend,2021-03-09,8,0.285969789975607
224939,continued_trend,2021-03-10,8,0.297117165931153
224939,continued_trend,2021-03-11,8,0.308264541886698
224939,continued_trend,2021-03-12,8,0.319411917842244
224939,continued_trend,2021-03-13,8,0.330559293797789
224939,continued_trend,2021-03-14,8,0.341706669753335
224939,continued_trend,2021-03-15,8,0.352854045708881
224939,continued_trend,2021-03-16,8,0.364001421664426
224939,continued_trend,2021-03-17,8,0.375148797619972
224939,continued_trend,2021-03-18,8,0.386296173575517
224939,continued_trend,2021-03-19,8,0.397443549531063
224939,continued_trend,2021-03-20,8,0.408590925486608
224939,continued_trend,2021-03-21,8,0.419738301442154
224939,continued_trend,2021-03-22,8,0.430885677397699
224939,continued_trend,2021-03-23,8,0.442033053353245
224939,continued_trend,2021-03-24,8,0.45318042930879
224939,continued_trend,2021-03-25,8,0.464327805264336
224939,continued_trend,2021-03-26,8,0.475475181219881
224939,continued_trend,2021-03-27,8,0.486622557175427
224939,continued_trend,2021-03-28,8,0.497769933130972
224939,continued_trend,2021-03-29,8,0.508917309086518
224939,continued_trend,2021-03-30,8,0.520064685042064
224939,continued_trend,2021-03-31,8,0.531212060997609
224939,continued_trend,2021-04-01,8,0.542359436953155
224939,continued_trend,2021-04-02,8,0.5535068129087
224939,continued_trend,2021-04-03,8,0.564654188864246
224939,continued_trend,2021-04-04,8,0.575801564819791
224939,continued_trend,2021-04-05,8,0.586948940775337
224939,continued_trend,2021-04-06,8,0.598096316730882
224939,continued_trend,2021-04-07,8,0.609243692686428
224939,continued_trend,2021-04-08,8,0.620391068641973
224939,continued_trend,2021-04-09,8,0.631538444597519
224939,continued_trend,2021-04-10,8,0.642685820553064
224939,continued_trend,2021-04-11,8,0.65383319650861
224939,continued_trend,2021-04-12,8,0.664980572464156
224939,continued_trend,2021-04-13,8,0.676127948419701
224939,continued_trend,2021-04-14,8,0.687275324375246
224939,continued_trend,2021-04-15,8,0.698422700330792
224939,continued_trend,2021-04-16,8,0.709570076286338
224939,continued_trend,2021-04-17,8,0.720717452241883
224939,continued_trend,2021-04-18,8,0.731864828197429
224939,continued_trend,2021-04-19,8,0.743012204152974
224939,continued_trend,2021-04-20,8,0.75415958010852
224939,continued_trend,2021-04-21,8,0.765306956064065
224939,continued_trend,2021-04-22,8,0.776454332019611
224939,continued_trend,2021-04-23,8,0.787601707975156
224939,continued_trend,2021-04-24,8,0.798749083930702
224939,continued_trend,2021-04-25,8,0.809896459886247
224939,continued_trend,2021-04-26,8,0.821043835841793
224939,continued_trend,2021-04-27,8,0.832191211797338
224939,continued_trend,2021-04-28,8,0.843338587752884
224939,continued_trend,2021-04-29,8,0.854485963708429
224939,continued_trend,2021-04-30,8,0.865633339663975
224939,continued_trend,2021-05-01,8,0.876780715619521
224939,continued_trend,2021-05-02,8,0.887928091575066
224939,continued_trend,2021-05-03,8,0.899075467530612
224939,continued_trend,2021-05-04,8,0.910222843486157
224939,continued_trend,2021-05-05,8,0.921370219441703
224939,continued_trend,2021-05-06,8,0.932517595397248
224939,continued_trend,2021-05-07,8,0.943664971352794
224939,continued_trend,2021-05-08,8,0.954812347308339
224939,continued_trend,2021-05-09,8,0.965959723263885
224939,continued_trend,2021-05-10,8,0.97710709921943
224939,continued_trend,2021-05-11,8,0.988254475174976
224939,continued_trend,2021-05-12,8,0.999401851130521
224939,continued_trend,2021-05-13,8,1
150101,continued_trend,2021-01-10,9,0
150101,continued_trend,2021-02-15,9,0.00414813043247404
150101,continued_trend,2021-02-16,9,0.0150811145330091
150101,continued_trend,2021-02-17,9,0.0260140986335689
150101,continued_trend,2021-02-18,9,0.036947082734104
150101,continued_trend,2021-02-19,9,0.0478800668346638
150101,continued_trend,2021-02-20,9,0.0588130509351989
150101,continued_trend,2021-02-21,9,0.0697460350357587
150101,continued_trend,2021-02-22,9,0.0806790191362937
150101,continued_trend,2021-02-23,9,0.0916120032368536
150101,continued_trend,2021-02-24,9,0.102544987337413
150101,continued_trend,2021-02-25,9,0.113477971437948
150101,continued_trend,2021-02-26,9,0.124410955538508
150101,continued_trend,2021-02-27,9,0.135343939639043
150101,continued_trend,2021-02-28,9,0.146276923739603
150101,continued_trend,2021-03-01,9,0.157209907840138
150101,continued_trend,2021-03-02,9,0.168142891940698
150101,continued_trend,2021-03-03,9,0.179075876041233
150101,continued_trend,2021-03-04,9,0.190008860141793
150101,continued_trend,2021-03-05,9,0.200941844242328
150101,continued_trend,2021-03-06,9,0.211874828342888
150101,continued_trend,2021-03-07,9,0.222807812443423
150101,continued_trend,2021-03-08,9,0.233740796543983
150101,continued_trend,2021-03-09,9,0.244673780644518
150101,continued_trend,2021-03-10,9,0.255606764745078
150101,continued_trend,2021-03-11,9,0.266539748845613
150101,continued_trend,2021-03-12,9,0.277472732946173
150101,continued_trend,2021-03-13,9,0.288405717046708
150101,continued_trend,2021-03-14,9,0.299338701147267
150101,continued_trend,2021-03-15,9,0.310271685247802
150101,continued_trend,2021-03-16,9,0.321204669348362
150101,continued_trend,2021-03-17,9,0.332137653448922
150101,continued_trend,2021-03-18,9,0.343070637549457
150101,continued_trend,2021-03-19,9,0.354003621650017
150101,continued_trend,2021-03-20,9,0.364936605750552
150101,continued_trend,2021-03-21,9,0.375869589851112
150101,continued_trend,2021-03-22,9,0.386802573951647
150101,continued_trend,2021-03-23,9,0.397735558052207
150101,continued_trend,2021-03-24,9,0.408668542152742
150101,continued_trend,2021-03-25,9,0.419601526253302
150101,continued_trend,2021-03-26,9,0.430534510353837
150101,continued_trend,2021-03-27,9,0.441467494454397
150101,continued_trend,2021-03-28,9,0.452400478554932
150101,continued_trend,2021-03-29,9,0.463333462655491
150101,continued_trend,2021-03-30,9,0.474266446756027
150101,continued_trend,2021-03-31,9,0.485199430856586
150101,continued_trend,2021-04-01,9,0.496132414957121
150101,continued_trend,2021-04-02,9,0.507065399057681
150101,continued_trend,2021-04-03,9,0.517998383158216
150101,continued_trend,2021-04-04,9,0.528931367258776
150101,continued_trend,2021-04-05,9,0.539864351359336
150101,continued_trend,2021-04-06,9,0.550797335459871
150101,continued_trend,2021-04-07,9,0.561730319560431
150101,continued_trend,2021-04-08,9,0.572663303660966
150101,continued_trend,2021-04-09,9,0.583596287761526
150101,continued_trend,2021-04-10,9,0.594529271862061
150101,continued_trend,2021-04-11,9,0.605462255962621
150101,continued_trend,2021-04-12,9,0.616395240063156
150101,continued_trend,2021-04-13,9,0.627328224163716
150101,continued_trend,2021-04-14,9,0.638261208264251
150101,continued_trend,2021-04-15,9,0.64919419236481
150101,continued_trend,2021-04-16,9,0.660127176465346
150101,continued_trend,2021-04-17,9,0.671060160565905
150101,continued_trend,2021-04-18,9,0.68199314466644
150101,continued_trend,2021-04-19,9,0.692926128767
150101,continued_trend,2021-04-20,9,0.703859112867535
150101,continued_trend,2021-04-21,9,0.714792096968095
150101,continued_trend,2021-04-22,9,0.72572508106863
150101,continued_trend,2021-04-23,9,0.73665806516919
150101,continued_trend,2021-04-24,9,0.747591049269725
150101,continued_trend,2021-04-25,9,0.758524033370285
150101,continued_trend,2021-04-26,9,0.769457017470845
150101,continued_trend,2021-04-27,9,0.78039000157138
150101,continued_trend,2021-04-28,9,0.79132298567194
150101,continued_trend,2021-04-29,9,0.802255969772475
150101,continued_trend,2021-04-30,9,0.813188953873035
150101,continued_trend,2021-05-01,9,0.82412193797357
150101,continued_trend,2021-05-02,9,0.835054922074129
150101,continued_trend,2021-05-03,9,0.845987906174664
150101,continued_trend,2021-05-04,9,0.856920890275224
150101,continued_trend,2021-05-05,9,0.867853874375759
150101,continued_trend,2021-05-06,9,0.878786858476319
150101,continued_trend,2021-05-07,9,0.889719842576854
150101,continued_trend,2021-05-08,9,0.900652826677414
150101,continued_trend,2021-05-09,9,0.911585810777949
150101,continued_trend,2021-05-10,9,0.922518794878509
150101,continued_trend,2021-05-11,9,0.933451778979044
150101,continued_trend,2021-05-12,9,0.944384763079604
150101,continued_trend,2021-05-13,9,0.955317747180139
150101,continued_trend,2021-05-14,9,0.966250731280699
150101,continued_trend,2021-05-15,9,0.977183715381234
150101,continued_trend,2021-05-16,9,0.988116699481794
150101,continued_trend,2021-05-17,9,0.999049683582353
150101,continued_trend,2021-05-18,9,1
475581,continued_trend,2021-01-10,10,0
475581,continued_trend,2021-02-06,10,0.00492909617157594
475581,continued_trend,2021-02-07,10,0.0131250632823005
475581,continued_trend,2021-02-08,10,0.0213210303929938
475581,continued_trend,2021-02-09,10,0.0295169975037184
475581,continued_trend,2021-02-10,10,0.0377129646144116
475581,continued_trend,2021-02-11,10,0.0459089317251362
475581,continued_trend,2021-02-12,10,0.0541048988358294
475581,continued_trend,2021-02-13,10,0.062300865946554
475581,continued_trend,2021-02-14,10,0.0704968330572473
475581,continued_trend,2021-02-15,10,0.0786928001679718
475581,continued_trend,2021-02-16,10,0.0868887672786651
475581,continued_trend,2021-02-17,10,0.0950847343893897
475581,continued_trend,2021-02-18,10,0.103280701500083
475581,continued_trend,2021-02-19,10,0.111476668610808
475581,continued_trend,2021-02-20,10,0.119672635721501
475581,continued_trend,2021-02-21,10,0.127868602832225
475581,continued_trend,2021-02-22,10,0.136064569942919
475581,continued_trend,2021-02-23,10,0.144260537053643
475581,continued_trend,2021-02-24,10,0.152456504164336
475581,continued_trend,2021-02-25,10,0.160652471275061
475581,continued_trend,2021-02-26,10,0.168848438385786
475581,continued_trend,2021-02-27,10,0.177044405496479
475581,continued_trend,2021-02-28,10,0.185240372607203
475581,continued_trend,2021-03-01,10,0.193436339717897
475581,continued_trend,2021-03-02,10,0.201632306828621
475581,continued_trend,2021-03-03,10,0.209828273939314
475581,continued_trend,2021-03-04,10,0.218024241050039
475581,continued_trend,2021-03-05,10,0.226220208160732
475581,continued_trend,2021-03-06,10,0.234416175271457
475581,continued_trend,2021-03-07,10,0.24261214238215
475581,continued_trend,2021-03-08,10,0.250808109492875
475581,continued_trend,2021-03-09,10,0.259004076603568
475581,continued_trend,2021-03-10,10,0.267200043714293
475581,continued_trend,2021-03-11,10,0.275396010824986
475581,continued_trend,2021-03-12,10,0.28359197793571
475581,continued_trend,2021-03-13,10,0.291787945046404
475581,continued_trend,2021-03-14,10,0.299983912157128
475581,continued_trend,2021-03-15,10,0.308179879267821
475581,continued_trend,2021-03-16,10,0.316375846378546
475581,continued_trend,2021-03-17,10,0.324571813489239
475581,continued_trend,2021-03-18,10,0.332767780599964
475581,continued_trend,2021-03-19,10,0.340963747710657
475581,continued_trend,2021-03-20,10,0.349159714821382
475581,continued_trend,2021-03-21,10,0.357355681932075
475581,continued_trend,2021-03-22,10,0.3655516490428
475581,continued_trend,2021-03-23,10,0.373747616153493
475581,continued_trend,2021-03-24,10,0.381943583264217
475581,continued_trend,2021-03-25,10,0.390139550374911
475581,continued_trend,2021-03-26,10,0.398335517485635
475581,continued_trend,2021-03-27,10,0.406531484596328
475581,continued_trend,2021-03-28,10,0.414727451707053
475581,continued_trend,2021-03-29,10,0.422923418817746
475581,continued_trend,2021-03-30,10,0.431119385928471
475581,continued_trend,2021-03-31,10,0.439315353039195
475581,continued_trend,2021-04-01,10,0.447511320149889
475581,continued_trend,2021-04-02,10,0.455707287260613
475581,continued_trend,2021-04-03,10,0.463903254371307
475581,continued_trend,2021-04-04,10,0.472099221482031
475581,continued_trend,2021-04-05,10,0.480295188592724
475581,continued_trend,2021-04-06,10,0.488491155703449
475581,continued_trend,2021-04-07,10,0.496687122814142
475581,continued_trend,2021-04-08,10,0.504883089924867
475581,continued_trend,2021-04-09,10,0.51307905703556
475581,continued_trend,2021-04-10,10,0.521275024146285
475581,continued_trend,2021-04-11,10,0.529470991256978
475581,continued_trend,2021-04-12,10,0.537666958367702
475581,continued_trend,2021-04-13,10,0.545862925478396
475581,continued_trend,2021-04-14,10,0.55405889258912
475581,continued_trend,2021-04-15,10,0.562254859699814
475581,continued_trend,2021-04-16,10,0.570450826810538
475581,continued_trend,2021-04-17,10,0.578646793921231
475581,continued_trend,2021-04-18,10,0.586842761031956
475581,continued_trend,2021-04-19,10,0.595038728142649
475581,continued_trend,2021-04-20,10,0.603234695253374
475581,continued_trend,2021-04-21,10,0.611430662364067
475581,continued_trend,2021-04-22,10,0.619626629474792
475581,continued_trend,2021-04-23,10,0.627822596585485
475581,continued_trend,2021-04-24,10,0.636018563696209
475581,continued_trend,2021-04-25,10,0.644214530806903
475581,continued_trend,2021-04-26,10,0.652410497917627
475581,continued_trend,2021-04-27,10,0.66060646502832
475581,continued_trend,2021-04-28,10,0.668802432139045
475581,continued_trend,2021-04-29,10,0.676998399249738
475581,continued_trend,2021-04-30,10,0.685194366360463
475581,continued_trend,2021-05-01,10,0.693390333471156
475581,continued_trend,2021-05-02,10,0.701586300581881
475581,continued_trend,2021-05-03,10,0.709782267692605
475581,continued_trend,2021-05-04,10,0.717978234803299
475581,continued_trend,2021-05-05,10,0.726174201914023
475581,continued_trend,2021-05-06,10,0.734370169024716
475581,continued_trend,2021-05-07,10,0.742566136135441
475581,continued_trend,2021-05-08,10,0.750762103246134
475581,continued_trend,2021-05-09,10,0.758958070356859
475581,continued_trend,2021-05-10,10,0.767154037467552
475581,continued_trend,2021-05-11,10,0.775350004578277
475581,continued_trend,2021-05-12,10,0.78354597168897
475581,continued_trend,2021-05-13,10,0.791741938799695
475581,continued_trend,2021-05-14,10,0.799937905910388
475581,continued_trend,2021-05-15,10,0.808133873021112
475581,continued_trend,2021-05-16,10,0.816329840131806
475581,continued_trend,2021-05-17,10,0.82452580724253
475581,continued_trend,2021-05-18,10,0.832721774353223
475581,continued_trend,2021-05-19,10,0.840917741463948
475581,continued_trend,2021-05-20,10,0.849113708574641
475581,continued_trend,2021-05-21,10,0.857309675685366
475581,continued_trend,2021-05-22,10,0.865505642796059
475581,continued_trend,2021-05-23,10,0.873701609906784
475581,continued_trend,2021-05-24,10,0.881897577017477
475581,continued_trend,2021-05-25,10,0.890093544128201
475581,continued_trend,2021-05-26,10,0.898289511238895
475581,continued_trend,2021-05-27,10,0.906485478349619
475581,continued_trend,2021-05-28,10,0.914681445460312
475581,continued_trend,2021-05-29,10,0.922877412571037
475581,continued_trend,2021-05-30,10,0.93107337968173
475581,continued_trend,2021-05-31,10,0.939269346792455
475581,continued_trend,2021-06-01,10,0.947465313903148
475581,continued_trend,2021-06-02,10,0.955661281013873
475581,continued_trend,2021-06-03,10,0.963857248124597
475581,continued_trend,2021-06-04,10,0.972053215235291
475581,continued_trend,2021-06-05,10,0.980249182346015
475581,continued_trend,2021-06-06,10,0.988445149456708
475581,continued_trend,2021-06-07,10,0.996641116567433
475581,continued_trend,2021-06-08,10,1
300648,continued_trend,2021-01-10,11,0
300648,continued_trend,2021-01-31,11,0.00338566229601842
300648,continued_trend,2021-02-01,11,0.0118772334196577
300648,continued_trend,2021-02-02,11,0.0203688045432969
300648,continued_trend,2021-02-03,11,0.0288603756669609
300648,continued_trend,2021-02-04,11,0.0373519467906001
300648,continued_trend,2021-02-05,11,0.0458435179142393
300648,continued_trend,2021-02-06,11,0.0543350890378786
300648,continued_trend,2021-02-07,11,0.0628266601615178
300648,continued_trend,2021-02-08,11,0.0713182312851818
300648,continued_trend,2021-02-09,11,0.079809802408821
300648,continued_trend,2021-02-10,11,0.0883013735324603
300648,continued_trend,2021-02-11,11,0.0967929446560995
300648,continued_trend,2021-02-12,11,0.105284515779739
300648,continued_trend,2021-02-13,11,0.113776086903403
300648,continued_trend,2021-02-14,11,0.122267658027042
300648,continued_trend,2021-02-15,11,0.130759229150681
300648,continued_trend,2021-02-16,11,0.13925080027432
300648,continued_trend,2021-02-17,11,0.14774237139796
300648,continued_trend,2021-02-18,11,0.156233942521624
300648,continued_trend,2021-02-19,11,0.164725513645263
300648,continued_trend,2021-02-20,11,0.173217084768902
300648,continued_trend,2021-02-21,11,0.181708655892541
300648,continued_trend,2021-02-22,11,0.190200227016181
300648,continued_trend,2021-02-23,11,0.198691798139845
300648,continued_trend,2021-02-24,11,0.207183369263484
300648,continued_trend,2021-02-25,11,0.215674940387123
300648,continued_trend,2021-02-26,11,0.224166511510762
300648,continued_trend,2021-02-27,11,0.232658082634426
300648,continued_trend,2021-02-28,11,0.241149653758066
300648,continued_trend,2021-03-01,11,0.249641224881705
300648,continued_trend,2021-03-02,11,0.258132796005344
300648,continued_trend,2021-03-03,11,0.266624367128983
300648,continued_trend,2021-03-04,11,0.275115938252647
300648,continued_trend,2021-03-05,11,0.283607509376286
300648,continued_trend,2021-03-06,11,0.292099080499926
300648,continued_trend,2021-03-07,11,0.300590651623565
300648,continued_trend,2021-03-08,11,0.309082222747204
300648,continued_trend,2021-03-09,11,0.317573793870868
300648,continued_trend,2021-03-10,11,0.326065364994507
300648,continued_trend,2021-03-11,11,0.334556936118147
300648,continued_trend,2021-03-12,11,0.343048507241786
300648,continued_trend,2021-03-13,11,0.351540078365425
300648,continued_trend,2021-03-14,11,0.360031649489089
300648,continued_trend,2021-03-15,11,0.368523220612728
300648,continued_trend,2021-03-16,11,0.377014791736368
300648,continued_trend,2021-03-17,11,0.385506362860007
300648,continued_trend,2021-03-18,11,0.393997933983646
300648,continued_trend,2021-03-19,11,0.40248950510731
300648,continued_trend,2021-03-20,11,0.410981076230949
300648,continued_trend,2021-03-21,11,0.419472647354588
300648,continued_trend,2021-03-22,11,0.427964218478228
300648,continued_trend,2021-03-23,11,0.436455789601867
300648,continued_trend,2021-03-24,11,0.444947360725531
300648,continued_trend,2021-03-25,11,0.45343893184917
300648,continued_trend,2021-03-26,11,0.461930502972809
300648,continued_trend,2021-03-27,11,0.470422074096449
300648,continued_trend,2021-03-28,11,0.478913645220088
300648,continued_trend,2021-03-29,11,0.487405216343752
300648,continued_trend,2021-03-30,11,0.495896787467391
300648,continued_trend,2021-03-31,11,0.50438835859103
300648,continued_trend,2021-04-01,11,0.51287992971467
300648,continued_trend,2021-04-02,11,0.521371500838309
300648,continued_trend,2021-04-03,11,0.529863071961973
300648,continued_trend,2021-04-04,11,0.538354643085612
300648,continued_trend,2021-04-05,11,0.546846214209251
300648,continued_trend,2021-04-06,11,0.555337785332891
300648,continued_trend,2021-04-07,11,0.56382935645653
300648,continued_trend,2021-04-08,11,0.572320927580194
300648,continued_trend,2021-04-09,11,0.580812498703833
300648,continued_trend,2021-04-10,11,0.589304069827472
300648,continued_trend,2021-04-11,11,0.597795640951111
300648,continued_trend,2021-04-12,11,0.606287212074751
300648,continued_trend,2021-04-13,11,0.614778783198415
300648,continued_trend,2021-04-14,11,0.623270354322054
300648,continued_trend,2021-04-15,11,0.631761925445693
300648,continued_trend,2021-04-16,11,0.640253496569332
300648,continued_trend,2021-04-17,11,0.648745067692972
300648,continued_trend,2021-04-18,11,0.657236638816636
300648,continued_trend,2021-04-19,11,0.665728209940275
300648,continued_trend,2021-04-20,11,0.674219781063914
300648,continued_trend,2021-04-21,11,0.682711352187553
300648,continued_trend,2021-04-22,11,0.691202923311217
300648,continued_trend,2021-04-23,11,0.699694494434857
300648,continued_trend,2021-04-24,11,0.708186065558496
300648,continued_trend,2021-04-25,11,0.716677636682135
300648,continued_trend,2021-04-26,11,0.725169207805774
300648,continued_trend,2021-04-27,11,0.733660778929438
300648,continued_trend,2021-04-28,11,0.742152350053077
300648,continued_trend,2021-04-29,11,0.750643921176717
300648,continued_trend,2021-04-30,11,0.759135492300356
300648,continued_trend,2021-05-01,11,0.767627063423995
300648,continued_trend,2021-05-02,11,0.776118634547659
300648,continued_trend,2021-05-03,11,0.784610205671298
300648,continued_trend,2021-05-04,11,0.793101776794938
300648,continued_trend,2021-05-05,11,0.801593347918577
300648,continued_trend,2021-05-06,11,0.810084919042216
300648,continued_trend,2021-05-07,11,0.81857649016588
300648,continued_trend,2021-05-08,11,0.827068061289519
300648,continued_trend,2021-05-09,11,0.835559632413158
300648,continued_trend,2021-05-10,11,0.844051203536798
300648,continued_trend,2021-05-11,11,0.852542774660437
300648,continued_trend,2021-05-12,11,0.861034345784101
300648,continued_trend,2021-05-13,11,0.86952591690774
300648,continued_trend,2021-05-14,11,0.878017488031379
300648,continued_trend,2021-05-15,11,0.886509059155019
300648,continued_trend,2021-05-16,11,0.895000630278658
300648,continued_trend,2021-05-17,11,0.903492201402322
300648,continued_trend,2021-05-18,11,0.911983772525961
300648,continued_trend,2021-05-19,11,0.9204753436496
300648,continued_trend,2021-05-20,11,0.92896691477324
300648,continued_trend,2021-05-21,11,0.937458485896879
300648,continued_trend,2021-05-22,11,0.945950057020543
300648,continued_trend,2021-05-23,11,0.954441628144182
300648,continued_trend,2021-05-24,11,0.962933199267821
300648,continued_trend,2021-05-25,11,0.971424770391461
300648,continued_trend,2021-05-26,11,0.9799163415151
300648,continued_trend,2021-05-27,11,0.988407912638764
300648,continued_trend,2021-05-28,11,0.996899483762403
300648,continued_trend,2021-05-29,11,1
