FrameworkVersion,"1.0.176.23","clorton (CMS/Main/framework)"
sampletimes,0,1.01694915254237,2.03389830508475,3.05084745762712,4.06779661016949,5.08474576271186,6.10169491525424,7.11864406779661,8.13559322033898,9.15254237288136,10.1694915254237,11.1864406779661,12.2033898305085,13.2203389830508,14.2372881355932,15.2542372881356,16.271186440678,17.2881355932203,18.3050847457627,19.3220338983051,20.3389830508475,21.3559322033898,22.3728813559322,23.3898305084746,24.4067796610169,25.4237288135593,26.4406779661017,27.4576271186441,28.4745762711864,29.4915254237288,30.5084745762712,31.5254237288136,32.5423728813559,33.5593220338983,34.5762711864407,35.5932203389831,36.6101694915254,37.6271186440678,38.6440677966102,39.6610169491525,40.6779661016949,41.6949152542373,42.7118644067797,43.728813559322,44.7457627118644,45.7627118644068,46.7796610169492,47.7966101694915,48.8135593220339,49.8305084745763,50.8474576271186,51.864406779661,52.8813559322034,53.8983050847458,54.9152542372881,55.9322033898305,56.9491525423729,57.9661016949153,58.9830508474576,60
susceptible{0},360980,360973,360963,360954,360940,360924,360910,360883,360851,360815,360754,360688,360603,360501,360358,360171,359936,359612,359263,358723,358084,357223,356140,354859,353190,351077,348293,344670,340213,334579,327633,318808,307886,295089,279585,261788,241716,218493,194055,168828,143612,119938,97465,77907,61212,46981,35895,27375,20900,15975,12272,9418,7370,5778,4519,3644,2942,2382,1979,1681
susceptible{1},360980,360977,360967,360956,360951,360936,360917,360885,360860,360829,360799,360748,360678,360596,360487,360365,360170,359917,359598,359217,358709,358030,357104,355897,354428,352484,350030,346932,342881,337918,331659,323902,314258,302466,288368,271812,252997,231793,208303,183760,158347,133868,110779,89317,71359,55637,42670,32937,25106,19152,14683,11296,8743,6696,5344,4255,3472,2862,2387,1990
susceptible{2},360980,360977,360968,360961,360944,360935,360918,360900,360869,360833,360796,360723,360640,360542,360367,360179,359920,359616,359201,358619,357918,356989,355773,354278,352295,349819,346707,342839,337969,331579,323845,314182,302556,288180,271758,252396,230959,207449,183050,157913,133112,110075,89199,70615,54910,42379,32743,24675,18686,14410,11124,8653,6671,5273,4185,3416,2803,2300,1922,1588
susceptible{3},360980,360972,360967,360961,360958,360940,360928,360897,360858,360829,360782,360731,360637,360544,360430,360281,360055,359800,359526,359137,358642,357983,357119,356007,354586,352756,350514,347601,343947,339340,333321,326173,317078,305966,292412,276663,258224,237677,214363,190011,164764,139480,115772,94091,74713,58594,45168,34481,26417,20025,15323,11777,9092,7127,5575,4423,3544,2865,2372,1990
susceptible{4},360980,360977,360974,360970,360964,360954,360946,360939,360924,360911,360895,360864,360809,360754,360655,360541,360396,360198,359987,359689,359316,358850,358200,357324,356259,354930,353202,350982,348074,344510,339904,334137,326937,318177,307403,293890,278061,259823,239296,216417,192283,166807,141694,118070,95940,76285,60180,46493,35684,27146,20797,15892,12048,9295,7196,5660,4530,3635,2972,2417
susceptible{5},360980,360973,360967,360957,360947,360935,360918,360887,360842,360799,360743,360672,360600,360499,360363,360189,359939,359610,359176,358667,358024,357176,356108,354717,352932,350701,347857,344145,339602,333825,326516,317660,306757,293645,278440,259917,239547,216629,191775,166526,141526,117491,96211,76852,60197,46872,35802,27202,20653,15719,12122,9355,7201,5702,4504,3622,3003,2493,2086,1752
susceptible{6},360980,360980,360973,360970,360967,360962,360951,360936,360926,360906,360877,360851,360808,360758,360682,360578,360453,360290,360069,359835,359530,359132,358637,358012,357098,356010,354544,352625,350301,347315,343672,338854,333062,325800,316560,305397,291756,275921,257198,236110,213395,188536,163153,138026,114315,92742,74201,58263,45078,34756,26672,20155,15586,11847,9191,7145,5672,4535,3671,2996
susceptible{7},360980,360977,360974,360971,360962,360947,360943,360925,360901,360866,360827,360780,360703,360634,360553,360421,360273,360046,359820,359494,359115,358585,357877,356945,355835,354305,352462,350185,347276,343429,338503,332422,325080,315663,304482,291010,274848,256448,235177,211607,186802,161379,136789,113329,92218,73009,57482,44566,34227,26103,19924,15255,11622,9044,7073,5529,4365,3487,2819,2333
susceptible{8},360980,360977,360973,360972,360972,360968,360964,360959,360954,360936,360918,360899,360876,360838,360776,360710,360622,360521,360400,360233,360004,359730,359363,358868,358296,357523,356498,355208,353530,351525,348747,345296,340958,335557,328754,320501,310082,297516,282576,265002,245150,222720,198417,173750,148441,123872,101237,80878,64197,49348,38182,29093,22313,16920,12923,9962,7664,6077,4802,3830
susceptible{9},360980,360975,360966,360962,360947,360932,360918,360889,360857,360821,360766,360701,360631,360516,360390,360220,359991,359696,359322,358816,358199,357418,356370,355114,353474,351271,348580,345146,340855,335301,328576,320462,310026,297467,282750,264951,244851,222839,198733,173205,148060,124399,101515,81017,64401,50207,38438,29180,22250,17003,12785,9769,7665,5901,4675,3737,3005,2461,1976,1679
exposed{0},0,6,16,19,29,42,46,60,87,104,139,182,223,275,364,472,612,804,978,1333,1696,2239,2903,3661,4617,5851,7500,9645,12229,15567,19553,24627,30824,37722,46118,55269,65253,76048,86481,96144,104276,109840,113255,113426,111129,106158,99586,91718,83267,74860,66469,58446,51182,44451,38462,33114,28529,24498,20861,17761
exposed{1},0,3,11,18,21,32,43,67,79,98,113,144,181,233,299,362,476,638,831,1033,1350,1754,2318,3049,3894,5081,6565,8388,10846,13714,17354,21816,27199,33772,41448,50299,59642,69922,80667,90644,99788,106608,111267,113349,112018,108704,103183,96206,88187,79891,71409,62981,55623,48475,42068,36445,31506,27077,23103,19782
exposed{2},0,3,11,16,27,32,40,50,71,99,112,158,209,264,385,503,651,825,1061,1419,1823,2390,3123,4014,5167,6608,8464,10745,13635,17313,21696,27184,33497,41521,50343,60402,70752,81310,91230,99994,106867,111277,113221,112385,108576,103018,96019,87717,79541,70965,62901,55236,48023,42078,36033,31236,26755,22897,19557,16695
exposed{3},0,7,10,13,13,28,34,53,82,95,126,152,214,268,334,433,579,727,879,1125,1413,1788,2297,2964,3816,4902,6209,7906,10038,12744,16318,20422,25567,31711,39247,47707,57248,67368,78070,88105,97663,105236,110336,113234,112845,110271,104842,98160,90578,82117,73538,65052,57367,50142,43649,37828,32766,28138,24286,20846
exposed{4},0,3,5,7,11,20,21,24,34,42,44,65,104,133,196,272,355,485,601,776,1014,1291,1655,2175,2812,3587,4623,5951,7676,9702,12375,15726,19999,24939,30855,38291,46887,56355,66504,77164,87425,96809,104668,110120,113084,112902,110355,105409,98358,90599,82522,73884,65666,57964,50576,43878,38092,32947,28466,24390
exposed{5},0,4,8,16,25,32,43,61,91,115,142,190,223,287,374,483,628,815,1082,1391,1781,2283,2912,3733,4784,6113,7800,9982,12579,15862,20089,25122,31175,38334,46409,56018,66047,76581,87171,96877,104493,110070,112577,112769,110212,105183,98490,90852,82215,73924,65661,57584,50303,43724,38124,32949,28443,24411,20852,17928
exposed{6},0,0,6,8,10,13,19,31,35,46,69,83,103,132,181,244,315,411,558,701,878,1123,1365,1703,2272,2936,3818,4948,6338,8097,10251,13046,16433,20596,25965,32119,39670,48040,57811,68201,78435,88818,98265,105940,111127,113476,112971,109540,104202,97198,89608,81056,73136,64675,57227,50131,43712,37701,32645,28101
exposed{7},0,3,6,6,12,25,28,37,56,75,99,121,182,225,262,349,441,576,707,901,1106,1425,1834,2395,3061,3995,5074,6387,7967,10238,13147,16717,20879,26326,32550,39957,48304,57681,67965,78726,89203,98642,106082,111089,113319,112626,109365,104060,96992,89241,81445,73019,64487,56735,49589,43149,37362,32376,27857,24007
exposed{8},0,3,6,5,5,7,9,14,16,28,37,51,64,84,124,159,210,280,337,444,575,742,964,1268,1602,2064,2713,3477,4479,5673,7343,9367,11829,15013,18959,23588,29445,36277,44422,53746,63655,74264,85067,94581,102964,109263,112852,113531,111648,106991,100761,92943,84749,76427,67876,59948,52479,45698,39683,34195
exposed{9},0,4,11,13,24,32,42,62,80,102,131,167,205,282,361,475,608,779,994,1325,1683,2128,2779,3484,4462,5775,7346,9318,11860,15154,19029,23616,29587,36436,44271,53636,63810,74066,84760,94782,102909,108982,112501,113490,111552,107194,100523,92879,84653,76215,68165,59930,52784,45617,39744,34334,29746,25458,21773,18682
detected{0},0,0,0,0,2,3,6,8,10,12,20,28,31,42,51,72,91,109,145,187,224,280,349,457,604,724,932,1225,1572,1968,2551,3308,4199,5273,6527,8112,9970,12263,14941,17760,21174,24584,28149,31611,34664,37852,40382,42625,44357,45336,45813,45794,45213,44452,43284,41838,40155,38245,36350,34410
detected{1},0,0,0,1,1,2,4,7,10,10,13,17,17,23,29,48,66,82,108,135,180,217,277,338,460,620,801,1025,1310,1697,2220,2726,3524,4494,5708,7245,9078,11013,13375,16117,19172,22576,25970,29568,32931,36226,38937,41316,43017,44332,45323,45596,45558,44705,43711,42489,40973,39269,37375,35449
detected{2},0,0,0,0,1,1,4,6,8,9,14,18,27,35,45,59,80,104,139,180,228,288,396,503,658,856,1081,1367,1724,2145,2694,3530,4462,5637,7023,8706,10787,13356,16225,19390,22693,26276,29576,33101,36359,39132,41446,43529,44826,45455,45611,45452,44866,43837,42468,41044,39297,37461,35457,33469
detected{3},0,0,1,3,3,3,4,9,10,14,17,24,31,42,52,56,78,97,124,149,180,233,287,378,484,608,763,1012,1302,1673,2165,2680,3358,4263,5479,6801,8404,10315,12741,15405,18355,21804,25260,28775,32333,35586,38467,40921,43098,44544,45630,45979,45891,45294,44334,43107,41673,39939,38182,36212
detected{4},0,0,1,1,1,1,1,2,5,7,9,11,13,18,26,30,40,55,68,99,136,179,214,286,365,474,594,756,960,1250,1596,2038,2616,3361,4221,5321,6664,8362,10294,12519,15185,18212,21434,24864,28228,31781,35092,38034,40686,42837,44315,45061,45501,45435,44855,43967,42783,41155,39720,37827
detected{5},0,0,2,2,2,2,2,3,7,10,14,19,28,33,40,52,66,93,115,147,205,260,358,460,601,785,974,1223,1590,2088,2657,3314,4186,5351,6682,8311,10212,12549,15187,18219,21476,24844,28210,31697,35029,37887,40428,42276,44008,44829,45335,45242,44590,43648,42348,40786,39123,37360,35331,33428
detected{6},0,0,0,0,0,0,0,1,4,6,10,13,10,17,19,26,29,39,59,74,91,125,171,220,283,341,448,571,731,982,1246,1556,2065,2603,3261,4178,5342,6664,8335,10343,12672,15327,18254,21431,24921,28517,32056,35334,38462,40768,42591,44135,44869,45241,45027,44375,43549,42155,40705,39008
detected{7},0,0,0,0,0,1,3,5,5,5,5,8,12,16,26,35,47,62,84,111,148,186,237,306,406,518,647,821,1036,1328,1674,2132,2745,3537,4448,5637,7076,8715,10683,13008,15826,18818,22180,25489,29010,32639,35970,38947,41366,43234,44646,45407,45728,45659,45038,44225,42922,41456,39666,37808
detected{8},0,0,0,0,0,0,1,1,3,3,5,7,11,13,18,23,31,35,47,55,68,88,113,146,189,252,312,397,517,651,857,1111,1450,1913,2466,3063,3890,5008,6274,7715,9587,11861,14241,17015,20233,23687,27338,30919,33987,37323,40060,42270,43965,45023,45567,45483,44940,44151,43020,41582
detected{9},0,0,0,0,0,2,3,4,7,13,16,23,29,38,46,54,77,97,125,156,215,268,344,458,557,724,935,1214,1565,1943,2493,3165,3975,5023,6248,7832,9741,11897,14395,17331,20541,23875,27413,31049,34337,37328,40082,42343,44056,45032,45739,45930,45384,44500,43337,41928,40322,38376,36537,34684
infected{0},3,4,3,9,13,14,22,32,36,53,73,86,119,148,188,247,322,413,549,687,875,1086,1396,1755,2264,2873,3685,4750,6106,7750,9895,12607,15917,20032,24886,30937,37770,46110,55187,64941,75326,85819,96124,105490,113931,121436,126783,130719,132883,133437,132617,130618,127336,123668,119070,113985,108385,102685,96998,91157
infected{1},3,3,5,9,10,13,20,27,37,45,58,74,92,110,145,194,257,320,406,542,669,882,1159,1489,1948,2487,3180,4103,5260,6755,8625,10924,14036,17680,22107,27412,33882,41082,49474,58794,68830,79304,89613,99647,109020,117189,123664,128256,131423,132817,132974,131496,129083,125444,121240,116506,111130,105766,99839,94114
infected{2},3,3,4,6,12,13,19,26,32,38,59,81,105,139,177,231,318,420,557,725,945,1201,1552,1961,2569,3313,4228,5330,6734,8652,11007,14005,17823,22194,27508,33770,41075,49655,58969,69200,79807,90203,99844,109300,117449,123894,128913,132240,133608,133612,132183,129645,125969,121665,116664,111440,105981,100154,94424,88738
infected{3},3,3,5,8,11,13,19,29,37,50,58,75,101,131,160,194,261,341,425,515,667,868,1137,1466,1876,2394,3061,3939,5017,6387,8136,10299,13140,16625,20931,26023,32130,39239,47576,56868,66696,77364,87822,97810,107531,115666,122747,128141,131450,133441,133809,132637,130403,127178,123213,118388,113290,107604,102020,96251
infected{4},3,3,3,5,5,6,11,15,20,22,36,43,55,76,107,133,178,228,306,398,499,633,848,1120,1413,1804,2293,2935,3800,4929,6291,8016,10069,12784,16299,20591,25676,31709,38766,46839,55759,65820,76174,86548,96785,106781,114991,122043,127496,131402,133394,133801,132759,130553,127227,123335,118508,113295,108065,102317
infected{5},3,6,8,10,11,14,19,31,38,53,77,89,112,142,171,220,300,405,532,664,846,1101,1425,1834,2372,3008,3823,4904,6354,8183,10385,13039,16409,20479,25461,31596,38616,46894,56142,65766,76379,86733,96912,106356,114918,121837,127452,131162,133243,133544,132693,130447,126898,122731,118043,112790,107374,101651,95766,89946
infected{6},3,3,4,5,6,6,9,12,16,21,26,36,50,68,84,112,151,202,258,317,410,516,718,925,1173,1449,1869,2437,3113,3987,5028,6505,8206,10371,13093,16656,20984,26170,32302,39507,47820,57088,67160,77384,87778,98079,107257,115703,122485,127618,130940,133126,133119,131706,129340,125894,121886,116909,112129,106464
infected{7},3,3,3,6,7,9,9,18,20,30,39,59,65,84,116,152,189,256,326,417,538,701,923,1192,1529,1944,2475,3138,4111,5213,6627,8451,10750,13493,17042,21310,26780,32877,40283,48774,58054,67874,78017,88333,98215,107858,115987,122645,128027,131121,132700,132993,131871,129937,126583,122724,118154,112849,107172,101302
infected{8},3,3,2,3,3,5,7,7,10,16,25,27,35,49,63,87,116,136,183,222,294,368,478,610,768,1005,1254,1646,2145,2720,3537,4585,5960,7517,9556,12136,15320,19381,24072,29729,36478,44411,53209,62733,73147,83709,94211,104155,112540,120470,126208,130400,132970,133778,133273,131121,128278,124576,119706,114599
infected{9},3,4,5,4,7,13,16,24,33,43,60,81,106,134,172,208,286,375,492,616,810,1048,1327,1733,2191,2844,3667,4719,5939,7536,9583,12111,15303,19318,24100,29969,36608,44511,53253,63089,73538,83743,94333,104170,112498,119901,126166,130464,132770,133700,133268,131504,128472,124720,120108,115192,109545,103725,97987,92339
asymptomatic{0},3,3,3,5,7,7,9,14,15,24,32,37,49,60,73,102,135,181,239,301,381,474,607,777,999,1272,1657,2127,2729,3445,4423,5636,7123,8959,11207,13969,16972,20844,24819,29329,33928,38770,43319,47563,51393,54661,56879,58555,59524,59812,59479,58521,57043,55451,53367,51142,48646,46111,43567,40905
asymptomatic{1},3,3,3,6,6,8,10,12,16,20,30,33,39,50,67,86,114,134,182,245,294,412,537,700,885,1158,1476,1901,2422,3095,3915,4971,6356,7962,9903,12274,15247,18400,22276,26540,31099,35883,40424,44926,49144,52875,55737,57792,59260,59850,59923,59214,57970,56364,54431,52240,49842,47396,44748,42148
asymptomatic{2},3,3,3,4,7,9,10,13,15,16,27,33,42,58,75,105,140,184,268,344,436,553,703,890,1154,1492,1924,2412,3043,3889,5001,6318,8079,10059,12478,15269,18438,22242,26260,30922,35670,40323,44670,49044,52631,55617,57949,59430,60082,60058,59357,58251,56557,54567,52211,49775,47410,44752,42241,39754
asymptomatic{3},3,2,3,4,5,6,11,14,19,25,24,30,43,48,65,78,115,151,181,221,300,399,509,645,844,1068,1370,1715,2207,2821,3559,4543,5771,7424,9328,11621,14498,17715,21396,25612,30136,34792,39467,44091,48485,51979,55201,57727,59082,59917,60041,59450,58322,56923,55184,53032,50766,48260,45726,43150
asymptomatic{4},3,3,2,4,4,4,5,7,9,11,18,23,28,38,52,64,88,109,152,183,228,269,366,481,593,796,1010,1311,1682,2174,2776,3520,4444,5708,7309,9155,11432,14169,17451,21095,25012,29524,34252,39029,43657,48353,51981,55107,57528,59401,60253,60375,59871,58846,57402,55633,53357,51014,48556,46150
asymptomatic{5},3,5,6,8,9,10,12,17,18,28,36,42,50,65,75,101,140,192,249,304,389,501,640,798,1040,1328,1709,2201,2838,3694,4650,5821,7320,9126,11331,14187,17349,21054,25211,29620,34412,39074,43715,47932,51743,55024,57470,59284,60222,60404,60021,58983,57496,55577,53471,51184,48855,46137,43538,40879
asymptomatic{6},3,3,3,4,5,5,4,6,8,9,12,16,25,35,44,54,70,93,117,144,186,240,328,418,521,656,854,1099,1393,1798,2295,2916,3697,4710,5912,7529,9472,11733,14534,17739,21450,25863,30323,34886,39394,44026,48144,51966,55067,57421,59014,59954,59953,59211,58226,56707,54861,52725,50604,48050
asymptomatic{7},3,3,3,4,3,4,4,11,12,19,24,35,35,39,48,59,75,102,130,172,236,303,408,512,648,841,1099,1405,1883,2378,3006,3780,4766,5986,7556,9463,11883,14612,18013,21836,26014,30477,35058,39695,44038,48338,51958,54835,57291,58681,59402,59633,59024,58251,56801,54937,53026,50605,48093,45474
asymptomatic{8},3,3,2,3,3,4,4,4,6,9,12,14,17,22,29,38,55,68,85,106,138,172,221,284,350,460,570,734,967,1200,1602,2066,2651,3352,4299,5491,6855,8725,10897,13526,16571,20185,24132,28352,33058,37736,42412,46919,50764,54290,56916,58780,59915,60280,60112,59181,57949,56250,54019,51729
asymptomatic{9},3,4,5,4,5,8,8,10,13,20,27,36,47,59,79,97,125,174,217,275,352,469,588,752,947,1218,1599,2068,2626,3362,4265,5407,6852,8679,10777,13452,16492,20119,23947,28325,33011,37757,42576,46835,50513,53704,56586,58556,59711,60212,59907,59226,57895,56163,54114,51835,49318,46755,44119,41503
symptomatic{0},0,1,0,4,4,4,9,14,12,13,22,22,32,33,49,60,78,105,140,150,207,255,331,414,553,719,927,1199,1531,1913,2450,3119,3916,4923,5865,7219,8697,10375,12196,13903,15526,16943,18253,19106,19496,19674,19277,18414,17216,15943,14671,13188,11854,10572,9319,8007,6950,6044,5261,4521
symptomatic{1},0,0,2,2,3,4,5,9,12,11,12,20,30,25,32,49,58,83,102,133,180,217,301,381,514,590,746,994,1276,1662,2104,2599,3388,4290,5281,6440,7762,9579,11206,12979,14634,16171,17558,18645,19539,19561,19297,18533,17692,16643,15434,13893,12655,11308,10040,8786,7565,6602,5616,4896
symptomatic{2},0,0,1,1,4,2,6,7,10,12,15,27,36,45,46,61,88,99,130,175,235,296,388,491,649,815,1010,1279,1622,2152,2665,3406,4290,5244,6386,7882,9458,11118,12972,14591,16120,17510,18748,19283,19754,19497,18818,18001,16676,15643,14117,12825,11269,9940,8793,7735,6686,5790,5023,4300
symptomatic{3},0,1,2,3,4,5,6,10,9,11,16,23,26,39,43,49,56,76,99,127,159,209,293,368,448,593,746,965,1231,1570,2035,2555,3256,4055,4988,6113,7419,9077,10824,12564,14147,15914,17303,18335,19140,19530,19419,18978,18011,16959,15744,14342,13055,11734,10389,9122,7896,6908,6002,5174
symptomatic{4},0,0,0,0,0,1,3,3,5,5,10,7,11,17,25,33,44,54,74,95,120,155,220,297,378,442,549,718,972,1292,1600,2044,2493,3102,3970,5037,6140,7404,8829,10464,12252,14028,15519,16894,18197,18951,19217,19344,18864,18083,16970,15726,14402,12929,11586,10409,9140,7978,6986,5926
symptomatic{5},0,1,0,0,0,2,4,11,11,8,20,22,25,34,43,52,77,103,128,161,206,266,358,476,598,738,941,1236,1580,1967,2479,3148,3932,4940,6010,7287,8860,10657,12409,13972,15673,17118,18207,19005,19575,19281,19005,18143,17000,15698,14304,13040,11498,10254,9072,7815,6819,5896,5179,4466
symptomatic{6},0,0,1,0,0,0,4,5,3,7,8,12,15,18,20,24,40,53,62,73,95,120,175,234,310,359,473,628,769,946,1189,1619,1944,2481,3185,4006,5044,6316,7577,9141,10853,12439,14380,15940,17474,18668,19252,19562,19257,18695,17953,16912,15592,14301,12900,11445,10129,8885,7835,6866
symptomatic{7},0,0,0,2,4,3,3,4,4,6,9,16,14,23,39,48,48,70,94,113,135,184,229,313,379,484,617,763,972,1266,1641,2080,2742,3327,4121,5112,6351,7709,9275,10916,12676,14392,15936,17287,18425,19304,19784,19335,18921,18042,16913,15417,14083,12798,11410,10236,8980,7789,6824,5961
symptomatic{8},0,0,0,0,0,1,1,1,1,4,7,6,7,13,16,25,29,29,36,34,59,82,114,143,179,240,315,430,559,719,863,1156,1527,1829,2294,2857,3767,4616,5681,6887,8269,9939,11675,13358,15208,16907,18206,19018,19252,19421,18962,18327,17471,16177,14766,13279,12042,10719,9194,8226
symptomatic{9},0,0,0,0,1,3,5,9,15,14,17,26,33,36,44,49,75,89,131,148,205,255,328,432,555,743,946,1170,1454,1838,2321,2931,3675,4637,5768,7005,8341,9971,11772,13562,15428,16686,18040,19049,19504,19779,19443,18691,17379,16195,14855,13411,12053,10828,9394,8290,7130,6260,5481,4765
hospitalized{0},0,0,0,0,1,2,1,1,6,7,8,10,14,20,21,23,34,32,56,82,74,106,126,158,195,240,305,428,535,687,877,1086,1360,1689,2180,2653,3236,3901,4628,5319,6195,6899,7607,7786,8297,8462,8608,8477,8227,7677,7147,6632,5912,5239,4710,4155,3644,3202,2728,2416
hospitalized{1},0,0,0,1,1,0,4,4,4,5,4,5,4,11,8,17,27,26,28,54,60,71,85,108,165,238,295,348,449,575,746,972,1273,1548,1914,2416,2930,3355,4059,4903,5611,6347,7019,7590,7995,8470,8558,8469,8077,7678,7208,6802,6128,5453,4975,4474,3825,3445,2957,2570
hospitalized{2},0,0,0,1,1,1,2,5,2,3,5,5,7,11,26,23,37,52,41,59,70,103,146,169,230,295,356,441,580,730,927,1186,1487,1878,2349,2806,3505,4275,4976,5785,6649,7151,7489,8100,8337,8400,8650,8278,7944,7198,6841,6256,5610,4994,4414,3914,3412,2973,2551,2189
hospitalized{3},0,0,0,0,1,0,0,2,4,4,5,4,9,13,18,25,25,30,42,41,57,72,101,125,146,189,251,341,430,562,716,870,1098,1379,1779,2205,2740,3171,3952,4772,5519,6329,6931,7500,8030,8307,8559,8530,8373,7925,7418,6959,6270,5716,5192,4529,4078,3504,3084,2693
hospitalized{4},0,0,1,0,0,0,1,2,1,1,1,4,2,7,8,8,12,17,22,38,44,69,80,94,140,161,223,244,320,400,585,701,890,1143,1399,1716,2211,2688,3235,3855,4610,5542,6293,6965,7544,7951,8448,8418,8378,8227,7895,7468,6971,6450,5810,5038,4557,4079,3556,3122
hospitalized{5},0,0,2,2,1,1,1,0,7,7,7,8,11,9,12,14,18,38,51,58,73,90,114,155,225,255,297,405,587,709,916,1132,1436,1736,2190,2709,3194,3850,4681,5435,6186,6774,7551,8022,8229,8378,8351,8134,7889,7373,6986,6298,5814,5121,4524,3993,3429,3081,2545,2264
hospitalized{6},0,0,0,1,0,0,0,0,4,2,2,3,6,6,6,12,16,17,26,28,33,38,59,77,83,115,145,193,296,365,414,539,735,877,1116,1433,1789,2277,2797,3379,4021,4680,5463,6201,6876,7558,8163,8457,8556,8428,8157,7876,7479,6784,6290,5778,5142,4539,3998,3474
hospitalized{7},0,0,0,0,0,1,0,1,1,0,2,1,6,4,6,15,20,24,24,36,50,59,86,93,138,171,215,293,343,433,550,736,894,1153,1496,1844,2374,2723,3398,4106,4873,5676,6259,7127,7536,8005,8237,8569,8452,8188,7892,7479,6805,6260,5677,5167,4532,4027,3502,3029
hospitalized{8},0,0,0,0,0,0,1,1,2,1,3,3,6,2,4,6,5,9,21,22,21,26,41,49,70,81,95,143,181,236,334,412,545,682,830,1036,1257,1711,1975,2464,3060,3681,4393,5127,5887,6557,7185,7989,8361,8593,8554,8338,7934,7505,6981,6428,5793,5365,4760,4128
hospitalized{9},0,0,0,0,0,0,1,3,2,6,10,7,8,16,19,19,29,35,39,52,78,107,118,168,196,252,332,446,542,637,813,1041,1335,1652,2002,2513,3103,3694,4405,5224,5934,6789,7350,7936,8302,8462,8507,8432,8149,7742,7365,6550,5927,5291,4783,4180,3674,3148,2791,2462
critical{0},0,0,0,0,1,1,3,3,3,9,11,17,24,35,45,62,75,95,114,154,213,251,332,406,517,642,796,996,1311,1705,2145,2766,3518,4461,5634,7096,8865,10990,13544,16390,19677,23207,26945,31035,34745,38639,42019,45273,47916,50005,51320,52277,52527,52406,51674,50681,49145,47328,45442,43315
critical{1},0,0,0,0,0,1,1,2,5,9,12,16,19,24,38,42,58,77,94,110,135,182,236,300,384,501,663,860,1113,1423,1860,2382,3019,3880,5009,6282,7943,9748,11933,14372,17486,20903,24612,28486,32342,36283,40072,43462,46394,48646,50409,51587,52330,52319,51794,51006,49898,48323,46518,44500
critical{2},0,0,0,0,0,1,1,1,5,7,12,16,20,25,30,42,53,85,118,147,204,249,315,411,536,711,938,1198,1489,1881,2414,3095,3967,5013,6295,7813,9674,12020,14761,17902,21368,25219,28937,32873,36727,40380,43496,46531,48906,50713,51868,52313,52533,52164,51246,50016,48473,46639,44609,42495
critical{3},0,0,0,1,1,2,2,3,5,10,13,18,23,31,34,42,65,84,103,126,151,188,234,328,438,544,694,918,1149,1434,1826,2331,3015,3767,4836,6084,7473,9276,11404,13920,16894,20329,24121,27884,31876,35850,39568,42906,45984,48640,50606,51886,52756,52805,52448,51705,50550,48932,47208,45234
critical{4},0,0,0,1,1,1,2,3,5,5,7,9,14,14,22,28,34,48,58,82,107,140,182,248,302,405,511,662,826,1063,1330,1751,2242,2831,3621,4683,5893,7448,9251,11425,13885,16726,20110,23660,27387,31526,35345,39174,42726,45691,48276,50232,51515,52328,52429,52255,51454,50224,48967,47119
critical{5},0,0,0,0,1,1,2,3,2,10,14,17,26,34,41,53,65,72,104,141,178,244,313,405,509,687,876,1062,1349,1813,2340,2938,3721,4677,5930,7413,9213,11333,13841,16739,20108,23767,27439,31397,35371,39154,42626,45601,48132,50069,51382,52126,52090,51779,50976,49798,48271,46537,44504,42337
critical{6},0,0,0,0,1,1,1,1,1,3,4,5,4,9,14,22,25,39,53,72,96,118,156,196,259,319,397,517,655,878,1130,1431,1830,2303,2880,3688,4679,5844,7394,9248,11496,14106,16994,20357,24034,27827,31698,35718,39605,43074,45816,48384,50095,51410,51924,51964,51754,50760,49692,48074
critical{7},0,0,0,0,0,1,2,2,3,5,4,7,10,18,23,30,46,60,78,96,117,155,200,274,364,448,544,677,913,1136,1430,1855,2348,3027,3869,4891,6172,7833,9597,11916,14491,17329,20764,24224,28216,32211,36008,39906,43363,46210,48493,50464,51959,52628,52695,52384,51616,50428,48753,46838
critical{8},0,0,0,0,0,0,1,1,1,2,3,4,5,12,14,18,27,30,41,60,76,88,102,134,169,224,274,339,438,565,738,951,1237,1654,2133,2752,3441,4329,5519,6852,8578,10606,13009,15896,18994,22509,26408,30229,34163,38166,41776,44955,47650,49816,51414,52233,52494,52242,51733,50516
critical{9},0,0,0,0,1,2,2,2,3,3,6,12,18,23,30,43,57,77,105,141,175,217,293,381,493,631,790,1035,1317,1699,2184,2732,3441,4350,5553,6999,8672,10727,13129,15978,19165,22511,26367,30350,34179,37956,41630,44785,47531,49551,51141,52317,52597,52438,51817,50887,49423,47562,45596,43609
deaths{0},0,0,0,0,0,0,0,0,0,0,0,0,0,0,0,0,0,0,0,0,1,1,1,2,2,2,2,2,3,3,3,4,5,6,9,10,12,13,18,20,29,40,55,66,87,107,128,151,182,208,233,264,295,317,343,375,401,420,440,453
deaths{1},0,0,0,0,0,0,0,0,0,0,0,0,0,0,0,0,0,0,0,0,0,0,0,1,1,1,1,1,2,3,3,4,4,6,7,8,9,14,17,24,27,38,43,58,73,91,112,134,146,165,191,216,244,260,294,316,345,376,398,417
deaths{2},0,0,0,0,0,0,0,0,0,0,0,0,0,0,0,0,0,0,0,0,0,0,0,0,0,0,2,2,3,3,5,7,8,9,16,22,28,37,39,47,54,61,69,91,101,115,130,157,173,193,214,241,274,300,319,345,372,398,421,434
deaths{3},0,0,0,0,0,0,0,0,0,0,0,0,0,0,0,0,0,0,0,0,1,1,1,1,1,1,1,1,2,2,2,2,2,3,4,5,8,11,13,19,25,34,39,47,63,75,92,118,138,160,191,215,237,262,294,318,336,357,376,401
deaths{4},0,0,0,0,0,0,0,0,0,0,0,0,0,0,0,0,0,0,0,0,0,0,0,0,0,1,1,1,1,1,3,3,5,7,8,9,11,14,21,26,31,41,47,56,71,85,109,131,149,172,188,205,231,259,282,304,324,344,364,381
deaths{5},0,0,0,0,0,0,0,0,0,0,0,0,0,0,0,0,0,0,0,0,0,0,0,0,1,1,1,2,4,4,5,8,8,9,12,18,22,27,32,42,47,53,63,78,90,105,124,148,175,194,214,235,255,272,296,316,339,361,388,412
deaths{6},0,0,0,0,0,0,0,0,0,0,0,0,0,0,1,1,1,1,1,1,1,1,1,1,1,1,1,1,1,1,2,2,3,4,4,8,10,12,15,20,31,36,50,60,73,86,100,121,134,147,169,188,209,233,257,283,300,320,336,359
deaths{7},0,0,0,0,0,0,0,0,0,0,0,0,0,0,0,0,0,0,0,0,0,0,0,0,0,0,0,0,1,2,2,2,3,3,3,8,13,16,20,25,33,47,55,65,82,101,122,138,153,176,198,220,250,273,293,312,334,354,377,398
deaths{8},0,0,0,0,0,0,0,0,0,0,0,0,0,0,0,0,0,0,0,0,0,0,0,0,0,0,0,1,1,1,2,5,7,7,9,10,12,12,15,17,19,24,28,35,43,55,62,69,83,96,112,138,159,181,193,219,242,267,297,325
deaths{9},0,0,0,0,0,0,0,0,0,0,0,0,0,0,0,0,0,0,0,0,0,0,1,1,1,2,2,2,3,3,5,5,5,10,10,17,19,25,29,34,44,47,61,68,83,103,129,142,166,193,209,227,251,273,297,327,353,383,404,427
recovered{0},0,0,1,1,1,3,5,8,9,11,17,27,38,59,73,93,113,154,193,240,327,434,543,706,910,1180,1503,1916,2432,3084,3899,4937,6351,8134,10385,12979,16232,20319,25242,31050,37740,45346,54084,64094,74624,86301,98591,111020,123751,136503,149392,162237,174800,186769,198589,209865,220726,230998,240705,249931
recovered{1},0,0,0,0,1,2,3,4,7,11,13,17,32,44,52,62,80,108,148,191,255,317,402,547,712,930,1207,1559,1994,2593,3342,4337,5486,7059,9053,11452,14453,18172,22522,27761,33991,41165,49281,58612,68513,79362,91354,103450,116121,128958,141726,154994,167290,180108,192037,203461,214530,224902,235256,244680
recovered{2},0,0,0,0,0,3,6,7,11,13,16,21,29,38,54,70,94,122,164,220,297,403,535,730,952,1243,1582,2067,2642,3436,4430,5605,7099,9079,11358,14393,18169,22532,27695,33829,41143,49367,58650,68592,79947,91577,103178,116194,128975,141803,154561,167208,180046,191667,203782,214546,225072,235234,244659,253528
recovered{3},0,1,1,1,1,2,2,4,6,9,17,25,31,40,59,75,88,115,153,206,260,343,429,545,704,930,1198,1536,1979,2510,3206,4087,5196,6678,8389,10585,13373,16688,20961,25980,31835,38869,47014,55801,65831,76377,88134,100083,112400,125240,138122,151302,163884,176274,188252,200026,211047,222019,231929,241495
recovered{4},0,0,1,1,3,3,5,5,5,8,8,11,15,20,25,37,54,72,89,120,154,209,280,364,499,661,864,1114,1432,1841,2410,3101,3973,5076,6418,8202,10348,13082,16396,20537,25485,31506,38400,46189,55103,64930,75348,86907,99296,111664,124082,137201,150279,162912,175702,187806,199529,210762,221116,231478
recovered{5},0,0,0,0,0,2,3,4,12,16,21,32,48,55,75,91,116,153,193,261,332,423,538,699,894,1160,1502,1950,2444,3109,3988,5154,6634,8516,10661,13434,16751,20852,25863,31772,38538,46636,55220,64928,75566,86986,99115,111619,124697,137602,150293,163362,176326,188554,200016,211306,221824,232067,241891,250945
recovered{6},0,0,0,0,0,2,4,4,6,10,11,13,22,25,35,48,63,79,97,129,164,211,262,342,439,587,751,972,1230,1583,2030,2576,3279,4212,5361,6803,8563,10840,13657,17145,21302,26505,32355,39573,47690,56600,66454,77356,89084,101264,113594,126458,138933,152522,164968,177530,189413,201518,212202,223063
recovered{7},0,0,0,0,2,2,3,3,6,12,18,23,33,40,52,61,80,105,130,171,224,272,349,451,558,739,972,1273,1628,2101,2704,3391,4271,5498,6906,8698,11038,13961,17538,21851,26891,33041,40040,48167,57149,67389,78027,89574,101584,114342,126716,139496,152753,164994,177445,189269,200768,211917,222758,232943
recovered{8},0,0,2,3,3,3,3,3,3,3,3,6,8,12,20,27,35,46,63,84,110,143,178,237,317,391,518,651,828,1064,1354,1730,2229,2889,3705,4748,6124,7797,9898,12489,15681,19564,24262,29884,36388,44084,52621,62350,72515,84078,95720,108409,120792,133677,146718,159733,172320,184365,196495,208034
recovered{9},0,0,1,4,5,6,7,8,13,17,26,34,41,51,60,80,98,133,175,226,291,389,506,651,855,1091,1388,1798,2326,2989,3790,4789,6062,7752,9852,12410,15695,19542,24208,29873,36432,43812,52573,62238,72449,83578,95727,108318,121144,133872,146556,159553,171811,184472,196159,207393,218334,228956,238843,247856
asymp_cumul{0},3,3,3,5,7,8,12,18,19,28,39,47,65,86,102,140,183,247,327,410,530,667,844,1083,1390,1768,2288,2952,3782,4824,6178,7853,9977,12603,15852,19784,24272,29944,36156,43216,50861,59088,67614,76289,84857,93451,101218,108514,115208,121165,126608,131491,135619,139377,142645,145488,147850,149977,151801,153365
asymp_cumul{1},3,3,3,6,7,10,13,16,21,26,36,39,54,69,89,114,150,181,245,327,407,550,709,930,1189,1560,2007,2596,3306,4253,5409,6935,8830,11163,14038,17458,21799,26615,32408,39041,46386,54415,62687,71352,79994,88581,96810,104322,111460,117902,123671,128898,133302,137457,140938,143899,146474,148696,150753,152362
asymp_cumul{2},3,3,3,4,7,11,14,18,21,23,35,43,55,74,94,129,175,233,333,431,555,719,941,1216,1587,2059,2645,3366,4264,5468,6997,8858,11277,14146,17555,21741,26625,32458,38862,46284,54327,62642,71115,79973,88728,96864,104344,111688,118019,123811,128827,133384,137535,140813,143936,146387,148738,150684,152336,153788
asymp_cumul{3},3,3,4,5,6,7,12,17,23,30,34,45,60,70,94,112,155,204,254,317,417,548,703,892,1161,1491,1905,2417,3105,3963,5012,6385,8135,10434,13117,16376,20464,25134,30776,37254,44423,52309,60681,69263,78187,86483,94943,102787,109779,116517,122526,127871,132415,136516,140122,143266,145937,148326,150262,151992
asymp_cumul{4},3,3,3,5,6,6,8,10,12,16,23,31,39,49,64,81,110,141,189,240,299,364,490,642,814,1087,1385,1800,2312,2978,3827,4898,6196,7934,10113,12797,16055,20045,24755,30284,36461,43646,51436,59722,68279,77410,85817,94132,102130,109557,116026,122060,127450,132232,136455,140093,143163,145857,148122,150221
asymp_cumul{5},3,5,6,8,9,10,13,19,23,34,45,55,70,88,111,145,197,262,336,420,535,687,880,1117,1438,1847,2374,3050,3908,5056,6422,8113,10279,12910,16074,20161,24837,30439,36866,43901,51756,60018,68511,77080,85757,94109,102081,109487,116367,122318,127663,132526,136873,140450,143497,146257,148611,150668,152441,153865
asymp_cumul{6},3,3,3,4,5,7,8,10,13,17,21,26,37,49,64,82,104,136,169,211,269,344,456,586,739,941,1209,1556,1965,2537,3222,4072,5193,6615,8330,10624,13366,16633,20677,25468,31037,37758,44855,52693,60869,69513,78105,86882,95292,103107,110152,116886,122453,127838,132395,136482,140006,143239,145896,148233
asymp_cumul{7},3,3,3,4,5,6,7,14,17,27,35,48,55,63,80,96,123,162,201,261,344,433,573,727,917,1189,1548,1993,2635,3344,4253,5335,6711,8502,10699,13409,16854,20880,25838,31635,38049,45251,52948,61213,69643,78592,86975,95088,102867,109940,116191,122111,127549,132240,136262,139795,142940,145565,147874,149809
asymp_cumul{8},3,3,4,5,5,6,6,6,8,11,14,17,21,29,39,51,74,90,119,150,195,240,303,390,496,644,813,1039,1347,1690,2219,2849,3657,4680,5975,7624,9628,12251,15355,19109,23638,28984,35047,41824,49481,57620,66207,75099,83481,92241,100143,107761,114414,120609,126381,131345,135677,139426,142760,145680
asymp_cumul{9},3,4,6,7,9,12,13,15,21,28,39,52,68,84,107,136,173,238,301,381,491,655,831,1058,1349,1730,2235,2885,3679,4701,5956,7551,9545,12103,15141,18953,23462,28817,34810,41721,49343,57413,66125,74780,83055,91322,99624,107168,114044,120259,125692,130832,134977,138945,142139,144977,147396,149553,151466,152969
asymp_det_cumul{0},0,0,0,0,0,0,0,0,0,0,0,0,0,0,0,0,0,0,0,0,0,0,0,0,0,0,0,0,0,0,0,0,0,0,0,0,0,0,0,0,0,0,0,0,0,0,0,0,0,0,0,0,0,0,0,0,0,0,0,0
asymp_det_cumul{1},0,0,0,0,0,0,0,0,0,0,0,0,0,0,0,0,0,0,0,0,0,0,0,0,0,0,0,0,0,0,0,0,0,0,0,0,0,0,0,0,0,0,0,0,0,0,0,0,0,0,0,0,0,0,0,0,0,0,0,0
asymp_det_cumul{2},0,0,0,0,0,0,0,0,0,0,0,0,0,0,0,0,0,0,0,0,0,0,0,0,0,0,0,0,0,0,0,0,0,0,0,0,0,0,0,0,0,0,0,0,0,0,0,0,0,0,0,0,0,0,0,0,0,0,0,0
asymp_det_cumul{3},0,0,0,0,0,0,0,0,0,0,0,0,0,0,0,0,0,0,0,0,0,0,0,0,0,0,0,0,0,0,0,0,0,0,0,0,0,0,0,0,0,0,0,0,0,0,0,0,0,0,0,0,0,0,0,0,0,0,0,0
asymp_det_cumul{4},0,0,0,0,0,0,0,0,0,0,0,0,0,0,0,0,0,0,0,0,0,0,0,0,0,0,0,0,0,0,0,0,0,0,0,0,0,0,0,0,0,0,0,0,0,0,0,0,0,0,0,0,0,0,0,0,0,0,0,0
asymp_det_cumul{5},0,0,0,0,0,0,0,0,0,0,0,0,0,0,0,0,0,0,0,0,0,0,0,0,0,0,0,0,0,0,0,0,0,0,0,0,0,0,0,0,0,0,0,0,0,0,0,0,0,0,0,0,0,0,0,0,0,0,0,0
asymp_det_cumul{6},0,0,0,0,0,0,0,0,0,0,0,0,0,0,0,0,0,0,0,0,0,0,0,0,0,0,0,0,0,0,0,0,0,0,0,0,0,0,0,0,0,0,0,0,0,0,0,0,0,0,0,0,0,0,0,0,0,0,0,0
asymp_det_cumul{7},0,0,0,0,0,0,0,0,0,0,0,0,0,0,0,0,0,0,0,0,0,0,0,0,0,0,0,0,0,0,0,0,0,0,0,0,0,0,0,0,0,0,0,0,0,0,0,0,0,0,0,0,0,0,0,0,0,0,0,0
asymp_det_cumul{8},0,0,0,0,0,0,0,0,0,0,0,0,0,0,0,0,0,0,0,0,0,0,0,0,0,0,0,0,0,0,0,0,0,0,0,0,0,0,0,0,0,0,0,0,0,0,0,0,0,0,0,0,0,0,0,0,0,0,0,0
asymp_det_cumul{9},0,0,0,0,0,0,0,0,0,0,0,0,0,0,0,0,0,0,0,0,0,0,0,0,0,0,0,0,0,0,0,0,0,0,0,0,0,0,0,0,0,0,0,0,0,0,0,0,0,0,0,0,0,0,0,0,0,0,0,0
symp_cumul{0},3,3,4,6,10,12,15,22,29,47,61,81,109,148,183,242,309,396,514,668,847,1073,1372,1743,2232,2840,3632,4644,5957,7545,9592,12212,15503,19605,24770,30892,38017,46967,56914,68221,80636,93944,107715,121818,135682,149380,161886,173517,183916,192852,200442,206961,212001,216256,219405,221872,223358,224193,224648,224560
symp_cumul{1},3,3,3,7,7,9,15,18,27,39,53,65,79,110,143,179,243,298,389,518,631,844,1088,1426,1843,2426,3111,3974,5096,6531,8372,10702,13664,17254,21751,27248,34030,41474,50675,61099,72927,85804,99116,113246,127217,141375,154760,166777,177798,187245,195709,203129,208630,213411,217024,219838,221808,223142,223872,224101
symp_cumul{2},3,3,3,5,8,12,15,21,27,32,52,65,85,116,166,216,289,394,526,683,888,1142,1461,1874,2439,3174,4081,5166,6536,8360,10781,13671,17442,21951,27419,33831,41627,50890,61129,73123,86227,99802,113370,127771,141646,154842,167008,178332,188143,196212,203371,209136,214042,217446,220247,221984,223411,224064,224386,224366
symp_cumul{3},3,2,3,5,7,9,14,20,30,43,49,62,89,110,147,186,253,327,406,498,652,854,1080,1397,1816,2309,2979,3809,4869,6187,7856,9991,12718,16241,20547,25745,32126,39442,48346,58661,70122,82836,96358,110151,124583,138084,151812,164304,175280,185282,193893,201391,207376,212387,216432,219376,221606,223006,223787,224131
symp_cumul{4},3,3,3,5,6,6,10,14,17,20,29,39,48,68,95,120,166,214,284,366,462,592,784,1026,1313,1733,2234,2843,3631,4675,6053,7698,9802,12539,15951,20123,25272,31525,39050,47749,57574,69217,81918,95206,109140,123788,137395,150712,163475,174999,184921,193796,201288,207409,212572,216576,219415,221580,222993,224179
symp_cumul{5},3,5,8,10,11,14,17,22,34,55,69,86,115,140,167,215,282,385,510,648,826,1072,1365,1738,2271,2912,3720,4771,6152,7967,10127,12761,16160,20280,25381,31787,39041,47731,57973,69327,81947,95360,109192,123209,136985,150562,163075,174583,184970,193728,201254,207461,212604,216430,219257,221524,222962,223652,223963,223851
symp_cumul{6},3,3,3,5,6,6,5,7,14,16,20,27,45,61,80,109,141,186,242,307,397,504,678,866,1085,1393,1793,2325,3003,3886,4944,6308,8048,10201,12855,16366,20619,25806,32254,39802,48713,59295,70653,83270,96592,110610,124598,138702,152221,164648,175612,185928,194169,201533,207496,212487,216325,219348,221540,222837
symp_cumul{7},3,3,3,4,3,6,6,14,17,28,37,53,64,77,97,128,173,231,291,386,519,659,878,1115,1439,1851,2381,3060,4016,5084,6445,8209,10337,13151,16687,20958,26509,32877,40741,49935,60267,71796,84286,97760,111416,125790,139335,152769,165267,176338,185912,194814,202266,208417,213450,217211,220362,222371,223702,224347
symp_cumul{8},3,3,2,4,4,5,7,7,10,13,19,24,32,41,57,76,103,131,176,228,288,361,460,598,760,972,1214,1563,2035,2576,3413,4381,5663,7256,9300,11904,14916,19048,23846,29765,36842,45261,54909,65822,77947,91057,104893,119376,133169,147272,159851,171639,181951,191130,199149,205630,211070,215313,218563,220781
symp_cumul{9},3,4,5,5,7,12,13,18,23,38,57,73,93,124,160,200,261,355,452,588,757,996,1263,1647,2090,2682,3475,4532,5761,7351,9366,11830,15002,19019,23830,29890,37011,45409,54855,66038,78254,91260,105378,119482,132984,146185,159541,171621,182368,191523,199393,206267,211399,215855,219145,221480,223024,224006,224406,224391
symp_det_cumul{0},0,0,0,0,1,2,5,7,9,9,15,19,21,26,31,43,55,70,88,122,143,182,233,304,401,502,659,865,1114,1372,1801,2309,2962,3720,4607,5758,7023,8664,10614,12655,15114,17547,20183,22739,25192,27683,29712,31494,33094,34232,34988,35460,35638,35568,35270,34818,34160,33370,32489,31610
symp_det_cumul{1},0,0,0,1,1,2,3,5,7,8,10,14,17,25,25,39,46,57,75,91,126,156,201,243,331,436,553,716,926,1198,1574,1946,2497,3182,4040,5105,6416,7838,9542,11534,13806,16224,18757,21506,24106,26621,28792,30623,32124,33437,34563,35280,35774,35825,35667,35225,34643,33952,33079,32206
symp_det_cumul{2},0,0,0,0,0,0,1,3,4,5,8,11,20,26,32,41,58,72,94,126,166,210,276,360,467,625,776,990,1262,1593,1989,2577,3249,4094,5085,6266,7769,9547,11587,13810,16177,18676,21266,23916,26447,28730,30663,32498,33694,34698,35283,35726,35842,35661,35163,34685,33927,33110,32163,31217
symp_det_cumul{3},0,0,1,2,2,3,4,7,9,10,12,18,23,31,35,37,51,68,85,100,127,166,207,272,343,434,548,712,904,1176,1509,1885,2358,2998,3822,4796,5921,7299,9013,10955,13060,15575,18111,20717,23336,25856,28115,30136,31912,33313,34442,35058,35519,35599,35384,35080,34605,33930,33188,32338
symp_det_cumul{4},0,0,0,0,0,0,0,1,3,5,7,8,10,15,21,25,35,44,54,74,100,138,165,211,276,359,454,559,715,945,1197,1522,1931,2450,3045,3840,4783,5996,7378,8952,10801,12977,15149,17529,19981,22617,25186,27501,29712,31618,33063,34058,34839,35287,35415,35309,35016,34385,33780,32911
symp_det_cumul{5},0,0,0,0,0,1,1,2,6,7,8,13,19,24,33,41,53,69,84,106,141,184,252,322,406,528,682,867,1107,1424,1834,2303,2946,3770,4687,5846,7196,8884,10822,12988,15351,17796,20242,22830,25311,27632,29721,31319,32941,33996,34732,35240,35279,35172,34793,34120,33433,32643,31769,30922
symp_det_cumul{6},0,0,0,0,0,0,0,1,1,2,6,8,8,12,15,22,25,32,42,51,63,91,123,163,204,250,330,431,530,700,892,1122,1465,1869,2355,2992,3830,4801,5940,7384,9058,10984,13020,15397,17967,20620,23223,25785,28184,30127,31769,33272,34253,35040,35431,35463,35311,34866,34361,33693
symp_det_cumul{7},0,0,0,0,0,1,2,4,5,5,5,6,9,12,22,26,35,51,67,83,107,143,171,215,281,352,447,569,733,952,1191,1527,1978,2558,3213,4055,5060,6229,7698,9254,11264,13475,15838,18203,20738,23414,25946,28327,30376,32103,33514,34524,35230,35718,35765,35652,35330,34758,33982,33147
symp_det_cumul{8},0,0,0,0,0,0,1,1,2,2,2,3,4,5,11,15,20,24,30,35,45,62,78,102,123,167,217,277,372,479,622,800,1045,1359,1739,2171,2793,3592,4471,5540,6860,8450,10177,12158,14472,16995,19701,22331,24662,27188,29430,31329,32938,34172,35011,35409,35535,35460,35106,34625
symp_det_cumul{9},0,0,0,0,0,1,1,2,5,8,11,18,21,29,34,42,56,75,92,111,148,190,247,330,395,509,654,843,1080,1344,1746,2200,2774,3506,4441,5570,6920,8420,10233,12395,14696,17126,19692,22358,24886,27212,29416,31404,32935,34077,34920,35480,35667,35626,35350,34845,34248,33403,32590,31737
hosp_cumul{0},0,0,1,1,3,5,6,7,13,21,24,35,48,69,86,112,141,171,229,303,385,490,625,791,1003,1257,1577,2017,2603,3314,4186,5356,6802,8629,10982,13753,17169,21295,26149,31699,38120,45068,52664,60556,68726,77205,85600,93730,101499,108515,114997,121097,126389,131153,135404,139238,142523,145275,147746,149845
hosp_cumul{1},0,0,0,1,1,1,5,6,10,16,20,26,32,47,62,77,108,137,167,219,272,348,442,573,764,1010,1307,1665,2154,2778,3594,4625,5915,7528,9614,12172,15276,18755,23084,28093,33986,40604,47747,55533,63497,72012,80671,88746,96502,103690,110486,117168,122716,127912,132409,136445,139974,143024,145770,148086
hosp_cumul{2},0,0,0,1,1,2,3,6,8,11,18,24,34,44,71,87,118,171,209,273,365,482,618,798,1040,1368,1768,2246,2845,3626,4678,5967,7613,9655,12160,15120,18914,23438,28516,34540,41360,48665,56155,64382,72758,81074,89151,97183,104646,111155,117608,123187,128595,133027,137210,140612,143720,146424,148737,150753
hosp_cumul{3},0,0,0,1,2,2,2,5,9,15,21,25,38,53,70,92,118,150,193,231,292,369,471,620,794,1013,1309,1706,2155,2730,3504,4442,5678,7196,9162,11539,14379,17692,21955,26949,32644,39199,46415,53884,62056,70176,78714,86826,94677,102198,109177,115804,121606,126837,131610,135770,139393,142580,145303,147681
hosp_cumul{4},0,0,1,1,1,1,4,6,7,8,10,15,19,27,39,50,66,89,111,154,199,275,354,456,593,771,997,1238,1578,2014,2643,3379,4329,5520,6988,8879,11216,14092,17533,21686,26526,32353,38836,45826,53408,61558,69756,78053,86510,94384,101823,108981,115529,121354,126737,131438,135620,139321,142498,145429
hosp_cumul{5},0,0,2,2,2,2,3,3,11,20,25,32,48,57,70,86,109,150,203,271,349,454,582,754,998,1284,1627,2067,2672,3449,4437,5614,7141,8986,11371,14276,17629,21704,26667,32280,38663,45761,53347,61365,69537,77866,86038,93965,101675,108612,115088,120948,126370,131003,135056,138790,141852,144647,146993,149068
hosp_cumul{6},0,0,0,1,1,1,1,1,5,6,7,9,13,19,26,41,57,76,108,139,179,221,293,374,472,611,768,997,1315,1700,2147,2744,3538,4451,5612,7169,9062,11469,14435,17999,22237,27210,32864,39426,46577,54177,62327,70739,79213,87393,94989,102682,109390,115981,121639,126988,131650,135812,139331,142440
hosp_cumul{7},0,0,0,0,0,2,2,3,4,8,12,15,23,30,38,57,79,107,133,173,225,284,377,489,654,831,1047,1349,1736,2199,2788,3606,4526,5814,7427,9350,11910,14841,18467,22868,27916,33725,40108,47276,54833,63112,71203,79822,87978,95869,103144,110227,116778,122443,127734,132348,136477,140110,143236,145918
hosp_cumul{8},0,0,0,0,0,0,2,2,3,3,6,9,14,17,24,32,42,54,81,110,131,157,198,258,340,428,530,687,883,1134,1489,1910,2482,3218,4083,5228,6563,8419,10559,13224,16516,20411,25065,30495,36574,43520,51027,59197,67297,75901,83991,92083,99529,106709,113412,119442,124885,129740,134229,137920
hosp_cumul{9},0,0,0,0,1,2,3,6,8,14,22,26,34,49,63,83,114,150,195,256,337,443,563,742,939,1203,1536,2023,2571,3263,4175,5249,6663,8426,10595,13333,16671,20562,25163,30704,36917,43663,51183,59263,67269,75411,83992,92248,100050,107102,113853,120036,125276,130289,134603,138380,141691,144556,147040,149165
hosp_det_cumul{0},0,0,1,1,2,3,4,5,6,14,17,27,33,48,58,77,94,111,150,186,235,303,374,476,603,754,949,1211,1570,2011,2540,3307,4179,5294,6747,8436,10533,13102,16122,19684,23876,28432,33486,38887,44241,50066,55850,61514,67010,72017,76665,81070,84863,88389,91582,94403,96819,98847,100690,102272
hosp_det_cumul{1},0,0,0,0,0,0,3,4,6,7,10,15,15,21,34,43,63,79,99,129,167,208,262,331,456,603,803,1000,1296,1672,2196,2809,3591,4580,5832,7455,9385,11618,14339,17527,21325,25677,30328,35524,40814,46609,52453,58169,63622,68664,73555,78339,82449,86219,89514,92522,95216,97446,99452,101197
hosp_det_cumul{2},0,0,0,0,1,1,3,4,6,8,11,14,22,28,43,56,71,99,129,167,217,288,389,485,645,827,1076,1363,1735,2204,2815,3611,4595,5852,7341,9212,11512,14457,17685,21542,25897,30773,35687,41190,46936,52555,58066,63831,69171,73784,78381,82473,86457,89705,92779,95262,97560,99593,101312,102814
hosp_det_cumul{3},0,0,0,1,2,2,2,4,5,9,14,16,26,36,52,65,80,96,123,152,190,245,305,387,495,614,784,1005,1304,1672,2144,2699,3421,4344,5571,7038,8790,10850,13533,16645,20256,24508,29193,34159,39638,45048,50862,56478,62002,67371,72402,77232,81439,85268,88755,91780,94512,96950,99043,100810
hosp_det_cumul{4},0,0,1,1,1,1,1,1,2,4,5,9,10,15,21,28,34,53,66,88,121,167,210,275,350,456,592,748,935,1202,1574,2042,2622,3372,4286,5419,6817,8591,10739,13293,16347,20047,24280,28825,33838,39249,44718,50404,56254,61765,66983,72035,76764,80954,84882,88313,91369,94019,96393,98617
hosp_det_cumul{5},0,0,2,2,2,2,2,2,5,10,16,19,27,31,40,53,65,94,120,162,211,268,338,437,596,781,984,1225,1579,2070,2648,3373,4258,5436,6891,8749,10861,13379,16457,20112,24214,28802,33724,39020,44606,50279,55887,61352,66868,71728,76427,80656,84673,88073,91042,93761,96085,98169,99928,101445
hosp_det_cumul{6},0,0,0,0,0,0,0,0,4,5,5,8,10,13,16,24,31,42,65,84,103,130,170,221,280,363,449,578,778,997,1273,1615,2138,2689,3407,4345,5489,6897,8754,10915,13512,16635,20293,24411,28988,34015,39504,45135,50941,56576,61973,67384,72033,76783,80855,84748,88220,91251,93800,96160
hosp_det_cumul{7},0,0,0,0,0,0,1,2,3,4,5,9,12,14,17,29,43,57,75,98,134,166,230,294,385,500,634,833,1051,1331,1702,2180,2764,3554,4525,5735,7316,9195,11389,14099,17294,21004,25248,29885,34887,40491,46038,51835,57572,63086,68291,73239,78015,82084,86002,89427,92423,95184,97506,99530
hosp_det_cumul{8},0,0,0,0,0,0,0,0,2,2,5,6,10,11,15,21,28,35,49,67,77,94,120,158,208,264,329,414,533,676,885,1139,1449,1916,2488,3166,4007,5119,6488,8102,10132,12591,15438,18873,22787,27322,32129,37622,43037,48880,54502,60236,65487,70545,75297,79649,83606,87116,90467,93191
hosp_det_cumul{9},0,0,0,0,0,1,2,4,5,12,16,20,25,32,44,52,71,90,121,160,210,275,350,453,572,727,937,1216,1571,2010,2547,3218,4087,5206,6480,8194,10280,12739,15618,19099,23106,27456,32421,37830,43269,48812,54715,60413,66013,71051,75953,80551,84368,88050,91177,93933,96398,98568,100422,101972
crit_cumul{0},0,0,0,0,1,1,3,4,5,12,14,22,30,44,60,81,98,127,155,202,281,348,455,575,730,915,1144,1428,1847,2369,2978,3843,4884,6243,7927,10004,12568,15713,19398,23779,28766,34384,40588,47558,54406,61895,69309,76766,83963,90775,97095,103096,108508,113404,117709,121672,125041,127904,130562,132726
crit_cumul{1},0,0,0,0,0,1,1,2,5,9,13,18,23,31,47,53,72,96,120,143,185,247,316,411,532,689,901,1167,1508,1955,2533,3257,4160,5372,6916,8754,11094,13825,17077,20809,25470,30783,36612,43099,49916,57188,64879,72180,79518,86326,92824,99198,104835,110127,114612,118725,122444,125509,128408,130838
crit_cumul{2},0,0,0,0,0,1,1,1,5,7,12,17,23,29,39,56,70,106,152,195,268,342,427,565,730,964,1266,1619,2046,2622,3385,4305,5526,7021,8848,11093,13875,17279,21221,25918,31292,37444,43886,50771,58092,65550,72583,80131,87166,93715,99847,105388,110867,115389,119731,123229,126509,129321,131772,133912
crit_cumul{3},0,0,0,1,1,2,2,3,5,11,16,21,27,37,47,60,85,111,137,171,210,263,328,442,588,746,953,1232,1559,1962,2525,3230,4153,5251,6688,8434,10492,13113,16241,20010,24458,29652,35578,41814,48676,55759,63233,70579,77831,85017,91793,98197,104060,109215,113950,118256,121913,125318,128155,130642
crit_cumul{4},0,0,0,1,1,1,2,3,5,6,8,10,15,17,27,37,46,62,76,102,136,180,241,322,407,545,694,896,1132,1462,1868,2427,3115,3959,5035,6455,8113,10272,12871,16053,19715,24110,29279,34960,41273,48240,55209,62677,70323,77502,84467,91307,97607,103337,108737,113634,117862,121618,124974,127998
crit_cumul{5},0,0,0,0,1,1,2,3,3,11,15,21,32,43,52,66,84,103,141,192,249,330,426,547,706,933,1209,1501,1885,2488,3201,4074,5181,6563,8309,10446,13007,16093,19818,24204,29264,35085,41241,48039,55235,62599,70001,77301,84472,91113,97284,103183,108495,113292,117458,121293,124568,127422,129998,132106
crit_cumul{6},0,0,0,0,1,1,1,1,1,4,5,6,7,13,20,29,39,57,77,102,136,166,211,267,349,445,561,725,918,1198,1551,1967,2515,3212,4046,5191,6575,8295,10498,13186,16419,20306,24708,29935,35748,41988,48781,56065,63593,71091,78175,85340,91687,98227,103728,108974,113745,118019,121669,124953
crit_cumul{7},0,0,0,0,0,1,2,2,3,6,6,10,13,22,27,36,53,74,99,124,156,204,265,358,467,593,749,953,1253,1588,2005,2569,3253,4190,5346,6769,8610,10949,13573,16907,20758,25265,30530,36150,42590,49591,56670,64140,71638,78982,85751,92533,99067,104675,109989,114610,118900,122622,125900,128730
crit_cumul{8},0,0,0,0,0,0,1,1,1,2,3,5,6,13,16,20,31,38,53,78,98,115,138,185,239,312,389,485,622,797,1031,1335,1730,2279,2922,3764,4771,6031,7726,9670,12111,15075,18649,22916,27696,33355,39528,46134,53083,60613,68006,75511,82557,89454,95975,101920,107408,112179,116789,120676
crit_cumul{9},0,0,0,0,1,2,2,2,5,5,8,14,20,27,36,52,69,97,135,177,229,299,395,516,675,864,1091,1423,1833,2368,3026,3795,4789,6074,7697,9705,12175,15150,18668,22946,27878,33185,39466,46170,53030,60244,67907,75393,82691,89384,95795,102115,107390,112478,116797,120729,124207,127263,129829,132056
crit_det_cumul{0},0,0,0,0,0,0,1,2,3,7,9,16,22,28,42,54,65,84,103,131,176,216,278,350,437,559,695,871,1126,1457,1831,2387,3047,3847,4887,6129,7725,9634,11977,14741,17948,21596,25694,30349,34938,40014,45039,50139,55193,59962,64537,68817,72716,76243,79402,82332,84822,86940,88913,90534
crit_det_cumul{1},0,0,0,0,0,0,0,1,3,4,5,9,11,14,26,31,43,58,73,85,115,152,195,242,322,420,554,707,919,1197,1546,1995,2527,3284,4228,5332,6791,8551,10608,12941,15930,19409,23213,27494,32034,36895,42065,47069,52200,56963,61561,66134,70212,74068,77325,80341,83122,85371,87493,89313
crit_det_cumul{2},0,0,0,0,0,1,1,1,3,5,8,10,15,18,25,36,43,64,95,121,161,208,267,352,460,592,787,1000,1254,1612,2056,2588,3339,4256,5355,6710,8422,10566,13094,16054,19490,23482,27723,32228,37132,42148,46912,52200,57071,61787,66090,70080,74106,77414,80637,83157,85614,87668,89526,91100
crit_det_cumul{3},0,0,0,1,1,2,2,3,4,7,12,14,20,25,33,40,56,72,89,115,143,184,226,289,371,461,589,758,960,1214,1557,1979,2519,3190,4072,5138,6389,8009,10004,12334,15108,18424,22275,26387,30901,35599,40607,45602,50721,55760,60524,65150,69402,73121,76572,79732,82447,85003,87133,88990
crit_det_cumul{4},0,0,0,1,1,1,1,1,2,3,4,5,9,10,15,21,27,37,45,58,80,110,151,195,244,321,412,531,660,852,1099,1449,1865,2377,3065,3922,4926,6234,7840,9863,12129,14907,18258,21975,26025,30600,35241,40301,45502,50486,55305,60163,64627,68731,72660,76225,79287,82051,84512,86757
crit_det_cumul{5},0,0,0,0,1,1,2,2,2,6,9,12,19,25,30,42,52,65,89,113,149,202,257,323,423,572,745,904,1128,1490,1926,2427,3110,3932,5009,6375,7978,9886,12190,14995,18185,21975,25973,30417,35191,40118,45145,50160,55184,59864,64234,68480,72358,75862,78926,81727,84154,86295,88202,89748
crit_det_cumul{6},0,0,0,0,0,0,0,0,0,3,4,5,5,10,13,18,22,31,46,59,76,98,124,157,205,255,325,421,542,705,928,1194,1524,1937,2462,3130,3977,4983,6339,8010,9934,12367,15160,18437,22142,26177,30676,35550,40591,45661,50640,55633,60045,64680,68625,72410,75919,79054,81719,84145
crit_det_cumul{7},0,0,0,0,0,0,1,1,2,3,3,6,6,10,12,17,28,39,54,70,90,121,165,219,282,353,447,572,754,949,1204,1557,1962,2536,3255,4129,5258,6724,8352,10412,12766,15651,19042,22680,26943,31589,36359,41390,46549,51659,56387,61187,65883,69868,73774,77145,80286,83022,85489,87594
crit_det_cumul{8},0,0,0,0,0,0,0,0,0,1,2,4,5,9,10,14,20,23,34,48,61,68,84,114,145,192,242,295,364,462,593,781,1005,1316,1724,2264,2880,3653,4711,5898,7387,9242,11455,14108,17174,20816,24799,29129,33725,38763,43823,48999,53934,58819,63400,67675,71561,74994,78378,81224
crit_det_cumul{9},0,0,0,0,0,1,1,1,4,4,7,10,15,19,25,33,43,60,85,113,144,182,240,309,415,541,672,856,1123,1461,1851,2336,2939,3734,4755,5973,7487,9378,11555,14243,17395,20781,24850,29269,33875,38722,43961,49105,54173,58967,63595,68136,72033,75770,78866,81746,84315,86576,88491,90145
detected_cumul{0},0,0,1,1,3,5,8,11,14,17,25,38,44,59,74,99,122,150,194,245,306,388,485,629,822,1014,1314,1688,2158,2711,3505,4529,5756,7295,9151,11421,14111,17545,21475,25992,31268,36904,43008,49468,55753,62514,69013,75162,81054,86351,91232,95661,99598,103066,106137,108782,111107,113016,114762,116226
detected_cumul{1},0,0,0,1,1,2,4,7,11,12,17,23,28,37,44,65,85,107,137,174,235,292,373,465,629,836,1088,1388,1785,2324,3028,3788,4872,6246,7951,10116,12707,15661,19235,23420,28233,33639,39347,45718,52027,58662,65223,71369,77245,82781,88025,92927,97143,100905,104202,107047,109580,111750,113628,115219
detected_cumul{2},0,0,0,0,1,1,4,6,9,10,16,21,33,43,60,80,107,138,182,240,309,391,529,684,892,1162,1493,1898,2424,3060,3878,4993,6329,8012,10016,12480,15552,19300,23522,28373,33745,39706,45789,52290,58996,65397,71511,77837,83428,88398,93044,97250,101224,104370,107301,109752,111946,113870,115463,116880
detected_cumul{3},0,0,1,3,3,4,5,10,12,16,20,28,39,51,70,81,107,131,164,197,247,326,404,521,662,844,1073,1388,1788,2284,2946,3689,4643,5911,7564,9472,11805,14588,18102,22153,26692,32034,37793,43858,50356,56734,63241,69611,75640,81347,86732,91617,95924,99791,103151,106177,108798,111142,113078,114717
detected_cumul{4},0,0,1,1,1,1,1,2,5,8,10,12,14,20,30,39,53,72,91,123,171,228,283,376,496,644,813,1041,1327,1722,2220,2851,3649,4668,5887,7418,9289,11680,14495,17795,21767,26480,31603,37212,43253,49730,56188,62740,69305,75471,81003,86140,91116,95340,99268,102690,105692,108204,110521,112579
detected_cumul{5},0,0,2,2,2,3,3,4,10,14,19,26,38,46,57,71,90,127,161,216,290,368,485,620,817,1061,1341,1710,2193,2859,3634,4599,5851,7501,9395,11739,14545,17943,21945,26618,31748,37430,43315,49750,56290,62658,68895,74811,80794,85949,90732,95141,99069,102486,105377,107948,110193,112083,113782,115266
detected_cumul{6},0,0,0,0,0,0,0,1,4,6,10,14,15,22,26,36,44,58,84,108,135,179,237,309,395,494,632,815,1044,1376,1769,2237,2905,3687,4654,5916,7546,9462,11840,14743,18188,22245,26804,31991,37760,43938,50346,56878,63621,69808,75645,81424,86384,91374,95533,99379,102726,105686,108137,110422
detected_cumul{7},0,0,0,0,0,1,3,5,6,7,9,12,17,21,31,44,60,81,110,146,196,247,321,414,538,694,880,1139,1437,1852,2338,2983,3810,4902,6195,7847,9921,12333,15289,18714,22934,27687,32982,38669,44762,51472,57992,64523,70880,76992,82488,87613,92454,96655,100551,103928,106876,109463,111720,113686
detected_cumul{8},0,0,0,0,0,0,1,1,3,3,5,7,12,14,22,29,38,47,63,78,96,126,160,212,276,357,450,566,738,937,1219,1571,2045,2652,3413,4285,5472,7027,8854,10997,13666,16940,20586,24878,29924,35577,41595,48075,54271,61089,67473,73738,79506,84854,89786,94150,98126,101612,104773,107472
detected_cumul{9},0,0,0,0,0,2,3,5,10,18,23,32,38,50,63,77,104,132,165,212,283,367,477,629,778,993,1285,1664,2137,2689,3444,4349,5513,7014,8799,11053,13849,17023,20787,25249,30302,35696,41808,48313,54714,61135,67792,74196,80166,85392,90389,95054,98930,102584,105624,108295,110677,112696,114467,115923
