,sampled_parameters_index,scenarios_index,speciesS,initialAs,incubation_pd,time_to_symptoms,time_to_hospitalization,time_to_critical,time_to_death,recovery_rate_asymp,recovery_rate_mild,recovery_rate_hosp,recovery_rate_crit,fraction_symptomatic,fraction_severe,fraction_critical,cfr,fraction_dead,fraction_hospitalized,reduced_inf_of_det_cases,d_Sym,d_Sys,social_multiplier_1,social_multiplier_2,social_multiplier_3,socialDistance_time1,socialDistance_time2,socialDistance_time3,Ki
0,0.0,0.0,315000.0,10.0,5.372940222,2.7906623,2.272630242,6.884329913999999,8.960279871000001,14.18786277,19.82520709,20.9866403,25.58669775,0.598521712,0.290525508,0.26366111600000003,0.0053583,0.018443473000000002,0.71789541,0.734806788,0.287093411,0.7738797040000001,0.9163583240000001,0.6744611090000001,0.28662313899999997,24.0,29.0,33.0,2e-07
1,0.0,1.0,315000.0,10.0,5.372940222,2.7906623,2.272630242,6.884329913999999,8.960279871000001,14.18786277,19.82520709,20.9866403,25.58669775,0.598521712,0.290525508,0.26366111600000003,0.0053583,0.018443473000000002,0.71789541,0.734806788,0.287093411,0.7738797040000001,0.9163583240000001,0.6744611090000001,0.28662313899999997,24.0,29.0,33.0,2.125e-07
2,0.0,2.0,315000.0,10.0,5.372940222,2.7906623,2.272630242,6.884329913999999,8.960279871000001,14.18786277,19.82520709,20.9866403,25.58669775,0.598521712,0.290525508,0.26366111600000003,0.0053583,0.018443473000000002,0.71789541,0.734806788,0.287093411,0.7738797040000001,0.9163583240000001,0.6744611090000001,0.28662313899999997,24.0,29.0,33.0,2.25e-07
3,0.0,3.0,315000.0,10.0,5.372940222,2.7906623,2.272630242,6.884329913999999,8.960279871000001,14.18786277,19.82520709,20.9866403,25.58669775,0.598521712,0.290525508,0.26366111600000003,0.0053583,0.018443473000000002,0.71789541,0.734806788,0.287093411,0.7738797040000001,0.9163583240000001,0.6744611090000001,0.28662313899999997,24.0,29.0,33.0,2.375e-07
4,0.0,4.0,315000.0,10.0,5.372940222,2.7906623,2.272630242,6.884329913999999,8.960279871000001,14.18786277,19.82520709,20.9866403,25.58669775,0.598521712,0.290525508,0.26366111600000003,0.0053583,0.018443473000000002,0.71789541,0.734806788,0.287093411,0.7738797040000001,0.9163583240000001,0.6744611090000001,0.28662313899999997,24.0,29.0,33.0,2.5e-07
5,1.0,0.0,315000.0,10.0,4.742419917,3.289062905,7.169804098999999,5.619068051,8.757545869,12.18411074,19.95538722,21.07755257,27.81236489,0.569390623,0.356212034,0.441596042,0.007128316,0.020011442,0.538392516,0.7179716079999999,0.284125992,0.8642909940000001,0.9900829659999999,0.6182999220000001,0.154095636,24.0,29.0,33.0,2e-07
6,1.0,1.0,315000.0,10.0,4.742419917,3.289062905,7.169804098999999,5.619068051,8.757545869,12.18411074,19.95538722,21.07755257,27.81236489,0.569390623,0.356212034,0.441596042,0.007128316,0.020011442,0.538392516,0.7179716079999999,0.284125992,0.8642909940000001,0.9900829659999999,0.6182999220000001,0.154095636,24.0,29.0,33.0,2.125e-07
7,1.0,2.0,315000.0,10.0,4.742419917,3.289062905,7.169804098999999,5.619068051,8.757545869,12.18411074,19.95538722,21.07755257,27.81236489,0.569390623,0.356212034,0.441596042,0.007128316,0.020011442,0.538392516,0.7179716079999999,0.284125992,0.8642909940000001,0.9900829659999999,0.6182999220000001,0.154095636,24.0,29.0,33.0,2.25e-07
8,1.0,3.0,315000.0,10.0,4.742419917,3.289062905,7.169804098999999,5.619068051,8.757545869,12.18411074,19.95538722,21.07755257,27.81236489,0.569390623,0.356212034,0.441596042,0.007128316,0.020011442,0.538392516,0.7179716079999999,0.284125992,0.8642909940000001,0.9900829659999999,0.6182999220000001,0.154095636,24.0,29.0,33.0,2.375e-07
9,1.0,4.0,315000.0,10.0,4.742419917,3.289062905,7.169804098999999,5.619068051,8.757545869,12.18411074,19.95538722,21.07755257,27.81236489,0.569390623,0.356212034,0.441596042,0.007128316,0.020011442,0.538392516,0.7179716079999999,0.284125992,0.8642909940000001,0.9900829659999999,0.6182999220000001,0.154095636,24.0,29.0,33.0,2.5e-07
10,2.0,0.0,315000.0,10.0,6.413261489,3.264609956,7.991200856,7.70450835,9.072845962999999,13.12187792,20.1811772,20.68655548,31.05084356,0.609062957,0.215379987,0.320555333,0.0041389040000000005,0.019216753,0.660227915,0.854307315,0.217516298,0.828783154,0.9065511559999999,0.847750302,0.056603829,24.0,29.0,33.0,2e-07
11,2.0,1.0,315000.0,10.0,6.413261489,3.264609956,7.991200856,7.70450835,9.072845962999999,13.12187792,20.1811772,20.68655548,31.05084356,0.609062957,0.215379987,0.320555333,0.0041389040000000005,0.019216753,0.660227915,0.854307315,0.217516298,0.828783154,0.9065511559999999,0.847750302,0.056603829,24.0,29.0,33.0,2.125e-07
12,2.0,2.0,315000.0,10.0,6.413261489,3.264609956,7.991200856,7.70450835,9.072845962999999,13.12187792,20.1811772,20.68655548,31.05084356,0.609062957,0.215379987,0.320555333,0.0041389040000000005,0.019216753,0.660227915,0.854307315,0.217516298,0.828783154,0.9065511559999999,0.847750302,0.056603829,24.0,29.0,33.0,2.25e-07
13,2.0,3.0,315000.0,10.0,6.413261489,3.264609956,7.991200856,7.70450835,9.072845962999999,13.12187792,20.1811772,20.68655548,31.05084356,0.609062957,0.215379987,0.320555333,0.0041389040000000005,0.019216753,0.660227915,0.854307315,0.217516298,0.828783154,0.9065511559999999,0.847750302,0.056603829,24.0,29.0,33.0,2.375e-07
14,2.0,4.0,315000.0,10.0,6.413261489,3.264609956,7.991200856,7.70450835,9.072845962999999,13.12187792,20.1811772,20.68655548,31.05084356,0.609062957,0.215379987,0.320555333,0.0041389040000000005,0.019216753,0.660227915,0.854307315,0.217516298,0.828783154,0.9065511559999999,0.847750302,0.056603829,24.0,29.0,33.0,2.5e-07
15,3.0,0.0,315000.0,10.0,6.094664291,4.355051101,3.232175841,4.793815503,7.478217777,13.10931141,20.14781948,19.835076500000003,29.37068834,0.7562350090000001,0.29722840300000003,0.232359713,0.0031271809999999997,0.010521138999999999,0.757119148,0.644901811,0.27012202,0.824554103,0.937395978,0.6621179079999999,0.263062235,24.0,29.0,33.0,2e-07
16,3.0,1.0,315000.0,10.0,6.094664291,4.355051101,3.232175841,4.793815503,7.478217777,13.10931141,20.14781948,19.835076500000003,29.37068834,0.7562350090000001,0.29722840300000003,0.232359713,0.0031271809999999997,0.010521138999999999,0.757119148,0.644901811,0.27012202,0.824554103,0.937395978,0.6621179079999999,0.263062235,24.0,29.0,33.0,2.125e-07
17,3.0,2.0,315000.0,10.0,6.094664291,4.355051101,3.232175841,4.793815503,7.478217777,13.10931141,20.14781948,19.835076500000003,29.37068834,0.7562350090000001,0.29722840300000003,0.232359713,0.0031271809999999997,0.010521138999999999,0.757119148,0.644901811,0.27012202,0.824554103,0.937395978,0.6621179079999999,0.263062235,24.0,29.0,33.0,2.25e-07
18,3.0,3.0,315000.0,10.0,6.094664291,4.355051101,3.232175841,4.793815503,7.478217777,13.10931141,20.14781948,19.835076500000003,29.37068834,0.7562350090000001,0.29722840300000003,0.232359713,0.0031271809999999997,0.010521138999999999,0.757119148,0.644901811,0.27012202,0.824554103,0.937395978,0.6621179079999999,0.263062235,24.0,29.0,33.0,2.375e-07
19,3.0,4.0,315000.0,10.0,6.094664291,4.355051101,3.232175841,4.793815503,7.478217777,13.10931141,20.14781948,19.835076500000003,29.37068834,0.7562350090000001,0.29722840300000003,0.232359713,0.0031271809999999997,0.010521138999999999,0.757119148,0.644901811,0.27012202,0.824554103,0.937395978,0.6621179079999999,0.263062235,24.0,29.0,33.0,2.5e-07
20,4.0,0.0,315000.0,10.0,4.324370023,4.938165809,7.179674919,4.611934246000001,10.7121624,10.15802451,20.29983376,19.74647452,31.48967682,0.657429721,0.342005192,0.37238905899999997,0.004283152,0.012523646000000001,0.615087295,0.7709041240000001,0.21175854,0.7869591229999999,0.984340242,0.7259753859999999,0.035771423,24.0,29.0,33.0,2e-07
21,4.0,1.0,315000.0,10.0,4.324370023,4.938165809,7.179674919,4.611934246000001,10.7121624,10.15802451,20.29983376,19.74647452,31.48967682,0.657429721,0.342005192,0.37238905899999997,0.004283152,0.012523646000000001,0.615087295,0.7709041240000001,0.21175854,0.7869591229999999,0.984340242,0.7259753859999999,0.035771423,24.0,29.0,33.0,2.125e-07
22,4.0,2.0,315000.0,10.0,4.324370023,4.938165809,7.179674919,4.611934246000001,10.7121624,10.15802451,20.29983376,19.74647452,31.48967682,0.657429721,0.342005192,0.37238905899999997,0.004283152,0.012523646000000001,0.615087295,0.7709041240000001,0.21175854,0.7869591229999999,0.984340242,0.7259753859999999,0.035771423,24.0,29.0,33.0,2.25e-07
23,4.0,3.0,315000.0,10.0,4.324370023,4.938165809,7.179674919,4.611934246000001,10.7121624,10.15802451,20.29983376,19.74647452,31.48967682,0.657429721,0.342005192,0.37238905899999997,0.004283152,0.012523646000000001,0.615087295,0.7709041240000001,0.21175854,0.7869591229999999,0.984340242,0.7259753859999999,0.035771423,24.0,29.0,33.0,2.375e-07
24,4.0,4.0,315000.0,10.0,4.324370023,4.938165809,7.179674919,4.611934246000001,10.7121624,10.15802451,20.29983376,19.74647452,31.48967682,0.657429721,0.342005192,0.37238905899999997,0.004283152,0.012523646000000001,0.615087295,0.7709041240000001,0.21175854,0.7869591229999999,0.984340242,0.7259753859999999,0.035771423,24.0,29.0,33.0,2.5e-07
25,5.0,0.0,315000.0,10.0,6.1712028839999995,3.415045454,2.040398302,6.1025544279999995,7.694310972,11.952519500000001,21.15035545,21.06012861,27.76458801,0.508997183,0.47649436799999995,0.290956496,0.003023148,0.006344560999999999,0.702698942,0.865916239,0.24178077899999997,0.7048871990000001,0.9307894170000001,0.6653060000000001,0.058382537000000005,24.0,29.0,33.0,2e-07
26,5.0,1.0,315000.0,10.0,6.1712028839999995,3.415045454,2.040398302,6.1025544279999995,7.694310972,11.952519500000001,21.15035545,21.06012861,27.76458801,0.508997183,0.47649436799999995,0.290956496,0.003023148,0.006344560999999999,0.702698942,0.865916239,0.24178077899999997,0.7048871990000001,0.9307894170000001,0.6653060000000001,0.058382537000000005,24.0,29.0,33.0,2.125e-07
27,5.0,2.0,315000.0,10.0,6.1712028839999995,3.415045454,2.040398302,6.1025544279999995,7.694310972,11.952519500000001,21.15035545,21.06012861,27.76458801,0.508997183,0.47649436799999995,0.290956496,0.003023148,0.006344560999999999,0.702698942,0.865916239,0.24178077899999997,0.7048871990000001,0.9307894170000001,0.6653060000000001,0.058382537000000005,24.0,29.0,33.0,2.25e-07
28,5.0,3.0,315000.0,10.0,6.1712028839999995,3.415045454,2.040398302,6.1025544279999995,7.694310972,11.952519500000001,21.15035545,21.06012861,27.76458801,0.508997183,0.47649436799999995,0.290956496,0.003023148,0.006344560999999999,0.702698942,0.865916239,0.24178077899999997,0.7048871990000001,0.9307894170000001,0.6653060000000001,0.058382537000000005,24.0,29.0,33.0,2.375e-07
29,5.0,4.0,315000.0,10.0,6.1712028839999995,3.415045454,2.040398302,6.1025544279999995,7.694310972,11.952519500000001,21.15035545,21.06012861,27.76458801,0.508997183,0.47649436799999995,0.290956496,0.003023148,0.006344560999999999,0.702698942,0.865916239,0.24178077899999997,0.7048871990000001,0.9307894170000001,0.6653060000000001,0.058382537000000005,24.0,29.0,33.0,2.5e-07
30,6.0,0.0,315000.0,10.0,5.843945652,1.555525104,3.2912709860000002,8.514067954,3.226027409,7.037134726000001,19.81725327,19.79978025,29.80934148,0.6673467129999999,0.37545791700000003,0.252336973,0.006489981999999999,0.017285512,0.730377515,0.755584293,0.280307131,0.859501396,0.950838407,0.7807231659999999,0.18624105,24.0,29.0,33.0,2e-07
31,6.0,1.0,315000.0,10.0,5.843945652,1.555525104,3.2912709860000002,8.514067954,3.226027409,7.037134726000001,19.81725327,19.79978025,29.80934148,0.6673467129999999,0.37545791700000003,0.252336973,0.006489981999999999,0.017285512,0.730377515,0.755584293,0.280307131,0.859501396,0.950838407,0.7807231659999999,0.18624105,24.0,29.0,33.0,2.125e-07
32,6.0,2.0,315000.0,10.0,5.843945652,1.555525104,3.2912709860000002,8.514067954,3.226027409,7.037134726000001,19.81725327,19.79978025,29.80934148,0.6673467129999999,0.37545791700000003,0.252336973,0.006489981999999999,0.017285512,0.730377515,0.755584293,0.280307131,0.859501396,0.950838407,0.7807231659999999,0.18624105,24.0,29.0,33.0,2.25e-07
33,6.0,3.0,315000.0,10.0,5.843945652,1.555525104,3.2912709860000002,8.514067954,3.226027409,7.037134726000001,19.81725327,19.79978025,29.80934148,0.6673467129999999,0.37545791700000003,0.252336973,0.006489981999999999,0.017285512,0.730377515,0.755584293,0.280307131,0.859501396,0.950838407,0.7807231659999999,0.18624105,24.0,29.0,33.0,2.375e-07
34,6.0,4.0,315000.0,10.0,5.843945652,1.555525104,3.2912709860000002,8.514067954,3.226027409,7.037134726000001,19.81725327,19.79978025,29.80934148,0.6673467129999999,0.37545791700000003,0.252336973,0.006489981999999999,0.017285512,0.730377515,0.755584293,0.280307131,0.859501396,0.950838407,0.7807231659999999,0.18624105,24.0,29.0,33.0,2.5e-07
35,7.0,0.0,315000.0,10.0,4.4439483939999995,1.183599915,2.4518293719999997,6.293232852999999,10.95523019,12.36791477,20.77074831,19.94797172,27.69365652,0.525840509,0.283487315,0.431337772,0.00499655,0.017625303999999998,0.551036925,0.81371945,0.278065272,0.897539601,0.937109845,0.702016815,0.09594985,24.0,29.0,33.0,2e-07
36,7.0,1.0,315000.0,10.0,4.4439483939999995,1.183599915,2.4518293719999997,6.293232852999999,10.95523019,12.36791477,20.77074831,19.94797172,27.69365652,0.525840509,0.283487315,0.431337772,0.00499655,0.017625303999999998,0.551036925,0.81371945,0.278065272,0.897539601,0.937109845,0.702016815,0.09594985,24.0,29.0,33.0,2.125e-07
37,7.0,2.0,315000.0,10.0,4.4439483939999995,1.183599915,2.4518293719999997,6.293232852999999,10.95523019,12.36791477,20.77074831,19.94797172,27.69365652,0.525840509,0.283487315,0.431337772,0.00499655,0.017625303999999998,0.551036925,0.81371945,0.278065272,0.897539601,0.937109845,0.702016815,0.09594985,24.0,29.0,33.0,2.25e-07
38,7.0,3.0,315000.0,10.0,4.4439483939999995,1.183599915,2.4518293719999997,6.293232852999999,10.95523019,12.36791477,20.77074831,19.94797172,27.69365652,0.525840509,0.283487315,0.431337772,0.00499655,0.017625303999999998,0.551036925,0.81371945,0.278065272,0.897539601,0.937109845,0.702016815,0.09594985,24.0,29.0,33.0,2.375e-07
39,7.0,4.0,315000.0,10.0,4.4439483939999995,1.183599915,2.4518293719999997,6.293232852999999,10.95523019,12.36791477,20.77074831,19.94797172,27.69365652,0.525840509,0.283487315,0.431337772,0.00499655,0.017625303999999998,0.551036925,0.81371945,0.278065272,0.897539601,0.937109845,0.702016815,0.09594985,24.0,29.0,33.0,2.5e-07
40,8.0,0.0,315000.0,10.0,4.373972731,4.377459739,2.537980642,8.524805865,8.052776551000001,12.88597266,20.36685208,20.60034627,28.92583201,0.617116342,0.26203563,0.183247248,0.003558359,0.013579678000000001,0.803173074,0.847614853,0.287877396,0.7715449440000001,0.934664776,0.771030755,0.040413226000000003,24.0,29.0,33.0,2e-07
41,8.0,1.0,315000.0,10.0,4.373972731,4.377459739,2.537980642,8.524805865,8.052776551000001,12.88597266,20.36685208,20.60034627,28.92583201,0.617116342,0.26203563,0.183247248,0.003558359,0.013579678000000001,0.803173074,0.847614853,0.287877396,0.7715449440000001,0.934664776,0.771030755,0.040413226000000003,24.0,29.0,33.0,2.125e-07
42,8.0,2.0,315000.0,10.0,4.373972731,4.377459739,2.537980642,8.524805865,8.052776551000001,12.88597266,20.36685208,20.60034627,28.92583201,0.617116342,0.26203563,0.183247248,0.003558359,0.013579678000000001,0.803173074,0.847614853,0.287877396,0.7715449440000001,0.934664776,0.771030755,0.040413226000000003,24.0,29.0,33.0,2.25e-07
43,8.0,3.0,315000.0,10.0,4.373972731,4.377459739,2.537980642,8.524805865,8.052776551000001,12.88597266,20.36685208,20.60034627,28.92583201,0.617116342,0.26203563,0.183247248,0.003558359,0.013579678000000001,0.803173074,0.847614853,0.287877396,0.7715449440000001,0.934664776,0.771030755,0.040413226000000003,24.0,29.0,33.0,2.375e-07
44,8.0,4.0,315000.0,10.0,4.373972731,4.377459739,2.537980642,8.524805865,8.052776551000001,12.88597266,20.36685208,20.60034627,28.92583201,0.617116342,0.26203563,0.183247248,0.003558359,0.013579678000000001,0.803173074,0.847614853,0.287877396,0.7715449440000001,0.934664776,0.771030755,0.040413226000000003,24.0,29.0,33.0,2.5e-07
45,9.0,0.0,315000.0,10.0,5.497691163,4.680979933,7.679031458,8.642057388,8.121481618999999,13.05020688,21.2130533,20.31591537,28.02768514,0.669404286,0.415401415,0.325970675,0.007358406,0.017713965,0.65631536,0.501994381,0.200569925,0.7495504620000001,0.901673925,0.8909856540000001,0.29396290399999997,24.0,29.0,33.0,2e-07
46,9.0,1.0,315000.0,10.0,5.497691163,4.680979933,7.679031458,8.642057388,8.121481618999999,13.05020688,21.2130533,20.31591537,28.02768514,0.669404286,0.415401415,0.325970675,0.007358406,0.017713965,0.65631536,0.501994381,0.200569925,0.7495504620000001,0.901673925,0.8909856540000001,0.29396290399999997,24.0,29.0,33.0,2.125e-07
47,9.0,2.0,315000.0,10.0,5.497691163,4.680979933,7.679031458,8.642057388,8.121481618999999,13.05020688,21.2130533,20.31591537,28.02768514,0.669404286,0.415401415,0.325970675,0.007358406,0.017713965,0.65631536,0.501994381,0.200569925,0.7495504620000001,0.901673925,0.8909856540000001,0.29396290399999997,24.0,29.0,33.0,2.25e-07
48,9.0,3.0,315000.0,10.0,5.497691163,4.680979933,7.679031458,8.642057388,8.121481618999999,13.05020688,21.2130533,20.31591537,28.02768514,0.669404286,0.415401415,0.325970675,0.007358406,0.017713965,0.65631536,0.501994381,0.200569925,0.7495504620000001,0.901673925,0.8909856540000001,0.29396290399999997,24.0,29.0,33.0,2.375e-07
49,9.0,4.0,315000.0,10.0,5.497691163,4.680979933,7.679031458,8.642057388,8.121481618999999,13.05020688,21.2130533,20.31591537,28.02768514,0.669404286,0.415401415,0.325970675,0.007358406,0.017713965,0.65631536,0.501994381,0.200569925,0.7495504620000001,0.901673925,0.8909856540000001,0.29396290399999997,24.0,29.0,33.0,2.5e-07
50,10.0,0.0,315000.0,10.0,4.454822313,4.192621806,2.81432032,6.3453807829999995,6.919842148,9.736695802,21.15337764,20.05237427,25.4170032,0.638810918,0.34165402200000006,0.323779058,0.003901294,0.011418844,0.664802098,0.831388327,0.203143248,0.732999698,0.952460319,0.8749316999999999,0.134373015,24.0,29.0,33.0,2e-07
51,10.0,1.0,315000.0,10.0,4.454822313,4.192621806,2.81432032,6.3453807829999995,6.919842148,9.736695802,21.15337764,20.05237427,25.4170032,0.638810918,0.34165402200000006,0.323779058,0.003901294,0.011418844,0.664802098,0.831388327,0.203143248,0.732999698,0.952460319,0.8749316999999999,0.134373015,24.0,29.0,33.0,2.125e-07
52,10.0,2.0,315000.0,10.0,4.454822313,4.192621806,2.81432032,6.3453807829999995,6.919842148,9.736695802,21.15337764,20.05237427,25.4170032,0.638810918,0.34165402200000006,0.323779058,0.003901294,0.011418844,0.664802098,0.831388327,0.203143248,0.732999698,0.952460319,0.8749316999999999,0.134373015,24.0,29.0,33.0,2.25e-07
53,10.0,3.0,315000.0,10.0,4.454822313,4.192621806,2.81432032,6.3453807829999995,6.919842148,9.736695802,21.15337764,20.05237427,25.4170032,0.638810918,0.34165402200000006,0.323779058,0.003901294,0.011418844,0.664802098,0.831388327,0.203143248,0.732999698,0.952460319,0.8749316999999999,0.134373015,24.0,29.0,33.0,2.375e-07
54,10.0,4.0,315000.0,10.0,4.454822313,4.192621806,2.81432032,6.3453807829999995,6.919842148,9.736695802,21.15337764,20.05237427,25.4170032,0.638810918,0.34165402200000006,0.323779058,0.003901294,0.011418844,0.664802098,0.831388327,0.203143248,0.732999698,0.952460319,0.8749316999999999,0.134373015,24.0,29.0,33.0,2.5e-07
55,11.0,0.0,315000.0,10.0,5.487373742999999,4.391728796000001,8.300909165,6.7250792520000005,3.2026438969999997,7.434274992000001,20.51710599,19.94853419,30.89463363,0.510971751,0.245117313,0.447188034,0.004304328,0.017560276,0.53525169,0.831943709,0.297778139,0.7477797970000001,0.905094627,0.8905361629999999,0.22091194399999997,24.0,29.0,33.0,2e-07
56,11.0,1.0,315000.0,10.0,5.487373742999999,4.391728796000001,8.300909165,6.7250792520000005,3.2026438969999997,7.434274992000001,20.51710599,19.94853419,30.89463363,0.510971751,0.245117313,0.447188034,0.004304328,0.017560276,0.53525169,0.831943709,0.297778139,0.7477797970000001,0.905094627,0.8905361629999999,0.22091194399999997,24.0,29.0,33.0,2.125e-07
57,11.0,2.0,315000.0,10.0,5.487373742999999,4.391728796000001,8.300909165,6.7250792520000005,3.2026438969999997,7.434274992000001,20.51710599,19.94853419,30.89463363,0.510971751,0.245117313,0.447188034,0.004304328,0.017560276,0.53525169,0.831943709,0.297778139,0.7477797970000001,0.905094627,0.8905361629999999,0.22091194399999997,24.0,29.0,33.0,2.25e-07
58,11.0,3.0,315000.0,10.0,5.487373742999999,4.391728796000001,8.300909165,6.7250792520000005,3.2026438969999997,7.434274992000001,20.51710599,19.94853419,30.89463363,0.510971751,0.245117313,0.447188034,0.004304328,0.017560276,0.53525169,0.831943709,0.297778139,0.7477797970000001,0.905094627,0.8905361629999999,0.22091194399999997,24.0,29.0,33.0,2.375e-07
59,11.0,4.0,315000.0,10.0,5.487373742999999,4.391728796000001,8.300909165,6.7250792520000005,3.2026438969999997,7.434274992000001,20.51710599,19.94853419,30.89463363,0.510971751,0.245117313,0.447188034,0.004304328,0.017560276,0.53525169,0.831943709,0.297778139,0.7477797970000001,0.905094627,0.8905361629999999,0.22091194399999997,24.0,29.0,33.0,2.5e-07
60,12.0,0.0,315000.0,10.0,6.205330012999999,4.422479672,4.793530427,8.811049398,6.048516182,7.984330588,21.24962305,20.63561345,28.12822744,0.6760655259999999,0.30161948899999996,0.18555192899999998,0.0059064140000000005,0.019582335,0.794865736,0.82106864,0.254085689,0.7285787140000001,0.930117345,0.8087625140000001,0.025176088,24.0,29.0,33.0,2e-07
61,12.0,1.0,315000.0,10.0,6.205330012999999,4.422479672,4.793530427,8.811049398,6.048516182,7.984330588,21.24962305,20.63561345,28.12822744,0.6760655259999999,0.30161948899999996,0.18555192899999998,0.0059064140000000005,0.019582335,0.794865736,0.82106864,0.254085689,0.7285787140000001,0.930117345,0.8087625140000001,0.025176088,24.0,29.0,33.0,2.125e-07
62,12.0,2.0,315000.0,10.0,6.205330012999999,4.422479672,4.793530427,8.811049398,6.048516182,7.984330588,21.24962305,20.63561345,28.12822744,0.6760655259999999,0.30161948899999996,0.18555192899999998,0.0059064140000000005,0.019582335,0.794865736,0.82106864,0.254085689,0.7285787140000001,0.930117345,0.8087625140000001,0.025176088,24.0,29.0,33.0,2.25e-07
63,12.0,3.0,315000.0,10.0,6.205330012999999,4.422479672,4.793530427,8.811049398,6.048516182,7.984330588,21.24962305,20.63561345,28.12822744,0.6760655259999999,0.30161948899999996,0.18555192899999998,0.0059064140000000005,0.019582335,0.794865736,0.82106864,0.254085689,0.7285787140000001,0.930117345,0.8087625140000001,0.025176088,24.0,29.0,33.0,2.375e-07
64,12.0,4.0,315000.0,10.0,6.205330012999999,4.422479672,4.793530427,8.811049398,6.048516182,7.984330588,21.24962305,20.63561345,28.12822744,0.6760655259999999,0.30161948899999996,0.18555192899999998,0.0059064140000000005,0.019582335,0.794865736,0.82106864,0.254085689,0.7285787140000001,0.930117345,0.8087625140000001,0.025176088,24.0,29.0,33.0,2.5e-07
65,13.0,0.0,315000.0,10.0,4.938857249,1.303100648,5.193063048,5.4945210310000006,6.564234742999999,6.794837817,21.22904244,20.37539176,29.43686864,0.625227579,0.43459731799999995,0.194272638,0.0035399790000000004,0.008145422,0.7975819390000001,0.841174438,0.250690378,0.77274691,0.9211531999999999,0.784421218,0.21069977199999998,24.0,29.0,33.0,2e-07
66,13.0,1.0,315000.0,10.0,4.938857249,1.303100648,5.193063048,5.4945210310000006,6.564234742999999,6.794837817,21.22904244,20.37539176,29.43686864,0.625227579,0.43459731799999995,0.194272638,0.0035399790000000004,0.008145422,0.7975819390000001,0.841174438,0.250690378,0.77274691,0.9211531999999999,0.784421218,0.21069977199999998,24.0,29.0,33.0,2.125e-07
67,13.0,2.0,315000.0,10.0,4.938857249,1.303100648,5.193063048,5.4945210310000006,6.564234742999999,6.794837817,21.22904244,20.37539176,29.43686864,0.625227579,0.43459731799999995,0.194272638,0.0035399790000000004,0.008145422,0.7975819390000001,0.841174438,0.250690378,0.77274691,0.9211531999999999,0.784421218,0.21069977199999998,24.0,29.0,33.0,2.25e-07
68,13.0,3.0,315000.0,10.0,4.938857249,1.303100648,5.193063048,5.4945210310000006,6.564234742999999,6.794837817,21.22904244,20.37539176,29.43686864,0.625227579,0.43459731799999995,0.194272638,0.0035399790000000004,0.008145422,0.7975819390000001,0.841174438,0.250690378,0.77274691,0.9211531999999999,0.784421218,0.21069977199999998,24.0,29.0,33.0,2.375e-07
69,13.0,4.0,315000.0,10.0,4.938857249,1.303100648,5.193063048,5.4945210310000006,6.564234742999999,6.794837817,21.22904244,20.37539176,29.43686864,0.625227579,0.43459731799999995,0.194272638,0.0035399790000000004,0.008145422,0.7975819390000001,0.841174438,0.250690378,0.77274691,0.9211531999999999,0.784421218,0.21069977199999998,24.0,29.0,33.0,2.5e-07
70,14.0,0.0,315000.0,10.0,4.562346977,4.086457066,6.371723933999999,6.742705055,10.15859433,14.64889416,19.69940652,19.84914415,30.21604237,0.522935895,0.242952815,0.291816273,0.003803999,0.015657358,0.6925263690000001,0.6414228270000001,0.253534374,0.857933127,0.951096217,0.893709843,0.21394568100000003,24.0,29.0,33.0,2e-07
71,14.0,1.0,315000.0,10.0,4.562346977,4.086457066,6.371723933999999,6.742705055,10.15859433,14.64889416,19.69940652,19.84914415,30.21604237,0.522935895,0.242952815,0.291816273,0.003803999,0.015657358,0.6925263690000001,0.6414228270000001,0.253534374,0.857933127,0.951096217,0.893709843,0.21394568100000003,24.0,29.0,33.0,2.125e-07
72,14.0,2.0,315000.0,10.0,4.562346977,4.086457066,6.371723933999999,6.742705055,10.15859433,14.64889416,19.69940652,19.84914415,30.21604237,0.522935895,0.242952815,0.291816273,0.003803999,0.015657358,0.6925263690000001,0.6414228270000001,0.253534374,0.857933127,0.951096217,0.893709843,0.21394568100000003,24.0,29.0,33.0,2.25e-07
73,14.0,3.0,315000.0,10.0,4.562346977,4.086457066,6.371723933999999,6.742705055,10.15859433,14.64889416,19.69940652,19.84914415,30.21604237,0.522935895,0.242952815,0.291816273,0.003803999,0.015657358,0.6925263690000001,0.6414228270000001,0.253534374,0.857933127,0.951096217,0.893709843,0.21394568100000003,24.0,29.0,33.0,2.375e-07
74,14.0,4.0,315000.0,10.0,4.562346977,4.086457066,6.371723933999999,6.742705055,10.15859433,14.64889416,19.69940652,19.84914415,30.21604237,0.522935895,0.242952815,0.291816273,0.003803999,0.015657358,0.6925263690000001,0.6414228270000001,0.253534374,0.857933127,0.951096217,0.893709843,0.21394568100000003,24.0,29.0,33.0,2.5e-07
75,15.0,0.0,315000.0,10.0,5.489569126,2.967995732,5.694720827,6.126872069,8.22754287,13.68295636,20.50973199,19.551744,27.51625369,0.68349879,0.320907502,0.221621691,0.0063446530000000004,0.01977097,0.758607338,0.680893396,0.249114433,0.854148647,0.9069541529999999,0.860308339,0.26539092,24.0,29.0,33.0,2e-07
76,15.0,1.0,315000.0,10.0,5.489569126,2.967995732,5.694720827,6.126872069,8.22754287,13.68295636,20.50973199,19.551744,27.51625369,0.68349879,0.320907502,0.221621691,0.0063446530000000004,0.01977097,0.758607338,0.680893396,0.249114433,0.854148647,0.9069541529999999,0.860308339,0.26539092,24.0,29.0,33.0,2.125e-07
77,15.0,2.0,315000.0,10.0,5.489569126,2.967995732,5.694720827,6.126872069,8.22754287,13.68295636,20.50973199,19.551744,27.51625369,0.68349879,0.320907502,0.221621691,0.0063446530000000004,0.01977097,0.758607338,0.680893396,0.249114433,0.854148647,0.9069541529999999,0.860308339,0.26539092,24.0,29.0,33.0,2.25e-07
78,15.0,3.0,315000.0,10.0,5.489569126,2.967995732,5.694720827,6.126872069,8.22754287,13.68295636,20.50973199,19.551744,27.51625369,0.68349879,0.320907502,0.221621691,0.0063446530000000004,0.01977097,0.758607338,0.680893396,0.249114433,0.854148647,0.9069541529999999,0.860308339,0.26539092,24.0,29.0,33.0,2.375e-07
79,15.0,4.0,315000.0,10.0,5.489569126,2.967995732,5.694720827,6.126872069,8.22754287,13.68295636,20.50973199,19.551744,27.51625369,0.68349879,0.320907502,0.221621691,0.0063446530000000004,0.01977097,0.758607338,0.680893396,0.249114433,0.854148647,0.9069541529999999,0.860308339,0.26539092,24.0,29.0,33.0,2.5e-07
80,16.0,0.0,315000.0,10.0,4.487780541,3.3517471160000003,2.698391088,6.698189332999999,4.915537679,11.91349984,19.71445932,19.56791076,30.995546299999997,0.766513935,0.318913543,0.166153075,0.005549056,0.017399876,0.8164470490000001,0.747977606,0.231085848,0.839709072,0.99649017,0.81444648,0.149319986,24.0,29.0,33.0,2e-07
81,16.0,1.0,315000.0,10.0,4.487780541,3.3517471160000003,2.698391088,6.698189332999999,4.915537679,11.91349984,19.71445932,19.56791076,30.995546299999997,0.766513935,0.318913543,0.166153075,0.005549056,0.017399876,0.8164470490000001,0.747977606,0.231085848,0.839709072,0.99649017,0.81444648,0.149319986,24.0,29.0,33.0,2.125e-07
82,16.0,2.0,315000.0,10.0,4.487780541,3.3517471160000003,2.698391088,6.698189332999999,4.915537679,11.91349984,19.71445932,19.56791076,30.995546299999997,0.766513935,0.318913543,0.166153075,0.005549056,0.017399876,0.8164470490000001,0.747977606,0.231085848,0.839709072,0.99649017,0.81444648,0.149319986,24.0,29.0,33.0,2.25e-07
83,16.0,3.0,315000.0,10.0,4.487780541,3.3517471160000003,2.698391088,6.698189332999999,4.915537679,11.91349984,19.71445932,19.56791076,30.995546299999997,0.766513935,0.318913543,0.166153075,0.005549056,0.017399876,0.8164470490000001,0.747977606,0.231085848,0.839709072,0.99649017,0.81444648,0.149319986,24.0,29.0,33.0,2.375e-07
84,16.0,4.0,315000.0,10.0,4.487780541,3.3517471160000003,2.698391088,6.698189332999999,4.915537679,11.91349984,19.71445932,19.56791076,30.995546299999997,0.766513935,0.318913543,0.166153075,0.005549056,0.017399876,0.8164470490000001,0.747977606,0.231085848,0.839709072,0.99649017,0.81444648,0.149319986,24.0,29.0,33.0,2.5e-07
85,17.0,0.0,315000.0,10.0,4.9240287480000005,1.182326043,3.34336702,4.648144284,7.16626674,15.35546651,21.27163891,19.89326892,30.09317964,0.519280347,0.304599174,0.39266995200000004,0.005217002,0.017127433,0.590202615,0.502390641,0.218347025,0.828160087,0.9986542690000001,0.79184256,0.044862856,24.0,29.0,33.0,2e-07
86,17.0,1.0,315000.0,10.0,4.9240287480000005,1.182326043,3.34336702,4.648144284,7.16626674,15.35546651,21.27163891,19.89326892,30.09317964,0.519280347,0.304599174,0.39266995200000004,0.005217002,0.017127433,0.590202615,0.502390641,0.218347025,0.828160087,0.9986542690000001,0.79184256,0.044862856,24.0,29.0,33.0,2.125e-07
87,17.0,2.0,315000.0,10.0,4.9240287480000005,1.182326043,3.34336702,4.648144284,7.16626674,15.35546651,21.27163891,19.89326892,30.09317964,0.519280347,0.304599174,0.39266995200000004,0.005217002,0.017127433,0.590202615,0.502390641,0.218347025,0.828160087,0.9986542690000001,0.79184256,0.044862856,24.0,29.0,33.0,2.25e-07
88,17.0,3.0,315000.0,10.0,4.9240287480000005,1.182326043,3.34336702,4.648144284,7.16626674,15.35546651,21.27163891,19.89326892,30.09317964,0.519280347,0.304599174,0.39266995200000004,0.005217002,0.017127433,0.590202615,0.502390641,0.218347025,0.828160087,0.9986542690000001,0.79184256,0.044862856,24.0,29.0,33.0,2.375e-07
89,17.0,4.0,315000.0,10.0,4.9240287480000005,1.182326043,3.34336702,4.648144284,7.16626674,15.35546651,21.27163891,19.89326892,30.09317964,0.519280347,0.304599174,0.39266995200000004,0.005217002,0.017127433,0.590202615,0.502390641,0.218347025,0.828160087,0.9986542690000001,0.79184256,0.044862856,24.0,29.0,33.0,2.5e-07
90,18.0,0.0,315000.0,10.0,5.803887597999999,4.76985928,9.266073606,8.146640913999999,9.832453157,8.298571935,19.40515419,20.6917947,26.06603604,0.564820835,0.353875444,0.170152898,0.007469766,0.02110846,0.808738643,0.8760943109999999,0.242138015,0.7033489620000001,0.921602666,0.7207046690000001,0.082104202,24.0,29.0,33.0,2e-07
91,18.0,1.0,315000.0,10.0,5.803887597999999,4.76985928,9.266073606,8.146640913999999,9.832453157,8.298571935,19.40515419,20.6917947,26.06603604,0.564820835,0.353875444,0.170152898,0.007469766,0.02110846,0.808738643,0.8760943109999999,0.242138015,0.7033489620000001,0.921602666,0.7207046690000001,0.082104202,24.0,29.0,33.0,2.125e-07
92,18.0,2.0,315000.0,10.0,5.803887597999999,4.76985928,9.266073606,8.146640913999999,9.832453157,8.298571935,19.40515419,20.6917947,26.06603604,0.564820835,0.353875444,0.170152898,0.007469766,0.02110846,0.808738643,0.8760943109999999,0.242138015,0.7033489620000001,0.921602666,0.7207046690000001,0.082104202,24.0,29.0,33.0,2.25e-07
93,18.0,3.0,315000.0,10.0,5.803887597999999,4.76985928,9.266073606,8.146640913999999,9.832453157,8.298571935,19.40515419,20.6917947,26.06603604,0.564820835,0.353875444,0.170152898,0.007469766,0.02110846,0.808738643,0.8760943109999999,0.242138015,0.7033489620000001,0.921602666,0.7207046690000001,0.082104202,24.0,29.0,33.0,2.375e-07
94,18.0,4.0,315000.0,10.0,5.803887597999999,4.76985928,9.266073606,8.146640913999999,9.832453157,8.298571935,19.40515419,20.6917947,26.06603604,0.564820835,0.353875444,0.170152898,0.007469766,0.02110846,0.808738643,0.8760943109999999,0.242138015,0.7033489620000001,0.921602666,0.7207046690000001,0.082104202,24.0,29.0,33.0,2.5e-07
95,19.0,0.0,315000.0,10.0,4.952141786,1.816043175,4.695364786,5.795521841,7.6271411989999995,14.96274132,19.4288509,20.09962769,29.49312991,0.593501615,0.476876395,0.44474554200000005,0.007732200000000001,0.016214265,0.539040193,0.827075363,0.251997941,0.875479282,0.972416125,0.761771601,0.037724642,24.0,29.0,33.0,2e-07
96,19.0,1.0,315000.0,10.0,4.952141786,1.816043175,4.695364786,5.795521841,7.6271411989999995,14.96274132,19.4288509,20.09962769,29.49312991,0.593501615,0.476876395,0.44474554200000005,0.007732200000000001,0.016214265,0.539040193,0.827075363,0.251997941,0.875479282,0.972416125,0.761771601,0.037724642,24.0,29.0,33.0,2.125e-07
97,19.0,2.0,315000.0,10.0,4.952141786,1.816043175,4.695364786,5.795521841,7.6271411989999995,14.96274132,19.4288509,20.09962769,29.49312991,0.593501615,0.476876395,0.44474554200000005,0.007732200000000001,0.016214265,0.539040193,0.827075363,0.251997941,0.875479282,0.972416125,0.761771601,0.037724642,24.0,29.0,33.0,2.25e-07
98,19.0,3.0,315000.0,10.0,4.952141786,1.816043175,4.695364786,5.795521841,7.6271411989999995,14.96274132,19.4288509,20.09962769,29.49312991,0.593501615,0.476876395,0.44474554200000005,0.007732200000000001,0.016214265,0.539040193,0.827075363,0.251997941,0.875479282,0.972416125,0.761771601,0.037724642,24.0,29.0,33.0,2.375e-07
99,19.0,4.0,315000.0,10.0,4.952141786,1.816043175,4.695364786,5.795521841,7.6271411989999995,14.96274132,19.4288509,20.09962769,29.49312991,0.593501615,0.476876395,0.44474554200000005,0.007732200000000001,0.016214265,0.539040193,0.827075363,0.251997941,0.875479282,0.972416125,0.761771601,0.037724642,24.0,29.0,33.0,2.5e-07
