,sample_index,scenario_index,speciesS,initialAs,incubation_pd,time_to_symptoms,time_to_hospitalization,time_to_critical,time_to_death,recovery_rate_asymp,recovery_rate_mild,recovery_rate_hosp,recovery_rate_crit,fraction_symptomatic,fraction_severe,fraction_critical,cfr,fraction_dead,fraction_hospitalized,reduced_inf_of_det_cases,d_Sym,d_Sys,d_As,social_multiplier_1,social_multiplier_2,social_multiplier_3,socialDistance_time1,socialDistance_time2,socialDistance_time3,sKi1_1,sKi1_2,sKi1_3,sKi1_4,sKi2_1,sKi2_2,sKi2_3,sKi2_4,sKi3_1,sKi3_2,sKi3_3,sKi3_4,sKi4_1,sKi4_2,sKi4_3,sKi4_4,speciesS_age0to19,speciesS_age20to39,speciesS_age40to59,speciesS_age60to100,initialAs_age0to19,initialAs_age20to39,initialAs_age40to59,initialAs_age60to100,Ki
0,0.0,0.0,315000.0,10.0,4.871209567,2.42268879,8.859858469,8.033848116,9.863372965,15.87869152,19.66978424,20.01530871,28.25637326,0.605459495,0.369651565,0.295024032,0.0060238209999999995,0.016295945,0.6886800240000001,0.729493525,0.226343314,0.708819945,0.0,0.904922893,0.678343173,0.105318847,32.0,37.0,41.0,0.257686875,0.055950876,0.049461406,0.013894156999999999,0.055950876,0.360461121,0.069764868,0.019873001,0.049461406,0.069764868,0.11320322,0.021342114,0.013894156999999999,0.019873001,0.021342114,0.038362363,78435.0,96390.0,79695.0,60480.0,3.0,3.0,3.0,3.0,1.5e-06
1,0.0,1.0,315000.0,10.0,4.871209567,2.42268879,8.859858469,8.033848116,9.863372965,15.87869152,19.66978424,20.01530871,28.25637326,0.605459495,0.369651565,0.295024032,0.0060238209999999995,0.016295945,0.6886800240000001,0.729493525,0.226343314,0.708819945,0.0,0.904922893,0.678343173,0.105318847,32.0,37.0,41.0,0.257686875,0.055950876,0.049461406,0.013894156999999999,0.055950876,0.360461121,0.069764868,0.019873001,0.049461406,0.069764868,0.11320322,0.021342114,0.013894156999999999,0.019873001,0.021342114,0.038362363,78435.0,96390.0,79695.0,60480.0,3.0,3.0,3.0,3.0,1.63e-06
2,0.0,2.0,315000.0,10.0,4.871209567,2.42268879,8.859858469,8.033848116,9.863372965,15.87869152,19.66978424,20.01530871,28.25637326,0.605459495,0.369651565,0.295024032,0.0060238209999999995,0.016295945,0.6886800240000001,0.729493525,0.226343314,0.708819945,0.0,0.904922893,0.678343173,0.105318847,32.0,37.0,41.0,0.257686875,0.055950876,0.049461406,0.013894156999999999,0.055950876,0.360461121,0.069764868,0.019873001,0.049461406,0.069764868,0.11320322,0.021342114,0.013894156999999999,0.019873001,0.021342114,0.038362363,78435.0,96390.0,79695.0,60480.0,3.0,3.0,3.0,3.0,1.75e-06
3,0.0,3.0,315000.0,10.0,4.871209567,2.42268879,8.859858469,8.033848116,9.863372965,15.87869152,19.66978424,20.01530871,28.25637326,0.605459495,0.369651565,0.295024032,0.0060238209999999995,0.016295945,0.6886800240000001,0.729493525,0.226343314,0.708819945,0.0,0.904922893,0.678343173,0.105318847,32.0,37.0,41.0,0.257686875,0.055950876,0.049461406,0.013894156999999999,0.055950876,0.360461121,0.069764868,0.019873001,0.049461406,0.069764868,0.11320322,0.021342114,0.013894156999999999,0.019873001,0.021342114,0.038362363,78435.0,96390.0,79695.0,60480.0,3.0,3.0,3.0,3.0,1.87e-06
4,0.0,4.0,315000.0,10.0,4.871209567,2.42268879,8.859858469,8.033848116,9.863372965,15.87869152,19.66978424,20.01530871,28.25637326,0.605459495,0.369651565,0.295024032,0.0060238209999999995,0.016295945,0.6886800240000001,0.729493525,0.226343314,0.708819945,0.0,0.904922893,0.678343173,0.105318847,32.0,37.0,41.0,0.257686875,0.055950876,0.049461406,0.013894156999999999,0.055950876,0.360461121,0.069764868,0.019873001,0.049461406,0.069764868,0.11320322,0.021342114,0.013894156999999999,0.019873001,0.021342114,0.038362363,78435.0,96390.0,79695.0,60480.0,3.0,3.0,3.0,3.0,2e-06
5,1.0,0.0,315000.0,10.0,6.213884797,1.5218215030000002,4.079863088,7.8265636,5.50531843,9.353624646,21.21154841,19.67698085,30.96612011,0.7123835959999999,0.311700456,0.225328246,0.007765363000000001,0.024912901,0.749758853,0.6917661190000001,0.268309984,0.801405638,0.0,0.979212272,0.6259972079999999,0.164474581,32.0,37.0,41.0,0.257686875,0.055950876,0.049461406,0.013894156999999999,0.055950876,0.360461121,0.069764868,0.019873001,0.049461406,0.069764868,0.11320322,0.021342114,0.013894156999999999,0.019873001,0.021342114,0.038362363,78435.0,96390.0,79695.0,60480.0,3.0,3.0,3.0,3.0,1.5e-06
6,1.0,1.0,315000.0,10.0,6.213884797,1.5218215030000002,4.079863088,7.8265636,5.50531843,9.353624646,21.21154841,19.67698085,30.96612011,0.7123835959999999,0.311700456,0.225328246,0.007765363000000001,0.024912901,0.749758853,0.6917661190000001,0.268309984,0.801405638,0.0,0.979212272,0.6259972079999999,0.164474581,32.0,37.0,41.0,0.257686875,0.055950876,0.049461406,0.013894156999999999,0.055950876,0.360461121,0.069764868,0.019873001,0.049461406,0.069764868,0.11320322,0.021342114,0.013894156999999999,0.019873001,0.021342114,0.038362363,78435.0,96390.0,79695.0,60480.0,3.0,3.0,3.0,3.0,1.63e-06
7,1.0,2.0,315000.0,10.0,6.213884797,1.5218215030000002,4.079863088,7.8265636,5.50531843,9.353624646,21.21154841,19.67698085,30.96612011,0.7123835959999999,0.311700456,0.225328246,0.007765363000000001,0.024912901,0.749758853,0.6917661190000001,0.268309984,0.801405638,0.0,0.979212272,0.6259972079999999,0.164474581,32.0,37.0,41.0,0.257686875,0.055950876,0.049461406,0.013894156999999999,0.055950876,0.360461121,0.069764868,0.019873001,0.049461406,0.069764868,0.11320322,0.021342114,0.013894156999999999,0.019873001,0.021342114,0.038362363,78435.0,96390.0,79695.0,60480.0,3.0,3.0,3.0,3.0,1.75e-06
8,1.0,3.0,315000.0,10.0,6.213884797,1.5218215030000002,4.079863088,7.8265636,5.50531843,9.353624646,21.21154841,19.67698085,30.96612011,0.7123835959999999,0.311700456,0.225328246,0.007765363000000001,0.024912901,0.749758853,0.6917661190000001,0.268309984,0.801405638,0.0,0.979212272,0.6259972079999999,0.164474581,32.0,37.0,41.0,0.257686875,0.055950876,0.049461406,0.013894156999999999,0.055950876,0.360461121,0.069764868,0.019873001,0.049461406,0.069764868,0.11320322,0.021342114,0.013894156999999999,0.019873001,0.021342114,0.038362363,78435.0,96390.0,79695.0,60480.0,3.0,3.0,3.0,3.0,1.87e-06
9,1.0,4.0,315000.0,10.0,6.213884797,1.5218215030000002,4.079863088,7.8265636,5.50531843,9.353624646,21.21154841,19.67698085,30.96612011,0.7123835959999999,0.311700456,0.225328246,0.007765363000000001,0.024912901,0.749758853,0.6917661190000001,0.268309984,0.801405638,0.0,0.979212272,0.6259972079999999,0.164474581,32.0,37.0,41.0,0.257686875,0.055950876,0.049461406,0.013894156999999999,0.055950876,0.360461121,0.069764868,0.019873001,0.049461406,0.069764868,0.11320322,0.021342114,0.013894156999999999,0.019873001,0.021342114,0.038362363,78435.0,96390.0,79695.0,60480.0,3.0,3.0,3.0,3.0,2e-06
10,2.0,0.0,315000.0,10.0,4.534097555,3.213320537,3.155656333,6.654051445,9.184957714,8.273668758,21.01226068,20.98182151,25.43482224,0.708579546,0.31776071300000003,0.38304584399999997,0.006954474,0.021885883,0.595068273,0.69497033,0.21939448,0.710533865,0.0,0.939104943,0.632015894,0.15592277400000001,32.0,37.0,41.0,0.257686875,0.055950876,0.049461406,0.013894156999999999,0.055950876,0.360461121,0.069764868,0.019873001,0.049461406,0.069764868,0.11320322,0.021342114,0.013894156999999999,0.019873001,0.021342114,0.038362363,78435.0,96390.0,79695.0,60480.0,3.0,3.0,3.0,3.0,1.5e-06
11,2.0,1.0,315000.0,10.0,4.534097555,3.213320537,3.155656333,6.654051445,9.184957714,8.273668758,21.01226068,20.98182151,25.43482224,0.708579546,0.31776071300000003,0.38304584399999997,0.006954474,0.021885883,0.595068273,0.69497033,0.21939448,0.710533865,0.0,0.939104943,0.632015894,0.15592277400000001,32.0,37.0,41.0,0.257686875,0.055950876,0.049461406,0.013894156999999999,0.055950876,0.360461121,0.069764868,0.019873001,0.049461406,0.069764868,0.11320322,0.021342114,0.013894156999999999,0.019873001,0.021342114,0.038362363,78435.0,96390.0,79695.0,60480.0,3.0,3.0,3.0,3.0,1.63e-06
12,2.0,2.0,315000.0,10.0,4.534097555,3.213320537,3.155656333,6.654051445,9.184957714,8.273668758,21.01226068,20.98182151,25.43482224,0.708579546,0.31776071300000003,0.38304584399999997,0.006954474,0.021885883,0.595068273,0.69497033,0.21939448,0.710533865,0.0,0.939104943,0.632015894,0.15592277400000001,32.0,37.0,41.0,0.257686875,0.055950876,0.049461406,0.013894156999999999,0.055950876,0.360461121,0.069764868,0.019873001,0.049461406,0.069764868,0.11320322,0.021342114,0.013894156999999999,0.019873001,0.021342114,0.038362363,78435.0,96390.0,79695.0,60480.0,3.0,3.0,3.0,3.0,1.75e-06
13,2.0,3.0,315000.0,10.0,4.534097555,3.213320537,3.155656333,6.654051445,9.184957714,8.273668758,21.01226068,20.98182151,25.43482224,0.708579546,0.31776071300000003,0.38304584399999997,0.006954474,0.021885883,0.595068273,0.69497033,0.21939448,0.710533865,0.0,0.939104943,0.632015894,0.15592277400000001,32.0,37.0,41.0,0.257686875,0.055950876,0.049461406,0.013894156999999999,0.055950876,0.360461121,0.069764868,0.019873001,0.049461406,0.069764868,0.11320322,0.021342114,0.013894156999999999,0.019873001,0.021342114,0.038362363,78435.0,96390.0,79695.0,60480.0,3.0,3.0,3.0,3.0,1.87e-06
14,2.0,4.0,315000.0,10.0,4.534097555,3.213320537,3.155656333,6.654051445,9.184957714,8.273668758,21.01226068,20.98182151,25.43482224,0.708579546,0.31776071300000003,0.38304584399999997,0.006954474,0.021885883,0.595068273,0.69497033,0.21939448,0.710533865,0.0,0.939104943,0.632015894,0.15592277400000001,32.0,37.0,41.0,0.257686875,0.055950876,0.049461406,0.013894156999999999,0.055950876,0.360461121,0.069764868,0.019873001,0.049461406,0.069764868,0.11320322,0.021342114,0.013894156999999999,0.019873001,0.021342114,0.038362363,78435.0,96390.0,79695.0,60480.0,3.0,3.0,3.0,3.0,2e-06
15,3.0,0.0,315000.0,10.0,5.079466068,2.948537453,8.484649441,6.278922355,5.43569409,8.110799948,19.4770163,20.70056658,31.13181423,0.515630177,0.463192661,0.286068788,0.005751109,0.012416236,0.7015149759999999,0.819380635,0.23970149100000002,0.862960055,0.0,0.955822572,0.7056140340000001,0.119617818,32.0,37.0,41.0,0.257686875,0.055950876,0.049461406,0.013894156999999999,0.055950876,0.360461121,0.069764868,0.019873001,0.049461406,0.069764868,0.11320322,0.021342114,0.013894156999999999,0.019873001,0.021342114,0.038362363,78435.0,96390.0,79695.0,60480.0,3.0,3.0,3.0,3.0,1.5e-06
16,3.0,1.0,315000.0,10.0,5.079466068,2.948537453,8.484649441,6.278922355,5.43569409,8.110799948,19.4770163,20.70056658,31.13181423,0.515630177,0.463192661,0.286068788,0.005751109,0.012416236,0.7015149759999999,0.819380635,0.23970149100000002,0.862960055,0.0,0.955822572,0.7056140340000001,0.119617818,32.0,37.0,41.0,0.257686875,0.055950876,0.049461406,0.013894156999999999,0.055950876,0.360461121,0.069764868,0.019873001,0.049461406,0.069764868,0.11320322,0.021342114,0.013894156999999999,0.019873001,0.021342114,0.038362363,78435.0,96390.0,79695.0,60480.0,3.0,3.0,3.0,3.0,1.63e-06
17,3.0,2.0,315000.0,10.0,5.079466068,2.948537453,8.484649441,6.278922355,5.43569409,8.110799948,19.4770163,20.70056658,31.13181423,0.515630177,0.463192661,0.286068788,0.005751109,0.012416236,0.7015149759999999,0.819380635,0.23970149100000002,0.862960055,0.0,0.955822572,0.7056140340000001,0.119617818,32.0,37.0,41.0,0.257686875,0.055950876,0.049461406,0.013894156999999999,0.055950876,0.360461121,0.069764868,0.019873001,0.049461406,0.069764868,0.11320322,0.021342114,0.013894156999999999,0.019873001,0.021342114,0.038362363,78435.0,96390.0,79695.0,60480.0,3.0,3.0,3.0,3.0,1.75e-06
18,3.0,3.0,315000.0,10.0,5.079466068,2.948537453,8.484649441,6.278922355,5.43569409,8.110799948,19.4770163,20.70056658,31.13181423,0.515630177,0.463192661,0.286068788,0.005751109,0.012416236,0.7015149759999999,0.819380635,0.23970149100000002,0.862960055,0.0,0.955822572,0.7056140340000001,0.119617818,32.0,37.0,41.0,0.257686875,0.055950876,0.049461406,0.013894156999999999,0.055950876,0.360461121,0.069764868,0.019873001,0.049461406,0.069764868,0.11320322,0.021342114,0.013894156999999999,0.019873001,0.021342114,0.038362363,78435.0,96390.0,79695.0,60480.0,3.0,3.0,3.0,3.0,1.87e-06
19,3.0,4.0,315000.0,10.0,5.079466068,2.948537453,8.484649441,6.278922355,5.43569409,8.110799948,19.4770163,20.70056658,31.13181423,0.515630177,0.463192661,0.286068788,0.005751109,0.012416236,0.7015149759999999,0.819380635,0.23970149100000002,0.862960055,0.0,0.955822572,0.7056140340000001,0.119617818,32.0,37.0,41.0,0.257686875,0.055950876,0.049461406,0.013894156999999999,0.055950876,0.360461121,0.069764868,0.019873001,0.049461406,0.069764868,0.11320322,0.021342114,0.013894156999999999,0.019873001,0.021342114,0.038362363,78435.0,96390.0,79695.0,60480.0,3.0,3.0,3.0,3.0,2e-06
20,4.0,0.0,315000.0,10.0,5.939741891000001,1.631990065,7.058573858,7.416673339,3.328836517,10.95034804,20.14531451,21.09784712,29.79597259,0.774288767,0.322054399,0.308215805,0.004410796,0.013695811,0.678088383,0.770964883,0.278356924,0.724635536,0.0,0.946828077,0.8737906870000001,0.047707119000000006,32.0,37.0,41.0,0.257686875,0.055950876,0.049461406,0.013894156999999999,0.055950876,0.360461121,0.069764868,0.019873001,0.049461406,0.069764868,0.11320322,0.021342114,0.013894156999999999,0.019873001,0.021342114,0.038362363,78435.0,96390.0,79695.0,60480.0,3.0,3.0,3.0,3.0,1.5e-06
21,4.0,1.0,315000.0,10.0,5.939741891000001,1.631990065,7.058573858,7.416673339,3.328836517,10.95034804,20.14531451,21.09784712,29.79597259,0.774288767,0.322054399,0.308215805,0.004410796,0.013695811,0.678088383,0.770964883,0.278356924,0.724635536,0.0,0.946828077,0.8737906870000001,0.047707119000000006,32.0,37.0,41.0,0.257686875,0.055950876,0.049461406,0.013894156999999999,0.055950876,0.360461121,0.069764868,0.019873001,0.049461406,0.069764868,0.11320322,0.021342114,0.013894156999999999,0.019873001,0.021342114,0.038362363,78435.0,96390.0,79695.0,60480.0,3.0,3.0,3.0,3.0,1.63e-06
22,4.0,2.0,315000.0,10.0,5.939741891000001,1.631990065,7.058573858,7.416673339,3.328836517,10.95034804,20.14531451,21.09784712,29.79597259,0.774288767,0.322054399,0.308215805,0.004410796,0.013695811,0.678088383,0.770964883,0.278356924,0.724635536,0.0,0.946828077,0.8737906870000001,0.047707119000000006,32.0,37.0,41.0,0.257686875,0.055950876,0.049461406,0.013894156999999999,0.055950876,0.360461121,0.069764868,0.019873001,0.049461406,0.069764868,0.11320322,0.021342114,0.013894156999999999,0.019873001,0.021342114,0.038362363,78435.0,96390.0,79695.0,60480.0,3.0,3.0,3.0,3.0,1.75e-06
23,4.0,3.0,315000.0,10.0,5.939741891000001,1.631990065,7.058573858,7.416673339,3.328836517,10.95034804,20.14531451,21.09784712,29.79597259,0.774288767,0.322054399,0.308215805,0.004410796,0.013695811,0.678088383,0.770964883,0.278356924,0.724635536,0.0,0.946828077,0.8737906870000001,0.047707119000000006,32.0,37.0,41.0,0.257686875,0.055950876,0.049461406,0.013894156999999999,0.055950876,0.360461121,0.069764868,0.019873001,0.049461406,0.069764868,0.11320322,0.021342114,0.013894156999999999,0.019873001,0.021342114,0.038362363,78435.0,96390.0,79695.0,60480.0,3.0,3.0,3.0,3.0,1.87e-06
24,4.0,4.0,315000.0,10.0,5.939741891000001,1.631990065,7.058573858,7.416673339,3.328836517,10.95034804,20.14531451,21.09784712,29.79597259,0.774288767,0.322054399,0.308215805,0.004410796,0.013695811,0.678088383,0.770964883,0.278356924,0.724635536,0.0,0.946828077,0.8737906870000001,0.047707119000000006,32.0,37.0,41.0,0.257686875,0.055950876,0.049461406,0.013894156999999999,0.055950876,0.360461121,0.069764868,0.019873001,0.049461406,0.069764868,0.11320322,0.021342114,0.013894156999999999,0.019873001,0.021342114,0.038362363,78435.0,96390.0,79695.0,60480.0,3.0,3.0,3.0,3.0,2e-06
25,5.0,0.0,315000.0,10.0,6.094888124,1.504078351,3.296419503,7.283741302,8.559249255,13.93158999,19.696129199999998,20.19263864,27.80965272,0.672026322,0.23838227,0.417410875,0.007764794,0.032572866,0.550016259,0.708552576,0.230235146,0.734449905,0.0,0.9081924379999999,0.8820611309999999,0.051267939000000005,32.0,37.0,41.0,0.257686875,0.055950876,0.049461406,0.013894156999999999,0.055950876,0.360461121,0.069764868,0.019873001,0.049461406,0.069764868,0.11320322,0.021342114,0.013894156999999999,0.019873001,0.021342114,0.038362363,78435.0,96390.0,79695.0,60480.0,3.0,3.0,3.0,3.0,1.5e-06
26,5.0,1.0,315000.0,10.0,6.094888124,1.504078351,3.296419503,7.283741302,8.559249255,13.93158999,19.696129199999998,20.19263864,27.80965272,0.672026322,0.23838227,0.417410875,0.007764794,0.032572866,0.550016259,0.708552576,0.230235146,0.734449905,0.0,0.9081924379999999,0.8820611309999999,0.051267939000000005,32.0,37.0,41.0,0.257686875,0.055950876,0.049461406,0.013894156999999999,0.055950876,0.360461121,0.069764868,0.019873001,0.049461406,0.069764868,0.11320322,0.021342114,0.013894156999999999,0.019873001,0.021342114,0.038362363,78435.0,96390.0,79695.0,60480.0,3.0,3.0,3.0,3.0,1.63e-06
27,5.0,2.0,315000.0,10.0,6.094888124,1.504078351,3.296419503,7.283741302,8.559249255,13.93158999,19.696129199999998,20.19263864,27.80965272,0.672026322,0.23838227,0.417410875,0.007764794,0.032572866,0.550016259,0.708552576,0.230235146,0.734449905,0.0,0.9081924379999999,0.8820611309999999,0.051267939000000005,32.0,37.0,41.0,0.257686875,0.055950876,0.049461406,0.013894156999999999,0.055950876,0.360461121,0.069764868,0.019873001,0.049461406,0.069764868,0.11320322,0.021342114,0.013894156999999999,0.019873001,0.021342114,0.038362363,78435.0,96390.0,79695.0,60480.0,3.0,3.0,3.0,3.0,1.75e-06
28,5.0,3.0,315000.0,10.0,6.094888124,1.504078351,3.296419503,7.283741302,8.559249255,13.93158999,19.696129199999998,20.19263864,27.80965272,0.672026322,0.23838227,0.417410875,0.007764794,0.032572866,0.550016259,0.708552576,0.230235146,0.734449905,0.0,0.9081924379999999,0.8820611309999999,0.051267939000000005,32.0,37.0,41.0,0.257686875,0.055950876,0.049461406,0.013894156999999999,0.055950876,0.360461121,0.069764868,0.019873001,0.049461406,0.069764868,0.11320322,0.021342114,0.013894156999999999,0.019873001,0.021342114,0.038362363,78435.0,96390.0,79695.0,60480.0,3.0,3.0,3.0,3.0,1.87e-06
29,5.0,4.0,315000.0,10.0,6.094888124,1.504078351,3.296419503,7.283741302,8.559249255,13.93158999,19.696129199999998,20.19263864,27.80965272,0.672026322,0.23838227,0.417410875,0.007764794,0.032572866,0.550016259,0.708552576,0.230235146,0.734449905,0.0,0.9081924379999999,0.8820611309999999,0.051267939000000005,32.0,37.0,41.0,0.257686875,0.055950876,0.049461406,0.013894156999999999,0.055950876,0.360461121,0.069764868,0.019873001,0.049461406,0.069764868,0.11320322,0.021342114,0.013894156999999999,0.019873001,0.021342114,0.038362363,78435.0,96390.0,79695.0,60480.0,3.0,3.0,3.0,3.0,2e-06
30,6.0,0.0,315000.0,10.0,4.762772851,4.113483544,6.346610352999999,4.333324441999999,10.81031692,15.26599915,20.92719088,19.63218584,28.34077411,0.7688397220000001,0.43140409399999996,0.311594036,0.005336404,0.012369848999999999,0.676036115,0.720100959,0.23395502399999998,0.762025911,0.0,0.93202893,0.623827963,0.137531546,32.0,37.0,41.0,0.257686875,0.055950876,0.049461406,0.013894156999999999,0.055950876,0.360461121,0.069764868,0.019873001,0.049461406,0.069764868,0.11320322,0.021342114,0.013894156999999999,0.019873001,0.021342114,0.038362363,78435.0,96390.0,79695.0,60480.0,3.0,3.0,3.0,3.0,1.5e-06
31,6.0,1.0,315000.0,10.0,4.762772851,4.113483544,6.346610352999999,4.333324441999999,10.81031692,15.26599915,20.92719088,19.63218584,28.34077411,0.7688397220000001,0.43140409399999996,0.311594036,0.005336404,0.012369848999999999,0.676036115,0.720100959,0.23395502399999998,0.762025911,0.0,0.93202893,0.623827963,0.137531546,32.0,37.0,41.0,0.257686875,0.055950876,0.049461406,0.013894156999999999,0.055950876,0.360461121,0.069764868,0.019873001,0.049461406,0.069764868,0.11320322,0.021342114,0.013894156999999999,0.019873001,0.021342114,0.038362363,78435.0,96390.0,79695.0,60480.0,3.0,3.0,3.0,3.0,1.63e-06
32,6.0,2.0,315000.0,10.0,4.762772851,4.113483544,6.346610352999999,4.333324441999999,10.81031692,15.26599915,20.92719088,19.63218584,28.34077411,0.7688397220000001,0.43140409399999996,0.311594036,0.005336404,0.012369848999999999,0.676036115,0.720100959,0.23395502399999998,0.762025911,0.0,0.93202893,0.623827963,0.137531546,32.0,37.0,41.0,0.257686875,0.055950876,0.049461406,0.013894156999999999,0.055950876,0.360461121,0.069764868,0.019873001,0.049461406,0.069764868,0.11320322,0.021342114,0.013894156999999999,0.019873001,0.021342114,0.038362363,78435.0,96390.0,79695.0,60480.0,3.0,3.0,3.0,3.0,1.75e-06
33,6.0,3.0,315000.0,10.0,4.762772851,4.113483544,6.346610352999999,4.333324441999999,10.81031692,15.26599915,20.92719088,19.63218584,28.34077411,0.7688397220000001,0.43140409399999996,0.311594036,0.005336404,0.012369848999999999,0.676036115,0.720100959,0.23395502399999998,0.762025911,0.0,0.93202893,0.623827963,0.137531546,32.0,37.0,41.0,0.257686875,0.055950876,0.049461406,0.013894156999999999,0.055950876,0.360461121,0.069764868,0.019873001,0.049461406,0.069764868,0.11320322,0.021342114,0.013894156999999999,0.019873001,0.021342114,0.038362363,78435.0,96390.0,79695.0,60480.0,3.0,3.0,3.0,3.0,1.87e-06
34,6.0,4.0,315000.0,10.0,4.762772851,4.113483544,6.346610352999999,4.333324441999999,10.81031692,15.26599915,20.92719088,19.63218584,28.34077411,0.7688397220000001,0.43140409399999996,0.311594036,0.005336404,0.012369848999999999,0.676036115,0.720100959,0.23395502399999998,0.762025911,0.0,0.93202893,0.623827963,0.137531546,32.0,37.0,41.0,0.257686875,0.055950876,0.049461406,0.013894156999999999,0.055950876,0.360461121,0.069764868,0.019873001,0.049461406,0.069764868,0.11320322,0.021342114,0.013894156999999999,0.019873001,0.021342114,0.038362363,78435.0,96390.0,79695.0,60480.0,3.0,3.0,3.0,3.0,2e-06
35,7.0,0.0,315000.0,10.0,5.920847589,3.953501057,9.385891379,5.0571855160000005,5.873192339,10.332272999999999,19.60523623,19.80628494,29.27413371,0.510971826,0.399096911,0.199450202,0.004084817,0.010235151999999999,0.7903146459999999,0.650647545,0.255323193,0.841816475,0.0,0.9436998990000001,0.647311844,0.26423255,32.0,37.0,41.0,0.257686875,0.055950876,0.049461406,0.013894156999999999,0.055950876,0.360461121,0.069764868,0.019873001,0.049461406,0.069764868,0.11320322,0.021342114,0.013894156999999999,0.019873001,0.021342114,0.038362363,78435.0,96390.0,79695.0,60480.0,3.0,3.0,3.0,3.0,1.5e-06
36,7.0,1.0,315000.0,10.0,5.920847589,3.953501057,9.385891379,5.0571855160000005,5.873192339,10.332272999999999,19.60523623,19.80628494,29.27413371,0.510971826,0.399096911,0.199450202,0.004084817,0.010235151999999999,0.7903146459999999,0.650647545,0.255323193,0.841816475,0.0,0.9436998990000001,0.647311844,0.26423255,32.0,37.0,41.0,0.257686875,0.055950876,0.049461406,0.013894156999999999,0.055950876,0.360461121,0.069764868,0.019873001,0.049461406,0.069764868,0.11320322,0.021342114,0.013894156999999999,0.019873001,0.021342114,0.038362363,78435.0,96390.0,79695.0,60480.0,3.0,3.0,3.0,3.0,1.63e-06
37,7.0,2.0,315000.0,10.0,5.920847589,3.953501057,9.385891379,5.0571855160000005,5.873192339,10.332272999999999,19.60523623,19.80628494,29.27413371,0.510971826,0.399096911,0.199450202,0.004084817,0.010235151999999999,0.7903146459999999,0.650647545,0.255323193,0.841816475,0.0,0.9436998990000001,0.647311844,0.26423255,32.0,37.0,41.0,0.257686875,0.055950876,0.049461406,0.013894156999999999,0.055950876,0.360461121,0.069764868,0.019873001,0.049461406,0.069764868,0.11320322,0.021342114,0.013894156999999999,0.019873001,0.021342114,0.038362363,78435.0,96390.0,79695.0,60480.0,3.0,3.0,3.0,3.0,1.75e-06
38,7.0,3.0,315000.0,10.0,5.920847589,3.953501057,9.385891379,5.0571855160000005,5.873192339,10.332272999999999,19.60523623,19.80628494,29.27413371,0.510971826,0.399096911,0.199450202,0.004084817,0.010235151999999999,0.7903146459999999,0.650647545,0.255323193,0.841816475,0.0,0.9436998990000001,0.647311844,0.26423255,32.0,37.0,41.0,0.257686875,0.055950876,0.049461406,0.013894156999999999,0.055950876,0.360461121,0.069764868,0.019873001,0.049461406,0.069764868,0.11320322,0.021342114,0.013894156999999999,0.019873001,0.021342114,0.038362363,78435.0,96390.0,79695.0,60480.0,3.0,3.0,3.0,3.0,1.87e-06
39,7.0,4.0,315000.0,10.0,5.920847589,3.953501057,9.385891379,5.0571855160000005,5.873192339,10.332272999999999,19.60523623,19.80628494,29.27413371,0.510971826,0.399096911,0.199450202,0.004084817,0.010235151999999999,0.7903146459999999,0.650647545,0.255323193,0.841816475,0.0,0.9436998990000001,0.647311844,0.26423255,32.0,37.0,41.0,0.257686875,0.055950876,0.049461406,0.013894156999999999,0.055950876,0.360461121,0.069764868,0.019873001,0.049461406,0.069764868,0.11320322,0.021342114,0.013894156999999999,0.019873001,0.021342114,0.038362363,78435.0,96390.0,79695.0,60480.0,3.0,3.0,3.0,3.0,2e-06
40,8.0,0.0,315000.0,10.0,6.331544301,4.125943165,7.416117167,4.221280523,3.589305636,9.158320871,20.86279265,20.14559897,27.16923734,0.751187059,0.42177549299999995,0.19478446,0.0048904940000000004,0.011595018,0.793620522,0.611791329,0.22921520199999998,0.813708385,0.0,0.9982332309999999,0.818672827,0.067608608,32.0,37.0,41.0,0.257686875,0.055950876,0.049461406,0.013894156999999999,0.055950876,0.360461121,0.069764868,0.019873001,0.049461406,0.069764868,0.11320322,0.021342114,0.013894156999999999,0.019873001,0.021342114,0.038362363,78435.0,96390.0,79695.0,60480.0,3.0,3.0,3.0,3.0,1.5e-06
41,8.0,1.0,315000.0,10.0,6.331544301,4.125943165,7.416117167,4.221280523,3.589305636,9.158320871,20.86279265,20.14559897,27.16923734,0.751187059,0.42177549299999995,0.19478446,0.0048904940000000004,0.011595018,0.793620522,0.611791329,0.22921520199999998,0.813708385,0.0,0.9982332309999999,0.818672827,0.067608608,32.0,37.0,41.0,0.257686875,0.055950876,0.049461406,0.013894156999999999,0.055950876,0.360461121,0.069764868,0.019873001,0.049461406,0.069764868,0.11320322,0.021342114,0.013894156999999999,0.019873001,0.021342114,0.038362363,78435.0,96390.0,79695.0,60480.0,3.0,3.0,3.0,3.0,1.63e-06
42,8.0,2.0,315000.0,10.0,6.331544301,4.125943165,7.416117167,4.221280523,3.589305636,9.158320871,20.86279265,20.14559897,27.16923734,0.751187059,0.42177549299999995,0.19478446,0.0048904940000000004,0.011595018,0.793620522,0.611791329,0.22921520199999998,0.813708385,0.0,0.9982332309999999,0.818672827,0.067608608,32.0,37.0,41.0,0.257686875,0.055950876,0.049461406,0.013894156999999999,0.055950876,0.360461121,0.069764868,0.019873001,0.049461406,0.069764868,0.11320322,0.021342114,0.013894156999999999,0.019873001,0.021342114,0.038362363,78435.0,96390.0,79695.0,60480.0,3.0,3.0,3.0,3.0,1.75e-06
43,8.0,3.0,315000.0,10.0,6.331544301,4.125943165,7.416117167,4.221280523,3.589305636,9.158320871,20.86279265,20.14559897,27.16923734,0.751187059,0.42177549299999995,0.19478446,0.0048904940000000004,0.011595018,0.793620522,0.611791329,0.22921520199999998,0.813708385,0.0,0.9982332309999999,0.818672827,0.067608608,32.0,37.0,41.0,0.257686875,0.055950876,0.049461406,0.013894156999999999,0.055950876,0.360461121,0.069764868,0.019873001,0.049461406,0.069764868,0.11320322,0.021342114,0.013894156999999999,0.019873001,0.021342114,0.038362363,78435.0,96390.0,79695.0,60480.0,3.0,3.0,3.0,3.0,1.87e-06
44,8.0,4.0,315000.0,10.0,6.331544301,4.125943165,7.416117167,4.221280523,3.589305636,9.158320871,20.86279265,20.14559897,27.16923734,0.751187059,0.42177549299999995,0.19478446,0.0048904940000000004,0.011595018,0.793620522,0.611791329,0.22921520199999998,0.813708385,0.0,0.9982332309999999,0.818672827,0.067608608,32.0,37.0,41.0,0.257686875,0.055950876,0.049461406,0.013894156999999999,0.055950876,0.360461121,0.069764868,0.019873001,0.049461406,0.069764868,0.11320322,0.021342114,0.013894156999999999,0.019873001,0.021342114,0.038362363,78435.0,96390.0,79695.0,60480.0,3.0,3.0,3.0,3.0,2e-06
45,9.0,0.0,315000.0,10.0,6.521415492,1.248608096,3.604990158,4.728817464,4.105792792,6.067705436000001,20.90728088,20.86901696,30.30364951,0.708144159,0.221345496,0.388920912,0.0042246029999999995,0.019086011,0.591993077,0.64207849,0.247435778,0.722679521,0.0,0.9202207790000001,0.788614785,0.061991658,32.0,37.0,41.0,0.257686875,0.055950876,0.049461406,0.013894156999999999,0.055950876,0.360461121,0.069764868,0.019873001,0.049461406,0.069764868,0.11320322,0.021342114,0.013894156999999999,0.019873001,0.021342114,0.038362363,78435.0,96390.0,79695.0,60480.0,3.0,3.0,3.0,3.0,1.5e-06
46,9.0,1.0,315000.0,10.0,6.521415492,1.248608096,3.604990158,4.728817464,4.105792792,6.067705436000001,20.90728088,20.86901696,30.30364951,0.708144159,0.221345496,0.388920912,0.0042246029999999995,0.019086011,0.591993077,0.64207849,0.247435778,0.722679521,0.0,0.9202207790000001,0.788614785,0.061991658,32.0,37.0,41.0,0.257686875,0.055950876,0.049461406,0.013894156999999999,0.055950876,0.360461121,0.069764868,0.019873001,0.049461406,0.069764868,0.11320322,0.021342114,0.013894156999999999,0.019873001,0.021342114,0.038362363,78435.0,96390.0,79695.0,60480.0,3.0,3.0,3.0,3.0,1.63e-06
47,9.0,2.0,315000.0,10.0,6.521415492,1.248608096,3.604990158,4.728817464,4.105792792,6.067705436000001,20.90728088,20.86901696,30.30364951,0.708144159,0.221345496,0.388920912,0.0042246029999999995,0.019086011,0.591993077,0.64207849,0.247435778,0.722679521,0.0,0.9202207790000001,0.788614785,0.061991658,32.0,37.0,41.0,0.257686875,0.055950876,0.049461406,0.013894156999999999,0.055950876,0.360461121,0.069764868,0.019873001,0.049461406,0.069764868,0.11320322,0.021342114,0.013894156999999999,0.019873001,0.021342114,0.038362363,78435.0,96390.0,79695.0,60480.0,3.0,3.0,3.0,3.0,1.75e-06
48,9.0,3.0,315000.0,10.0,6.521415492,1.248608096,3.604990158,4.728817464,4.105792792,6.067705436000001,20.90728088,20.86901696,30.30364951,0.708144159,0.221345496,0.388920912,0.0042246029999999995,0.019086011,0.591993077,0.64207849,0.247435778,0.722679521,0.0,0.9202207790000001,0.788614785,0.061991658,32.0,37.0,41.0,0.257686875,0.055950876,0.049461406,0.013894156999999999,0.055950876,0.360461121,0.069764868,0.019873001,0.049461406,0.069764868,0.11320322,0.021342114,0.013894156999999999,0.019873001,0.021342114,0.038362363,78435.0,96390.0,79695.0,60480.0,3.0,3.0,3.0,3.0,1.87e-06
49,9.0,4.0,315000.0,10.0,6.521415492,1.248608096,3.604990158,4.728817464,4.105792792,6.067705436000001,20.90728088,20.86901696,30.30364951,0.708144159,0.221345496,0.388920912,0.0042246029999999995,0.019086011,0.591993077,0.64207849,0.247435778,0.722679521,0.0,0.9202207790000001,0.788614785,0.061991658,32.0,37.0,41.0,0.257686875,0.055950876,0.049461406,0.013894156999999999,0.055950876,0.360461121,0.069764868,0.019873001,0.049461406,0.069764868,0.11320322,0.021342114,0.013894156999999999,0.019873001,0.021342114,0.038362363,78435.0,96390.0,79695.0,60480.0,3.0,3.0,3.0,3.0,2e-06
50,10.0,0.0,315000.0,10.0,6.485325597,3.0971105519999997,5.057571095,7.712384137000001,10.29565062,15.57456088,19.44229732,20.69428726,27.72004086,0.604945314,0.427269257,0.26060832,0.006034655999999999,0.014123776999999999,0.725267903,0.669661869,0.265075836,0.749281038,0.0,0.9373325809999999,0.665760751,0.216591388,32.0,37.0,41.0,0.257686875,0.055950876,0.049461406,0.013894156999999999,0.055950876,0.360461121,0.069764868,0.019873001,0.049461406,0.069764868,0.11320322,0.021342114,0.013894156999999999,0.019873001,0.021342114,0.038362363,78435.0,96390.0,79695.0,60480.0,3.0,3.0,3.0,3.0,1.5e-06
51,10.0,1.0,315000.0,10.0,6.485325597,3.0971105519999997,5.057571095,7.712384137000001,10.29565062,15.57456088,19.44229732,20.69428726,27.72004086,0.604945314,0.427269257,0.26060832,0.006034655999999999,0.014123776999999999,0.725267903,0.669661869,0.265075836,0.749281038,0.0,0.9373325809999999,0.665760751,0.216591388,32.0,37.0,41.0,0.257686875,0.055950876,0.049461406,0.013894156999999999,0.055950876,0.360461121,0.069764868,0.019873001,0.049461406,0.069764868,0.11320322,0.021342114,0.013894156999999999,0.019873001,0.021342114,0.038362363,78435.0,96390.0,79695.0,60480.0,3.0,3.0,3.0,3.0,1.63e-06
52,10.0,2.0,315000.0,10.0,6.485325597,3.0971105519999997,5.057571095,7.712384137000001,10.29565062,15.57456088,19.44229732,20.69428726,27.72004086,0.604945314,0.427269257,0.26060832,0.006034655999999999,0.014123776999999999,0.725267903,0.669661869,0.265075836,0.749281038,0.0,0.9373325809999999,0.665760751,0.216591388,32.0,37.0,41.0,0.257686875,0.055950876,0.049461406,0.013894156999999999,0.055950876,0.360461121,0.069764868,0.019873001,0.049461406,0.069764868,0.11320322,0.021342114,0.013894156999999999,0.019873001,0.021342114,0.038362363,78435.0,96390.0,79695.0,60480.0,3.0,3.0,3.0,3.0,1.75e-06
53,10.0,3.0,315000.0,10.0,6.485325597,3.0971105519999997,5.057571095,7.712384137000001,10.29565062,15.57456088,19.44229732,20.69428726,27.72004086,0.604945314,0.427269257,0.26060832,0.006034655999999999,0.014123776999999999,0.725267903,0.669661869,0.265075836,0.749281038,0.0,0.9373325809999999,0.665760751,0.216591388,32.0,37.0,41.0,0.257686875,0.055950876,0.049461406,0.013894156999999999,0.055950876,0.360461121,0.069764868,0.019873001,0.049461406,0.069764868,0.11320322,0.021342114,0.013894156999999999,0.019873001,0.021342114,0.038362363,78435.0,96390.0,79695.0,60480.0,3.0,3.0,3.0,3.0,1.87e-06
54,10.0,4.0,315000.0,10.0,6.485325597,3.0971105519999997,5.057571095,7.712384137000001,10.29565062,15.57456088,19.44229732,20.69428726,27.72004086,0.604945314,0.427269257,0.26060832,0.006034655999999999,0.014123776999999999,0.725267903,0.669661869,0.265075836,0.749281038,0.0,0.9373325809999999,0.665760751,0.216591388,32.0,37.0,41.0,0.257686875,0.055950876,0.049461406,0.013894156999999999,0.055950876,0.360461121,0.069764868,0.019873001,0.049461406,0.069764868,0.11320322,0.021342114,0.013894156999999999,0.019873001,0.021342114,0.038362363,78435.0,96390.0,79695.0,60480.0,3.0,3.0,3.0,3.0,2e-06
55,11.0,0.0,315000.0,10.0,6.574285494,2.840907335,9.846832922,5.997852902000001,3.131091521,7.383506317999999,19.82990578,20.7844068,30.186389000000002,0.5647550179999999,0.438124791,0.294110369,0.005824793000000001,0.013294825,0.6925948059999999,0.620697091,0.200142373,0.725660339,0.0,0.921911765,0.792660962,0.044731888,32.0,37.0,41.0,0.257686875,0.055950876,0.049461406,0.013894156999999999,0.055950876,0.360461121,0.069764868,0.019873001,0.049461406,0.069764868,0.11320322,0.021342114,0.013894156999999999,0.019873001,0.021342114,0.038362363,78435.0,96390.0,79695.0,60480.0,3.0,3.0,3.0,3.0,1.5e-06
56,11.0,1.0,315000.0,10.0,6.574285494,2.840907335,9.846832922,5.997852902000001,3.131091521,7.383506317999999,19.82990578,20.7844068,30.186389000000002,0.5647550179999999,0.438124791,0.294110369,0.005824793000000001,0.013294825,0.6925948059999999,0.620697091,0.200142373,0.725660339,0.0,0.921911765,0.792660962,0.044731888,32.0,37.0,41.0,0.257686875,0.055950876,0.049461406,0.013894156999999999,0.055950876,0.360461121,0.069764868,0.019873001,0.049461406,0.069764868,0.11320322,0.021342114,0.013894156999999999,0.019873001,0.021342114,0.038362363,78435.0,96390.0,79695.0,60480.0,3.0,3.0,3.0,3.0,1.63e-06
57,11.0,2.0,315000.0,10.0,6.574285494,2.840907335,9.846832922,5.997852902000001,3.131091521,7.383506317999999,19.82990578,20.7844068,30.186389000000002,0.5647550179999999,0.438124791,0.294110369,0.005824793000000001,0.013294825,0.6925948059999999,0.620697091,0.200142373,0.725660339,0.0,0.921911765,0.792660962,0.044731888,32.0,37.0,41.0,0.257686875,0.055950876,0.049461406,0.013894156999999999,0.055950876,0.360461121,0.069764868,0.019873001,0.049461406,0.069764868,0.11320322,0.021342114,0.013894156999999999,0.019873001,0.021342114,0.038362363,78435.0,96390.0,79695.0,60480.0,3.0,3.0,3.0,3.0,1.75e-06
58,11.0,3.0,315000.0,10.0,6.574285494,2.840907335,9.846832922,5.997852902000001,3.131091521,7.383506317999999,19.82990578,20.7844068,30.186389000000002,0.5647550179999999,0.438124791,0.294110369,0.005824793000000001,0.013294825,0.6925948059999999,0.620697091,0.200142373,0.725660339,0.0,0.921911765,0.792660962,0.044731888,32.0,37.0,41.0,0.257686875,0.055950876,0.049461406,0.013894156999999999,0.055950876,0.360461121,0.069764868,0.019873001,0.049461406,0.069764868,0.11320322,0.021342114,0.013894156999999999,0.019873001,0.021342114,0.038362363,78435.0,96390.0,79695.0,60480.0,3.0,3.0,3.0,3.0,1.87e-06
59,11.0,4.0,315000.0,10.0,6.574285494,2.840907335,9.846832922,5.997852902000001,3.131091521,7.383506317999999,19.82990578,20.7844068,30.186389000000002,0.5647550179999999,0.438124791,0.294110369,0.005824793000000001,0.013294825,0.6925948059999999,0.620697091,0.200142373,0.725660339,0.0,0.921911765,0.792660962,0.044731888,32.0,37.0,41.0,0.257686875,0.055950876,0.049461406,0.013894156999999999,0.055950876,0.360461121,0.069764868,0.019873001,0.049461406,0.069764868,0.11320322,0.021342114,0.013894156999999999,0.019873001,0.021342114,0.038362363,78435.0,96390.0,79695.0,60480.0,3.0,3.0,3.0,3.0,2e-06
60,12.0,0.0,315000.0,10.0,4.55037469,4.223507489,5.961303201000001,8.00029086,10.49272722,9.402176653,20.21859689,19.61095492,29.68131396,0.54216317,0.408406676,0.198197763,0.006515521999999999,0.015953514,0.785848723,0.706586369,0.22802877100000002,0.85694197,0.0,0.91292182,0.8833075459999999,0.229296289,32.0,37.0,41.0,0.257686875,0.055950876,0.049461406,0.013894156999999999,0.055950876,0.360461121,0.069764868,0.019873001,0.049461406,0.069764868,0.11320322,0.021342114,0.013894156999999999,0.019873001,0.021342114,0.038362363,78435.0,96390.0,79695.0,60480.0,3.0,3.0,3.0,3.0,1.5e-06
61,12.0,1.0,315000.0,10.0,4.55037469,4.223507489,5.961303201000001,8.00029086,10.49272722,9.402176653,20.21859689,19.61095492,29.68131396,0.54216317,0.408406676,0.198197763,0.006515521999999999,0.015953514,0.785848723,0.706586369,0.22802877100000002,0.85694197,0.0,0.91292182,0.8833075459999999,0.229296289,32.0,37.0,41.0,0.257686875,0.055950876,0.049461406,0.013894156999999999,0.055950876,0.360461121,0.069764868,0.019873001,0.049461406,0.069764868,0.11320322,0.021342114,0.013894156999999999,0.019873001,0.021342114,0.038362363,78435.0,96390.0,79695.0,60480.0,3.0,3.0,3.0,3.0,1.63e-06
62,12.0,2.0,315000.0,10.0,4.55037469,4.223507489,5.961303201000001,8.00029086,10.49272722,9.402176653,20.21859689,19.61095492,29.68131396,0.54216317,0.408406676,0.198197763,0.006515521999999999,0.015953514,0.785848723,0.706586369,0.22802877100000002,0.85694197,0.0,0.91292182,0.8833075459999999,0.229296289,32.0,37.0,41.0,0.257686875,0.055950876,0.049461406,0.013894156999999999,0.055950876,0.360461121,0.069764868,0.019873001,0.049461406,0.069764868,0.11320322,0.021342114,0.013894156999999999,0.019873001,0.021342114,0.038362363,78435.0,96390.0,79695.0,60480.0,3.0,3.0,3.0,3.0,1.75e-06
63,12.0,3.0,315000.0,10.0,4.55037469,4.223507489,5.961303201000001,8.00029086,10.49272722,9.402176653,20.21859689,19.61095492,29.68131396,0.54216317,0.408406676,0.198197763,0.006515521999999999,0.015953514,0.785848723,0.706586369,0.22802877100000002,0.85694197,0.0,0.91292182,0.8833075459999999,0.229296289,32.0,37.0,41.0,0.257686875,0.055950876,0.049461406,0.013894156999999999,0.055950876,0.360461121,0.069764868,0.019873001,0.049461406,0.069764868,0.11320322,0.021342114,0.013894156999999999,0.019873001,0.021342114,0.038362363,78435.0,96390.0,79695.0,60480.0,3.0,3.0,3.0,3.0,1.87e-06
64,12.0,4.0,315000.0,10.0,4.55037469,4.223507489,5.961303201000001,8.00029086,10.49272722,9.402176653,20.21859689,19.61095492,29.68131396,0.54216317,0.408406676,0.198197763,0.006515521999999999,0.015953514,0.785848723,0.706586369,0.22802877100000002,0.85694197,0.0,0.91292182,0.8833075459999999,0.229296289,32.0,37.0,41.0,0.257686875,0.055950876,0.049461406,0.013894156999999999,0.055950876,0.360461121,0.069764868,0.019873001,0.049461406,0.069764868,0.11320322,0.021342114,0.013894156999999999,0.019873001,0.021342114,0.038362363,78435.0,96390.0,79695.0,60480.0,3.0,3.0,3.0,3.0,2e-06
65,13.0,0.0,315000.0,10.0,5.378889217,4.703302289,5.438879011,8.454278127,7.714130616,13.94665248,20.445607100000004,19.69963257,27.56041252,0.744970131,0.364834211,0.27171011899999997,0.005581332,0.01529827,0.712991611,0.870838757,0.205778792,0.731920281,0.0,0.926256176,0.608843854,0.20379470600000002,32.0,37.0,41.0,0.257686875,0.055950876,0.049461406,0.013894156999999999,0.055950876,0.360461121,0.069764868,0.019873001,0.049461406,0.069764868,0.11320322,0.021342114,0.013894156999999999,0.019873001,0.021342114,0.038362363,78435.0,96390.0,79695.0,60480.0,3.0,3.0,3.0,3.0,1.5e-06
66,13.0,1.0,315000.0,10.0,5.378889217,4.703302289,5.438879011,8.454278127,7.714130616,13.94665248,20.445607100000004,19.69963257,27.56041252,0.744970131,0.364834211,0.27171011899999997,0.005581332,0.01529827,0.712991611,0.870838757,0.205778792,0.731920281,0.0,0.926256176,0.608843854,0.20379470600000002,32.0,37.0,41.0,0.257686875,0.055950876,0.049461406,0.013894156999999999,0.055950876,0.360461121,0.069764868,0.019873001,0.049461406,0.069764868,0.11320322,0.021342114,0.013894156999999999,0.019873001,0.021342114,0.038362363,78435.0,96390.0,79695.0,60480.0,3.0,3.0,3.0,3.0,1.63e-06
67,13.0,2.0,315000.0,10.0,5.378889217,4.703302289,5.438879011,8.454278127,7.714130616,13.94665248,20.445607100000004,19.69963257,27.56041252,0.744970131,0.364834211,0.27171011899999997,0.005581332,0.01529827,0.712991611,0.870838757,0.205778792,0.731920281,0.0,0.926256176,0.608843854,0.20379470600000002,32.0,37.0,41.0,0.257686875,0.055950876,0.049461406,0.013894156999999999,0.055950876,0.360461121,0.069764868,0.019873001,0.049461406,0.069764868,0.11320322,0.021342114,0.013894156999999999,0.019873001,0.021342114,0.038362363,78435.0,96390.0,79695.0,60480.0,3.0,3.0,3.0,3.0,1.75e-06
68,13.0,3.0,315000.0,10.0,5.378889217,4.703302289,5.438879011,8.454278127,7.714130616,13.94665248,20.445607100000004,19.69963257,27.56041252,0.744970131,0.364834211,0.27171011899999997,0.005581332,0.01529827,0.712991611,0.870838757,0.205778792,0.731920281,0.0,0.926256176,0.608843854,0.20379470600000002,32.0,37.0,41.0,0.257686875,0.055950876,0.049461406,0.013894156999999999,0.055950876,0.360461121,0.069764868,0.019873001,0.049461406,0.069764868,0.11320322,0.021342114,0.013894156999999999,0.019873001,0.021342114,0.038362363,78435.0,96390.0,79695.0,60480.0,3.0,3.0,3.0,3.0,1.87e-06
69,13.0,4.0,315000.0,10.0,5.378889217,4.703302289,5.438879011,8.454278127,7.714130616,13.94665248,20.445607100000004,19.69963257,27.56041252,0.744970131,0.364834211,0.27171011899999997,0.005581332,0.01529827,0.712991611,0.870838757,0.205778792,0.731920281,0.0,0.926256176,0.608843854,0.20379470600000002,32.0,37.0,41.0,0.257686875,0.055950876,0.049461406,0.013894156999999999,0.055950876,0.360461121,0.069764868,0.019873001,0.049461406,0.069764868,0.11320322,0.021342114,0.013894156999999999,0.019873001,0.021342114,0.038362363,78435.0,96390.0,79695.0,60480.0,3.0,3.0,3.0,3.0,2e-06
70,14.0,0.0,315000.0,10.0,5.006015776,1.1551070429999999,7.010404948,6.029572834,9.443174837,9.835762746,20.08006724,20.5180241,25.92909219,0.5232812020000001,0.495673033,0.199486606,0.0033270070000000003,0.006712100000000001,0.7938012940000001,0.768734013,0.20367396399999999,0.724788793,0.0,0.961138631,0.8692129959999999,0.231292516,32.0,37.0,41.0,0.257686875,0.055950876,0.049461406,0.013894156999999999,0.055950876,0.360461121,0.069764868,0.019873001,0.049461406,0.069764868,0.11320322,0.021342114,0.013894156999999999,0.019873001,0.021342114,0.038362363,78435.0,96390.0,79695.0,60480.0,3.0,3.0,3.0,3.0,1.5e-06
71,14.0,1.0,315000.0,10.0,5.006015776,1.1551070429999999,7.010404948,6.029572834,9.443174837,9.835762746,20.08006724,20.5180241,25.92909219,0.5232812020000001,0.495673033,0.199486606,0.0033270070000000003,0.006712100000000001,0.7938012940000001,0.768734013,0.20367396399999999,0.724788793,0.0,0.961138631,0.8692129959999999,0.231292516,32.0,37.0,41.0,0.257686875,0.055950876,0.049461406,0.013894156999999999,0.055950876,0.360461121,0.069764868,0.019873001,0.049461406,0.069764868,0.11320322,0.021342114,0.013894156999999999,0.019873001,0.021342114,0.038362363,78435.0,96390.0,79695.0,60480.0,3.0,3.0,3.0,3.0,1.63e-06
72,14.0,2.0,315000.0,10.0,5.006015776,1.1551070429999999,7.010404948,6.029572834,9.443174837,9.835762746,20.08006724,20.5180241,25.92909219,0.5232812020000001,0.495673033,0.199486606,0.0033270070000000003,0.006712100000000001,0.7938012940000001,0.768734013,0.20367396399999999,0.724788793,0.0,0.961138631,0.8692129959999999,0.231292516,32.0,37.0,41.0,0.257686875,0.055950876,0.049461406,0.013894156999999999,0.055950876,0.360461121,0.069764868,0.019873001,0.049461406,0.069764868,0.11320322,0.021342114,0.013894156999999999,0.019873001,0.021342114,0.038362363,78435.0,96390.0,79695.0,60480.0,3.0,3.0,3.0,3.0,1.75e-06
73,14.0,3.0,315000.0,10.0,5.006015776,1.1551070429999999,7.010404948,6.029572834,9.443174837,9.835762746,20.08006724,20.5180241,25.92909219,0.5232812020000001,0.495673033,0.199486606,0.0033270070000000003,0.006712100000000001,0.7938012940000001,0.768734013,0.20367396399999999,0.724788793,0.0,0.961138631,0.8692129959999999,0.231292516,32.0,37.0,41.0,0.257686875,0.055950876,0.049461406,0.013894156999999999,0.055950876,0.360461121,0.069764868,0.019873001,0.049461406,0.069764868,0.11320322,0.021342114,0.013894156999999999,0.019873001,0.021342114,0.038362363,78435.0,96390.0,79695.0,60480.0,3.0,3.0,3.0,3.0,1.87e-06
74,14.0,4.0,315000.0,10.0,5.006015776,1.1551070429999999,7.010404948,6.029572834,9.443174837,9.835762746,20.08006724,20.5180241,25.92909219,0.5232812020000001,0.495673033,0.199486606,0.0033270070000000003,0.006712100000000001,0.7938012940000001,0.768734013,0.20367396399999999,0.724788793,0.0,0.961138631,0.8692129959999999,0.231292516,32.0,37.0,41.0,0.257686875,0.055950876,0.049461406,0.013894156999999999,0.055950876,0.360461121,0.069764868,0.019873001,0.049461406,0.069764868,0.11320322,0.021342114,0.013894156999999999,0.019873001,0.021342114,0.038362363,78435.0,96390.0,79695.0,60480.0,3.0,3.0,3.0,3.0,2e-06
75,15.0,0.0,315000.0,10.0,5.650129201,1.492234593,5.35430911,7.330224743,5.419372142,6.731047354,21.00002792,19.68818941,28.9796553,0.591965208,0.441060561,0.412763492,0.006886245,0.015612923,0.571623585,0.606160685,0.258147886,0.846987857,0.0,0.9500076120000001,0.849992188,0.272777648,32.0,37.0,41.0,0.257686875,0.055950876,0.049461406,0.013894156999999999,0.055950876,0.360461121,0.069764868,0.019873001,0.049461406,0.069764868,0.11320322,0.021342114,0.013894156999999999,0.019873001,0.021342114,0.038362363,78435.0,96390.0,79695.0,60480.0,3.0,3.0,3.0,3.0,1.5e-06
76,15.0,1.0,315000.0,10.0,5.650129201,1.492234593,5.35430911,7.330224743,5.419372142,6.731047354,21.00002792,19.68818941,28.9796553,0.591965208,0.441060561,0.412763492,0.006886245,0.015612923,0.571623585,0.606160685,0.258147886,0.846987857,0.0,0.9500076120000001,0.849992188,0.272777648,32.0,37.0,41.0,0.257686875,0.055950876,0.049461406,0.013894156999999999,0.055950876,0.360461121,0.069764868,0.019873001,0.049461406,0.069764868,0.11320322,0.021342114,0.013894156999999999,0.019873001,0.021342114,0.038362363,78435.0,96390.0,79695.0,60480.0,3.0,3.0,3.0,3.0,1.63e-06
77,15.0,2.0,315000.0,10.0,5.650129201,1.492234593,5.35430911,7.330224743,5.419372142,6.731047354,21.00002792,19.68818941,28.9796553,0.591965208,0.441060561,0.412763492,0.006886245,0.015612923,0.571623585,0.606160685,0.258147886,0.846987857,0.0,0.9500076120000001,0.849992188,0.272777648,32.0,37.0,41.0,0.257686875,0.055950876,0.049461406,0.013894156999999999,0.055950876,0.360461121,0.069764868,0.019873001,0.049461406,0.069764868,0.11320322,0.021342114,0.013894156999999999,0.019873001,0.021342114,0.038362363,78435.0,96390.0,79695.0,60480.0,3.0,3.0,3.0,3.0,1.75e-06
78,15.0,3.0,315000.0,10.0,5.650129201,1.492234593,5.35430911,7.330224743,5.419372142,6.731047354,21.00002792,19.68818941,28.9796553,0.591965208,0.441060561,0.412763492,0.006886245,0.015612923,0.571623585,0.606160685,0.258147886,0.846987857,0.0,0.9500076120000001,0.849992188,0.272777648,32.0,37.0,41.0,0.257686875,0.055950876,0.049461406,0.013894156999999999,0.055950876,0.360461121,0.069764868,0.019873001,0.049461406,0.069764868,0.11320322,0.021342114,0.013894156999999999,0.019873001,0.021342114,0.038362363,78435.0,96390.0,79695.0,60480.0,3.0,3.0,3.0,3.0,1.87e-06
79,15.0,4.0,315000.0,10.0,5.650129201,1.492234593,5.35430911,7.330224743,5.419372142,6.731047354,21.00002792,19.68818941,28.9796553,0.591965208,0.441060561,0.412763492,0.006886245,0.015612923,0.571623585,0.606160685,0.258147886,0.846987857,0.0,0.9500076120000001,0.849992188,0.272777648,32.0,37.0,41.0,0.257686875,0.055950876,0.049461406,0.013894156999999999,0.055950876,0.360461121,0.069764868,0.019873001,0.049461406,0.069764868,0.11320322,0.021342114,0.013894156999999999,0.019873001,0.021342114,0.038362363,78435.0,96390.0,79695.0,60480.0,3.0,3.0,3.0,3.0,2e-06
80,16.0,0.0,315000.0,10.0,6.547433281,3.47654214,3.8615012789999996,6.065202552000001,8.191798784,7.249873462,19.93980371,19.61373491,26.98593716,0.553763792,0.328362995,0.30600927,0.004052725,0.01234221,0.681648521,0.6693542920000001,0.260178029,0.7454061890000001,0.0,0.916059367,0.70331165,0.005383291,32.0,37.0,41.0,0.257686875,0.055950876,0.049461406,0.013894156999999999,0.055950876,0.360461121,0.069764868,0.019873001,0.049461406,0.069764868,0.11320322,0.021342114,0.013894156999999999,0.019873001,0.021342114,0.038362363,78435.0,96390.0,79695.0,60480.0,3.0,3.0,3.0,3.0,1.5e-06
81,16.0,1.0,315000.0,10.0,6.547433281,3.47654214,3.8615012789999996,6.065202552000001,8.191798784,7.249873462,19.93980371,19.61373491,26.98593716,0.553763792,0.328362995,0.30600927,0.004052725,0.01234221,0.681648521,0.6693542920000001,0.260178029,0.7454061890000001,0.0,0.916059367,0.70331165,0.005383291,32.0,37.0,41.0,0.257686875,0.055950876,0.049461406,0.013894156999999999,0.055950876,0.360461121,0.069764868,0.019873001,0.049461406,0.069764868,0.11320322,0.021342114,0.013894156999999999,0.019873001,0.021342114,0.038362363,78435.0,96390.0,79695.0,60480.0,3.0,3.0,3.0,3.0,1.63e-06
82,16.0,2.0,315000.0,10.0,6.547433281,3.47654214,3.8615012789999996,6.065202552000001,8.191798784,7.249873462,19.93980371,19.61373491,26.98593716,0.553763792,0.328362995,0.30600927,0.004052725,0.01234221,0.681648521,0.6693542920000001,0.260178029,0.7454061890000001,0.0,0.916059367,0.70331165,0.005383291,32.0,37.0,41.0,0.257686875,0.055950876,0.049461406,0.013894156999999999,0.055950876,0.360461121,0.069764868,0.019873001,0.049461406,0.069764868,0.11320322,0.021342114,0.013894156999999999,0.019873001,0.021342114,0.038362363,78435.0,96390.0,79695.0,60480.0,3.0,3.0,3.0,3.0,1.75e-06
83,16.0,3.0,315000.0,10.0,6.547433281,3.47654214,3.8615012789999996,6.065202552000001,8.191798784,7.249873462,19.93980371,19.61373491,26.98593716,0.553763792,0.328362995,0.30600927,0.004052725,0.01234221,0.681648521,0.6693542920000001,0.260178029,0.7454061890000001,0.0,0.916059367,0.70331165,0.005383291,32.0,37.0,41.0,0.257686875,0.055950876,0.049461406,0.013894156999999999,0.055950876,0.360461121,0.069764868,0.019873001,0.049461406,0.069764868,0.11320322,0.021342114,0.013894156999999999,0.019873001,0.021342114,0.038362363,78435.0,96390.0,79695.0,60480.0,3.0,3.0,3.0,3.0,1.87e-06
84,16.0,4.0,315000.0,10.0,6.547433281,3.47654214,3.8615012789999996,6.065202552000001,8.191798784,7.249873462,19.93980371,19.61373491,26.98593716,0.553763792,0.328362995,0.30600927,0.004052725,0.01234221,0.681648521,0.6693542920000001,0.260178029,0.7454061890000001,0.0,0.916059367,0.70331165,0.005383291,32.0,37.0,41.0,0.257686875,0.055950876,0.049461406,0.013894156999999999,0.055950876,0.360461121,0.069764868,0.019873001,0.049461406,0.069764868,0.11320322,0.021342114,0.013894156999999999,0.019873001,0.021342114,0.038362363,78435.0,96390.0,79695.0,60480.0,3.0,3.0,3.0,3.0,2e-06
85,17.0,0.0,315000.0,10.0,5.328530664,2.794451122,2.668810122,5.405322644,6.529730622000001,10.70293234,19.40708458,20.54306662,27.81883894,0.7738135629999999,0.230116645,0.306637589,0.004676035,0.020320283,0.673042127,0.597721535,0.23312903100000001,0.809938397,0.0,0.946884336,0.807645886,0.181535156,32.0,37.0,41.0,0.257686875,0.055950876,0.049461406,0.013894156999999999,0.055950876,0.360461121,0.069764868,0.019873001,0.049461406,0.069764868,0.11320322,0.021342114,0.013894156999999999,0.019873001,0.021342114,0.038362363,78435.0,96390.0,79695.0,60480.0,3.0,3.0,3.0,3.0,1.5e-06
86,17.0,1.0,315000.0,10.0,5.328530664,2.794451122,2.668810122,5.405322644,6.529730622000001,10.70293234,19.40708458,20.54306662,27.81883894,0.7738135629999999,0.230116645,0.306637589,0.004676035,0.020320283,0.673042127,0.597721535,0.23312903100000001,0.809938397,0.0,0.946884336,0.807645886,0.181535156,32.0,37.0,41.0,0.257686875,0.055950876,0.049461406,0.013894156999999999,0.055950876,0.360461121,0.069764868,0.019873001,0.049461406,0.069764868,0.11320322,0.021342114,0.013894156999999999,0.019873001,0.021342114,0.038362363,78435.0,96390.0,79695.0,60480.0,3.0,3.0,3.0,3.0,1.63e-06
87,17.0,2.0,315000.0,10.0,5.328530664,2.794451122,2.668810122,5.405322644,6.529730622000001,10.70293234,19.40708458,20.54306662,27.81883894,0.7738135629999999,0.230116645,0.306637589,0.004676035,0.020320283,0.673042127,0.597721535,0.23312903100000001,0.809938397,0.0,0.946884336,0.807645886,0.181535156,32.0,37.0,41.0,0.257686875,0.055950876,0.049461406,0.013894156999999999,0.055950876,0.360461121,0.069764868,0.019873001,0.049461406,0.069764868,0.11320322,0.021342114,0.013894156999999999,0.019873001,0.021342114,0.038362363,78435.0,96390.0,79695.0,60480.0,3.0,3.0,3.0,3.0,1.75e-06
88,17.0,3.0,315000.0,10.0,5.328530664,2.794451122,2.668810122,5.405322644,6.529730622000001,10.70293234,19.40708458,20.54306662,27.81883894,0.7738135629999999,0.230116645,0.306637589,0.004676035,0.020320283,0.673042127,0.597721535,0.23312903100000001,0.809938397,0.0,0.946884336,0.807645886,0.181535156,32.0,37.0,41.0,0.257686875,0.055950876,0.049461406,0.013894156999999999,0.055950876,0.360461121,0.069764868,0.019873001,0.049461406,0.069764868,0.11320322,0.021342114,0.013894156999999999,0.019873001,0.021342114,0.038362363,78435.0,96390.0,79695.0,60480.0,3.0,3.0,3.0,3.0,1.87e-06
89,17.0,4.0,315000.0,10.0,5.328530664,2.794451122,2.668810122,5.405322644,6.529730622000001,10.70293234,19.40708458,20.54306662,27.81883894,0.7738135629999999,0.230116645,0.306637589,0.004676035,0.020320283,0.673042127,0.597721535,0.23312903100000001,0.809938397,0.0,0.946884336,0.807645886,0.181535156,32.0,37.0,41.0,0.257686875,0.055950876,0.049461406,0.013894156999999999,0.055950876,0.360461121,0.069764868,0.019873001,0.049461406,0.069764868,0.11320322,0.021342114,0.013894156999999999,0.019873001,0.021342114,0.038362363,78435.0,96390.0,79695.0,60480.0,3.0,3.0,3.0,3.0,2e-06
90,18.0,0.0,315000.0,10.0,5.281164657,4.766503052,5.043983938,7.775003944,10.57216094,12.35632481,19.65850753,20.98169044,26.05856915,0.572916065,0.39647425399999997,0.404056953,0.003582596,0.009036138,0.58690691,0.848458869,0.292224532,0.892189314,0.0,0.902692212,0.670536903,0.225973567,32.0,37.0,41.0,0.257686875,0.055950876,0.049461406,0.013894156999999999,0.055950876,0.360461121,0.069764868,0.019873001,0.049461406,0.069764868,0.11320322,0.021342114,0.013894156999999999,0.019873001,0.021342114,0.038362363,78435.0,96390.0,79695.0,60480.0,3.0,3.0,3.0,3.0,1.5e-06
91,18.0,1.0,315000.0,10.0,5.281164657,4.766503052,5.043983938,7.775003944,10.57216094,12.35632481,19.65850753,20.98169044,26.05856915,0.572916065,0.39647425399999997,0.404056953,0.003582596,0.009036138,0.58690691,0.848458869,0.292224532,0.892189314,0.0,0.902692212,0.670536903,0.225973567,32.0,37.0,41.0,0.257686875,0.055950876,0.049461406,0.013894156999999999,0.055950876,0.360461121,0.069764868,0.019873001,0.049461406,0.069764868,0.11320322,0.021342114,0.013894156999999999,0.019873001,0.021342114,0.038362363,78435.0,96390.0,79695.0,60480.0,3.0,3.0,3.0,3.0,1.63e-06
92,18.0,2.0,315000.0,10.0,5.281164657,4.766503052,5.043983938,7.775003944,10.57216094,12.35632481,19.65850753,20.98169044,26.05856915,0.572916065,0.39647425399999997,0.404056953,0.003582596,0.009036138,0.58690691,0.848458869,0.292224532,0.892189314,0.0,0.902692212,0.670536903,0.225973567,32.0,37.0,41.0,0.257686875,0.055950876,0.049461406,0.013894156999999999,0.055950876,0.360461121,0.069764868,0.019873001,0.049461406,0.069764868,0.11320322,0.021342114,0.013894156999999999,0.019873001,0.021342114,0.038362363,78435.0,96390.0,79695.0,60480.0,3.0,3.0,3.0,3.0,1.75e-06
93,18.0,3.0,315000.0,10.0,5.281164657,4.766503052,5.043983938,7.775003944,10.57216094,12.35632481,19.65850753,20.98169044,26.05856915,0.572916065,0.39647425399999997,0.404056953,0.003582596,0.009036138,0.58690691,0.848458869,0.292224532,0.892189314,0.0,0.902692212,0.670536903,0.225973567,32.0,37.0,41.0,0.257686875,0.055950876,0.049461406,0.013894156999999999,0.055950876,0.360461121,0.069764868,0.019873001,0.049461406,0.069764868,0.11320322,0.021342114,0.013894156999999999,0.019873001,0.021342114,0.038362363,78435.0,96390.0,79695.0,60480.0,3.0,3.0,3.0,3.0,1.87e-06
94,18.0,4.0,315000.0,10.0,5.281164657,4.766503052,5.043983938,7.775003944,10.57216094,12.35632481,19.65850753,20.98169044,26.05856915,0.572916065,0.39647425399999997,0.404056953,0.003582596,0.009036138,0.58690691,0.848458869,0.292224532,0.892189314,0.0,0.902692212,0.670536903,0.225973567,32.0,37.0,41.0,0.257686875,0.055950876,0.049461406,0.013894156999999999,0.055950876,0.360461121,0.069764868,0.019873001,0.049461406,0.069764868,0.11320322,0.021342114,0.013894156999999999,0.019873001,0.021342114,0.038362363,78435.0,96390.0,79695.0,60480.0,3.0,3.0,3.0,3.0,2e-06
95,19.0,0.0,315000.0,10.0,4.657356471,3.920613359,3.740083041,4.112347702,9.47865406,6.695071799999999,20.57607889,20.80832357,25.99207053,0.689159994,0.477025811,0.40904199799999996,0.0065990580000000005,0.013833756000000001,0.577124247,0.5857538529999999,0.201603038,0.80450808,0.0,0.985833243,0.8012362679999999,0.222267243,32.0,37.0,41.0,0.257686875,0.055950876,0.049461406,0.013894156999999999,0.055950876,0.360461121,0.069764868,0.019873001,0.049461406,0.069764868,0.11320322,0.021342114,0.013894156999999999,0.019873001,0.021342114,0.038362363,78435.0,96390.0,79695.0,60480.0,3.0,3.0,3.0,3.0,1.5e-06
96,19.0,1.0,315000.0,10.0,4.657356471,3.920613359,3.740083041,4.112347702,9.47865406,6.695071799999999,20.57607889,20.80832357,25.99207053,0.689159994,0.477025811,0.40904199799999996,0.0065990580000000005,0.013833756000000001,0.577124247,0.5857538529999999,0.201603038,0.80450808,0.0,0.985833243,0.8012362679999999,0.222267243,32.0,37.0,41.0,0.257686875,0.055950876,0.049461406,0.013894156999999999,0.055950876,0.360461121,0.069764868,0.019873001,0.049461406,0.069764868,0.11320322,0.021342114,0.013894156999999999,0.019873001,0.021342114,0.038362363,78435.0,96390.0,79695.0,60480.0,3.0,3.0,3.0,3.0,1.63e-06
97,19.0,2.0,315000.0,10.0,4.657356471,3.920613359,3.740083041,4.112347702,9.47865406,6.695071799999999,20.57607889,20.80832357,25.99207053,0.689159994,0.477025811,0.40904199799999996,0.0065990580000000005,0.013833756000000001,0.577124247,0.5857538529999999,0.201603038,0.80450808,0.0,0.985833243,0.8012362679999999,0.222267243,32.0,37.0,41.0,0.257686875,0.055950876,0.049461406,0.013894156999999999,0.055950876,0.360461121,0.069764868,0.019873001,0.049461406,0.069764868,0.11320322,0.021342114,0.013894156999999999,0.019873001,0.021342114,0.038362363,78435.0,96390.0,79695.0,60480.0,3.0,3.0,3.0,3.0,1.75e-06
98,19.0,3.0,315000.0,10.0,4.657356471,3.920613359,3.740083041,4.112347702,9.47865406,6.695071799999999,20.57607889,20.80832357,25.99207053,0.689159994,0.477025811,0.40904199799999996,0.0065990580000000005,0.013833756000000001,0.577124247,0.5857538529999999,0.201603038,0.80450808,0.0,0.985833243,0.8012362679999999,0.222267243,32.0,37.0,41.0,0.257686875,0.055950876,0.049461406,0.013894156999999999,0.055950876,0.360461121,0.069764868,0.019873001,0.049461406,0.069764868,0.11320322,0.021342114,0.013894156999999999,0.019873001,0.021342114,0.038362363,78435.0,96390.0,79695.0,60480.0,3.0,3.0,3.0,3.0,1.87e-06
99,19.0,4.0,315000.0,10.0,4.657356471,3.920613359,3.740083041,4.112347702,9.47865406,6.695071799999999,20.57607889,20.80832357,25.99207053,0.689159994,0.477025811,0.40904199799999996,0.0065990580000000005,0.013833756000000001,0.577124247,0.5857538529999999,0.201603038,0.80450808,0.0,0.985833243,0.8012362679999999,0.222267243,32.0,37.0,41.0,0.257686875,0.055950876,0.049461406,0.013894156999999999,0.055950876,0.360461121,0.069764868,0.019873001,0.049461406,0.069764868,0.11320322,0.021342114,0.013894156999999999,0.019873001,0.021342114,0.038362363,78435.0,96390.0,79695.0,60480.0,3.0,3.0,3.0,3.0,2e-06
