,scenario_index,sample_num,speciesS,initialAs,incubation_pd,time_to_symptoms,time_to_hospitalization,time_to_critical,time_to_death,recovery_rate_asymp,recovery_rate_mild,recovery_rate_hosp,recovery_rate_crit,fraction_symptomatic,fraction_severe,fraction_critical,cfr,fraction_dead,fraction_hospitalized,reduced_inf_of_det_cases,d_Sym,d_Sys,d_As,social_multiplier_1,social_multiplier_2,social_multiplier_3,socialDistance_time1,socialDistance_time2,socialDistance_time3,sKi1_1,sKi1_2,sKi1_3,sKi1_4,sKi2_1,sKi2_2,sKi2_3,sKi2_4,sKi3_1,sKi3_2,sKi3_3,sKi3_4,sKi4_1,sKi4_2,sKi4_3,sKi4_4,speciesS_age0to19,speciesS_age20to39,speciesS_age40to59,speciesS_age60to100,initialAs_age0to19,initialAs_age20to39,initialAs_age40to59,initialAs_age60to100,Ki
0,0.0,0.0,2700000.0,10.0,5.899249151030904,4.369364842973794,9.878460881097975,6.322821808833885,10.003925439739897,13.489467172966974,20.14929402064433,20.322278087886353,28.863007747574052,0.6421629723486891,0.3232084906342707,0.3358958068096888,0.006367274026718278,0.01970020655776404,0.6444039866325472,0.6833030633799873,0.23922373325287274,0.7613183583186576,0.0,0.9622482511672096,0.8340678674647428,0.09146694914788027,24.0,29.0,33.0,0.257686875216915,0.0559508758329188,0.0494614061407881,0.013894156574476998,0.0559508758329188,0.360461121322605,0.0697648677126865,0.0198730010097838,0.0494614061407881,0.0697648677126865,0.11320321987623401,0.021342113533091997,0.013894156574476998,0.0198730010097838,0.021342113533091997,0.0383623627804992,672300.0,826200.0,683100.0,518400.0,3.0,3.0,3.0,3.0,2e-07
1,1.0,0.0,2700000.0,10.0,5.899249151030904,4.369364842973794,9.878460881097975,6.322821808833885,10.003925439739897,13.489467172966974,20.14929402064433,20.322278087886353,28.863007747574052,0.6421629723486891,0.3232084906342707,0.3358958068096888,0.006367274026718278,0.01970020655776404,0.6444039866325472,0.6833030633799873,0.23922373325287274,0.7613183583186576,0.0,0.9622482511672096,0.8340678674647428,0.09146694914788027,24.0,29.0,33.0,0.257686875216915,0.0559508758329188,0.0494614061407881,0.013894156574476998,0.0559508758329188,0.360461121322605,0.0697648677126865,0.0198730010097838,0.0494614061407881,0.0697648677126865,0.11320321987623401,0.021342113533091997,0.013894156574476998,0.0198730010097838,0.021342113533091997,0.0383623627804992,672300.0,826200.0,683100.0,518400.0,3.0,3.0,3.0,3.0,2.1300000000000001e-07
2,2.0,0.0,2700000.0,10.0,5.899249151030904,4.369364842973794,9.878460881097975,6.322821808833885,10.003925439739897,13.489467172966974,20.14929402064433,20.322278087886353,28.863007747574052,0.6421629723486891,0.3232084906342707,0.3358958068096888,0.006367274026718278,0.01970020655776404,0.6444039866325472,0.6833030633799873,0.23922373325287274,0.7613183583186576,0.0,0.9622482511672096,0.8340678674647428,0.09146694914788027,24.0,29.0,33.0,0.257686875216915,0.0559508758329188,0.0494614061407881,0.013894156574476998,0.0559508758329188,0.360461121322605,0.0697648677126865,0.0198730010097838,0.0494614061407881,0.0697648677126865,0.11320321987623401,0.021342113533091997,0.013894156574476998,0.0198730010097838,0.021342113533091997,0.0383623627804992,672300.0,826200.0,683100.0,518400.0,3.0,3.0,3.0,3.0,2.25e-07
3,3.0,0.0,2700000.0,10.0,5.899249151030904,4.369364842973794,9.878460881097975,6.322821808833885,10.003925439739897,13.489467172966974,20.14929402064433,20.322278087886353,28.863007747574052,0.6421629723486891,0.3232084906342707,0.3358958068096888,0.006367274026718278,0.01970020655776404,0.6444039866325472,0.6833030633799873,0.23922373325287274,0.7613183583186576,0.0,0.9622482511672096,0.8340678674647428,0.09146694914788027,24.0,29.0,33.0,0.257686875216915,0.0559508758329188,0.0494614061407881,0.013894156574476998,0.0559508758329188,0.360461121322605,0.0697648677126865,0.0198730010097838,0.0494614061407881,0.0697648677126865,0.11320321987623401,0.021342113533091997,0.013894156574476998,0.0198730010097838,0.021342113533091997,0.0383623627804992,672300.0,826200.0,683100.0,518400.0,3.0,3.0,3.0,3.0,2.3800000000000001e-07
4,4.0,0.0,2700000.0,10.0,5.899249151030904,4.369364842973794,9.878460881097975,6.322821808833885,10.003925439739897,13.489467172966974,20.14929402064433,20.322278087886353,28.863007747574052,0.6421629723486891,0.3232084906342707,0.3358958068096888,0.006367274026718278,0.01970020655776404,0.6444039866325472,0.6833030633799873,0.23922373325287274,0.7613183583186576,0.0,0.9622482511672096,0.8340678674647428,0.09146694914788027,24.0,29.0,33.0,0.257686875216915,0.0559508758329188,0.0494614061407881,0.013894156574476998,0.0559508758329188,0.360461121322605,0.0697648677126865,0.0198730010097838,0.0494614061407881,0.0697648677126865,0.11320321987623401,0.021342113533091997,0.013894156574476998,0.0198730010097838,0.021342113533091997,0.0383623627804992,672300.0,826200.0,683100.0,518400.0,3.0,3.0,3.0,3.0,2.5e-07
5,0.0,1.0,2700000.0,10.0,5.635382324750157,1.6274226621444998,6.375657198122617,8.595231454968525,5.317539503838862,13.771614428229654,21.013002963837828,19.768348891347454,30.511602307634355,0.793783583269037,0.20083617178339144,0.3586404548215897,0.003307544509169973,0.016468868530004004,0.6248906766484064,0.543160649809056,0.2988754442024703,0.7349201150692259,0.0,0.981582398377458,0.7636597221399926,0.2367792708583097,24.0,29.0,33.0,0.257686875216915,0.0559508758329188,0.0494614061407881,0.013894156574476998,0.0559508758329188,0.360461121322605,0.0697648677126865,0.0198730010097838,0.0494614061407881,0.0697648677126865,0.11320321987623401,0.021342113533091997,0.013894156574476998,0.0198730010097838,0.021342113533091997,0.0383623627804992,672300.0,826200.0,683100.0,518400.0,3.0,3.0,3.0,3.0,2e-07
6,1.0,1.0,2700000.0,10.0,5.635382324750157,1.6274226621444998,6.375657198122617,8.595231454968525,5.317539503838862,13.771614428229654,21.013002963837828,19.768348891347454,30.511602307634355,0.793783583269037,0.20083617178339144,0.3586404548215897,0.003307544509169973,0.016468868530004004,0.6248906766484064,0.543160649809056,0.2988754442024703,0.7349201150692259,0.0,0.981582398377458,0.7636597221399926,0.2367792708583097,24.0,29.0,33.0,0.257686875216915,0.0559508758329188,0.0494614061407881,0.013894156574476998,0.0559508758329188,0.360461121322605,0.0697648677126865,0.0198730010097838,0.0494614061407881,0.0697648677126865,0.11320321987623401,0.021342113533091997,0.013894156574476998,0.0198730010097838,0.021342113533091997,0.0383623627804992,672300.0,826200.0,683100.0,518400.0,3.0,3.0,3.0,3.0,2.1300000000000001e-07
7,2.0,1.0,2700000.0,10.0,5.635382324750157,1.6274226621444998,6.375657198122617,8.595231454968525,5.317539503838862,13.771614428229654,21.013002963837828,19.768348891347454,30.511602307634355,0.793783583269037,0.20083617178339144,0.3586404548215897,0.003307544509169973,0.016468868530004004,0.6248906766484064,0.543160649809056,0.2988754442024703,0.7349201150692259,0.0,0.981582398377458,0.7636597221399926,0.2367792708583097,24.0,29.0,33.0,0.257686875216915,0.0559508758329188,0.0494614061407881,0.013894156574476998,0.0559508758329188,0.360461121322605,0.0697648677126865,0.0198730010097838,0.0494614061407881,0.0697648677126865,0.11320321987623401,0.021342113533091997,0.013894156574476998,0.0198730010097838,0.021342113533091997,0.0383623627804992,672300.0,826200.0,683100.0,518400.0,3.0,3.0,3.0,3.0,2.25e-07
8,3.0,1.0,2700000.0,10.0,5.635382324750157,1.6274226621444998,6.375657198122617,8.595231454968525,5.317539503838862,13.771614428229654,21.013002963837828,19.768348891347454,30.511602307634355,0.793783583269037,0.20083617178339144,0.3586404548215897,0.003307544509169973,0.016468868530004004,0.6248906766484064,0.543160649809056,0.2988754442024703,0.7349201150692259,0.0,0.981582398377458,0.7636597221399926,0.2367792708583097,24.0,29.0,33.0,0.257686875216915,0.0559508758329188,0.0494614061407881,0.013894156574476998,0.0559508758329188,0.360461121322605,0.0697648677126865,0.0198730010097838,0.0494614061407881,0.0697648677126865,0.11320321987623401,0.021342113533091997,0.013894156574476998,0.0198730010097838,0.021342113533091997,0.0383623627804992,672300.0,826200.0,683100.0,518400.0,3.0,3.0,3.0,3.0,2.3800000000000001e-07
9,4.0,1.0,2700000.0,10.0,5.635382324750157,1.6274226621444998,6.375657198122617,8.595231454968525,5.317539503838862,13.771614428229654,21.013002963837828,19.768348891347454,30.511602307634355,0.793783583269037,0.20083617178339144,0.3586404548215897,0.003307544509169973,0.016468868530004004,0.6248906766484064,0.543160649809056,0.2988754442024703,0.7349201150692259,0.0,0.981582398377458,0.7636597221399926,0.2367792708583097,24.0,29.0,33.0,0.257686875216915,0.0559508758329188,0.0494614061407881,0.013894156574476998,0.0559508758329188,0.360461121322605,0.0697648677126865,0.0198730010097838,0.0494614061407881,0.0697648677126865,0.11320321987623401,0.021342113533091997,0.013894156574476998,0.0198730010097838,0.021342113533091997,0.0383623627804992,672300.0,826200.0,683100.0,518400.0,3.0,3.0,3.0,3.0,2.5e-07
10,0.0,2.0,2700000.0,10.0,4.4599311898906375,2.7450772168481583,2.425063137500442,4.047695769882121,7.519908935453459,11.452987647000125,19.81258669427807,20.367256193978935,27.61086250868739,0.5777363859026066,0.4866666533568873,0.3680018028342316,0.0066622364681113,0.013689527363662786,0.6183086698021056,0.5916225680695821,0.22222803145223866,0.8723372751226417,0.0,0.9945941349448874,0.8123358061926443,0.1992488226534365,24.0,29.0,33.0,0.257686875216915,0.0559508758329188,0.0494614061407881,0.013894156574476998,0.0559508758329188,0.360461121322605,0.0697648677126865,0.0198730010097838,0.0494614061407881,0.0697648677126865,0.11320321987623401,0.021342113533091997,0.013894156574476998,0.0198730010097838,0.021342113533091997,0.0383623627804992,672300.0,826200.0,683100.0,518400.0,3.0,3.0,3.0,3.0,2e-07
11,1.0,2.0,2700000.0,10.0,4.4599311898906375,2.7450772168481583,2.425063137500442,4.047695769882121,7.519908935453459,11.452987647000125,19.81258669427807,20.367256193978935,27.61086250868739,0.5777363859026066,0.4866666533568873,0.3680018028342316,0.0066622364681113,0.013689527363662786,0.6183086698021056,0.5916225680695821,0.22222803145223866,0.8723372751226417,0.0,0.9945941349448874,0.8123358061926443,0.1992488226534365,24.0,29.0,33.0,0.257686875216915,0.0559508758329188,0.0494614061407881,0.013894156574476998,0.0559508758329188,0.360461121322605,0.0697648677126865,0.0198730010097838,0.0494614061407881,0.0697648677126865,0.11320321987623401,0.021342113533091997,0.013894156574476998,0.0198730010097838,0.021342113533091997,0.0383623627804992,672300.0,826200.0,683100.0,518400.0,3.0,3.0,3.0,3.0,2.1300000000000001e-07
12,2.0,2.0,2700000.0,10.0,4.4599311898906375,2.7450772168481583,2.425063137500442,4.047695769882121,7.519908935453459,11.452987647000125,19.81258669427807,20.367256193978935,27.61086250868739,0.5777363859026066,0.4866666533568873,0.3680018028342316,0.0066622364681113,0.013689527363662786,0.6183086698021056,0.5916225680695821,0.22222803145223866,0.8723372751226417,0.0,0.9945941349448874,0.8123358061926443,0.1992488226534365,24.0,29.0,33.0,0.257686875216915,0.0559508758329188,0.0494614061407881,0.013894156574476998,0.0559508758329188,0.360461121322605,0.0697648677126865,0.0198730010097838,0.0494614061407881,0.0697648677126865,0.11320321987623401,0.021342113533091997,0.013894156574476998,0.0198730010097838,0.021342113533091997,0.0383623627804992,672300.0,826200.0,683100.0,518400.0,3.0,3.0,3.0,3.0,2.25e-07
13,3.0,2.0,2700000.0,10.0,4.4599311898906375,2.7450772168481583,2.425063137500442,4.047695769882121,7.519908935453459,11.452987647000125,19.81258669427807,20.367256193978935,27.61086250868739,0.5777363859026066,0.4866666533568873,0.3680018028342316,0.0066622364681113,0.013689527363662786,0.6183086698021056,0.5916225680695821,0.22222803145223866,0.8723372751226417,0.0,0.9945941349448874,0.8123358061926443,0.1992488226534365,24.0,29.0,33.0,0.257686875216915,0.0559508758329188,0.0494614061407881,0.013894156574476998,0.0559508758329188,0.360461121322605,0.0697648677126865,0.0198730010097838,0.0494614061407881,0.0697648677126865,0.11320321987623401,0.021342113533091997,0.013894156574476998,0.0198730010097838,0.021342113533091997,0.0383623627804992,672300.0,826200.0,683100.0,518400.0,3.0,3.0,3.0,3.0,2.3800000000000001e-07
14,4.0,2.0,2700000.0,10.0,4.4599311898906375,2.7450772168481583,2.425063137500442,4.047695769882121,7.519908935453459,11.452987647000125,19.81258669427807,20.367256193978935,27.61086250868739,0.5777363859026066,0.4866666533568873,0.3680018028342316,0.0066622364681113,0.013689527363662786,0.6183086698021056,0.5916225680695821,0.22222803145223866,0.8723372751226417,0.0,0.9945941349448874,0.8123358061926443,0.1992488226534365,24.0,29.0,33.0,0.257686875216915,0.0559508758329188,0.0494614061407881,0.013894156574476998,0.0559508758329188,0.360461121322605,0.0697648677126865,0.0198730010097838,0.0494614061407881,0.0697648677126865,0.11320321987623401,0.021342113533091997,0.013894156574476998,0.0198730010097838,0.021342113533091997,0.0383623627804992,672300.0,826200.0,683100.0,518400.0,3.0,3.0,3.0,3.0,2.5e-07
15,0.0,3.0,2700000.0,10.0,5.694830721368129,2.60477596778152,2.9488612462529664,4.5280607421351595,4.314777910936988,12.163536184479494,21.034620632236113,20.746685887994737,28.998355843441054,0.7068604909298398,0.2376953896516225,0.1692170404399906,0.003552026388364621,0.014943606578026769,0.8158393529819826,0.6887894556190285,0.2355340288415267,0.8504418005467116,0.0,0.9561344203603496,0.77329609536018,0.07507374329361931,24.0,29.0,33.0,0.257686875216915,0.0559508758329188,0.0494614061407881,0.013894156574476998,0.0559508758329188,0.360461121322605,0.0697648677126865,0.0198730010097838,0.0494614061407881,0.0697648677126865,0.11320321987623401,0.021342113533091997,0.013894156574476998,0.0198730010097838,0.021342113533091997,0.0383623627804992,672300.0,826200.0,683100.0,518400.0,3.0,3.0,3.0,3.0,2e-07
16,1.0,3.0,2700000.0,10.0,5.694830721368129,2.60477596778152,2.9488612462529664,4.5280607421351595,4.314777910936988,12.163536184479494,21.034620632236113,20.746685887994737,28.998355843441054,0.7068604909298398,0.2376953896516225,0.1692170404399906,0.003552026388364621,0.014943606578026769,0.8158393529819826,0.6887894556190285,0.2355340288415267,0.8504418005467116,0.0,0.9561344203603496,0.77329609536018,0.07507374329361931,24.0,29.0,33.0,0.257686875216915,0.0559508758329188,0.0494614061407881,0.013894156574476998,0.0559508758329188,0.360461121322605,0.0697648677126865,0.0198730010097838,0.0494614061407881,0.0697648677126865,0.11320321987623401,0.021342113533091997,0.013894156574476998,0.0198730010097838,0.021342113533091997,0.0383623627804992,672300.0,826200.0,683100.0,518400.0,3.0,3.0,3.0,3.0,2.1300000000000001e-07
17,2.0,3.0,2700000.0,10.0,5.694830721368129,2.60477596778152,2.9488612462529664,4.5280607421351595,4.314777910936988,12.163536184479494,21.034620632236113,20.746685887994737,28.998355843441054,0.7068604909298398,0.2376953896516225,0.1692170404399906,0.003552026388364621,0.014943606578026769,0.8158393529819826,0.6887894556190285,0.2355340288415267,0.8504418005467116,0.0,0.9561344203603496,0.77329609536018,0.07507374329361931,24.0,29.0,33.0,0.257686875216915,0.0559508758329188,0.0494614061407881,0.013894156574476998,0.0559508758329188,0.360461121322605,0.0697648677126865,0.0198730010097838,0.0494614061407881,0.0697648677126865,0.11320321987623401,0.021342113533091997,0.013894156574476998,0.0198730010097838,0.021342113533091997,0.0383623627804992,672300.0,826200.0,683100.0,518400.0,3.0,3.0,3.0,3.0,2.25e-07
18,3.0,3.0,2700000.0,10.0,5.694830721368129,2.60477596778152,2.9488612462529664,4.5280607421351595,4.314777910936988,12.163536184479494,21.034620632236113,20.746685887994737,28.998355843441054,0.7068604909298398,0.2376953896516225,0.1692170404399906,0.003552026388364621,0.014943606578026769,0.8158393529819826,0.6887894556190285,0.2355340288415267,0.8504418005467116,0.0,0.9561344203603496,0.77329609536018,0.07507374329361931,24.0,29.0,33.0,0.257686875216915,0.0559508758329188,0.0494614061407881,0.013894156574476998,0.0559508758329188,0.360461121322605,0.0697648677126865,0.0198730010097838,0.0494614061407881,0.0697648677126865,0.11320321987623401,0.021342113533091997,0.013894156574476998,0.0198730010097838,0.021342113533091997,0.0383623627804992,672300.0,826200.0,683100.0,518400.0,3.0,3.0,3.0,3.0,2.3800000000000001e-07
19,4.0,3.0,2700000.0,10.0,5.694830721368129,2.60477596778152,2.9488612462529664,4.5280607421351595,4.314777910936988,12.163536184479494,21.034620632236113,20.746685887994737,28.998355843441054,0.7068604909298398,0.2376953896516225,0.1692170404399906,0.003552026388364621,0.014943606578026769,0.8158393529819826,0.6887894556190285,0.2355340288415267,0.8504418005467116,0.0,0.9561344203603496,0.77329609536018,0.07507374329361931,24.0,29.0,33.0,0.257686875216915,0.0559508758329188,0.0494614061407881,0.013894156574476998,0.0559508758329188,0.360461121322605,0.0697648677126865,0.0198730010097838,0.0494614061407881,0.0697648677126865,0.11320321987623401,0.021342113533091997,0.013894156574476998,0.0198730010097838,0.021342113533091997,0.0383623627804992,672300.0,826200.0,683100.0,518400.0,3.0,3.0,3.0,3.0,2.5e-07
20,0.0,4.0,2700000.0,10.0,5.982413961745374,1.6891969843567756,8.678175231300088,4.972112349696842,4.4400871679317415,11.46850112925107,20.192245871112235,19.96378217906397,30.05629696789225,0.7780915937815163,0.3070947727970605,0.3751067882515201,0.005504345447790093,0.017923930771128974,0.6069692809773509,0.804042789748593,0.29703489386725324,0.8988225413452395,0.0,0.9195867155140982,0.6637399395025619,0.06300738426554436,24.0,29.0,33.0,0.257686875216915,0.0559508758329188,0.0494614061407881,0.013894156574476998,0.0559508758329188,0.360461121322605,0.0697648677126865,0.0198730010097838,0.0494614061407881,0.0697648677126865,0.11320321987623401,0.021342113533091997,0.013894156574476998,0.0198730010097838,0.021342113533091997,0.0383623627804992,672300.0,826200.0,683100.0,518400.0,3.0,3.0,3.0,3.0,2e-07
21,1.0,4.0,2700000.0,10.0,5.982413961745374,1.6891969843567756,8.678175231300088,4.972112349696842,4.4400871679317415,11.46850112925107,20.192245871112235,19.96378217906397,30.05629696789225,0.7780915937815163,0.3070947727970605,0.3751067882515201,0.005504345447790093,0.017923930771128974,0.6069692809773509,0.804042789748593,0.29703489386725324,0.8988225413452395,0.0,0.9195867155140982,0.6637399395025619,0.06300738426554436,24.0,29.0,33.0,0.257686875216915,0.0559508758329188,0.0494614061407881,0.013894156574476998,0.0559508758329188,0.360461121322605,0.0697648677126865,0.0198730010097838,0.0494614061407881,0.0697648677126865,0.11320321987623401,0.021342113533091997,0.013894156574476998,0.0198730010097838,0.021342113533091997,0.0383623627804992,672300.0,826200.0,683100.0,518400.0,3.0,3.0,3.0,3.0,2.1300000000000001e-07
22,2.0,4.0,2700000.0,10.0,5.982413961745374,1.6891969843567756,8.678175231300088,4.972112349696842,4.4400871679317415,11.46850112925107,20.192245871112235,19.96378217906397,30.05629696789225,0.7780915937815163,0.3070947727970605,0.3751067882515201,0.005504345447790093,0.017923930771128974,0.6069692809773509,0.804042789748593,0.29703489386725324,0.8988225413452395,0.0,0.9195867155140982,0.6637399395025619,0.06300738426554436,24.0,29.0,33.0,0.257686875216915,0.0559508758329188,0.0494614061407881,0.013894156574476998,0.0559508758329188,0.360461121322605,0.0697648677126865,0.0198730010097838,0.0494614061407881,0.0697648677126865,0.11320321987623401,0.021342113533091997,0.013894156574476998,0.0198730010097838,0.021342113533091997,0.0383623627804992,672300.0,826200.0,683100.0,518400.0,3.0,3.0,3.0,3.0,2.25e-07
23,3.0,4.0,2700000.0,10.0,5.982413961745374,1.6891969843567756,8.678175231300088,4.972112349696842,4.4400871679317415,11.46850112925107,20.192245871112235,19.96378217906397,30.05629696789225,0.7780915937815163,0.3070947727970605,0.3751067882515201,0.005504345447790093,0.017923930771128974,0.6069692809773509,0.804042789748593,0.29703489386725324,0.8988225413452395,0.0,0.9195867155140982,0.6637399395025619,0.06300738426554436,24.0,29.0,33.0,0.257686875216915,0.0559508758329188,0.0494614061407881,0.013894156574476998,0.0559508758329188,0.360461121322605,0.0697648677126865,0.0198730010097838,0.0494614061407881,0.0697648677126865,0.11320321987623401,0.021342113533091997,0.013894156574476998,0.0198730010097838,0.021342113533091997,0.0383623627804992,672300.0,826200.0,683100.0,518400.0,3.0,3.0,3.0,3.0,2.3800000000000001e-07
24,4.0,4.0,2700000.0,10.0,5.982413961745374,1.6891969843567756,8.678175231300088,4.972112349696842,4.4400871679317415,11.46850112925107,20.192245871112235,19.96378217906397,30.05629696789225,0.7780915937815163,0.3070947727970605,0.3751067882515201,0.005504345447790093,0.017923930771128974,0.6069692809773509,0.804042789748593,0.29703489386725324,0.8988225413452395,0.0,0.9195867155140982,0.6637399395025619,0.06300738426554436,24.0,29.0,33.0,0.257686875216915,0.0559508758329188,0.0494614061407881,0.013894156574476998,0.0559508758329188,0.360461121322605,0.0697648677126865,0.0198730010097838,0.0494614061407881,0.0697648677126865,0.11320321987623401,0.021342113533091997,0.013894156574476998,0.0198730010097838,0.021342113533091997,0.0383623627804992,672300.0,826200.0,683100.0,518400.0,3.0,3.0,3.0,3.0,2.5e-07
25,0.0,5.0,2700000.0,10.0,4.544698537674588,4.9428983122212715,8.078074260552981,7.970177769191736,9.30599769640216,13.892529484996436,20.655889094602035,19.721178682377047,28.631903635079922,0.7358373912903252,0.4223456988808815,0.2401362583161584,0.005834959271197911,0.01381560007988528,0.7460481416039564,0.5015324183098102,0.2057007264960481,0.8460585694516656,0.0,0.9656151064270329,0.765751510672984,0.2915665892584238,24.0,29.0,33.0,0.257686875216915,0.0559508758329188,0.0494614061407881,0.013894156574476998,0.0559508758329188,0.360461121322605,0.0697648677126865,0.0198730010097838,0.0494614061407881,0.0697648677126865,0.11320321987623401,0.021342113533091997,0.013894156574476998,0.0198730010097838,0.021342113533091997,0.0383623627804992,672300.0,826200.0,683100.0,518400.0,3.0,3.0,3.0,3.0,2e-07
26,1.0,5.0,2700000.0,10.0,4.544698537674588,4.9428983122212715,8.078074260552981,7.970177769191736,9.30599769640216,13.892529484996436,20.655889094602035,19.721178682377047,28.631903635079922,0.7358373912903252,0.4223456988808815,0.2401362583161584,0.005834959271197911,0.01381560007988528,0.7460481416039564,0.5015324183098102,0.2057007264960481,0.8460585694516656,0.0,0.9656151064270329,0.765751510672984,0.2915665892584238,24.0,29.0,33.0,0.257686875216915,0.0559508758329188,0.0494614061407881,0.013894156574476998,0.0559508758329188,0.360461121322605,0.0697648677126865,0.0198730010097838,0.0494614061407881,0.0697648677126865,0.11320321987623401,0.021342113533091997,0.013894156574476998,0.0198730010097838,0.021342113533091997,0.0383623627804992,672300.0,826200.0,683100.0,518400.0,3.0,3.0,3.0,3.0,2.1300000000000001e-07
27,2.0,5.0,2700000.0,10.0,4.544698537674588,4.9428983122212715,8.078074260552981,7.970177769191736,9.30599769640216,13.892529484996436,20.655889094602035,19.721178682377047,28.631903635079922,0.7358373912903252,0.4223456988808815,0.2401362583161584,0.005834959271197911,0.01381560007988528,0.7460481416039564,0.5015324183098102,0.2057007264960481,0.8460585694516656,0.0,0.9656151064270329,0.765751510672984,0.2915665892584238,24.0,29.0,33.0,0.257686875216915,0.0559508758329188,0.0494614061407881,0.013894156574476998,0.0559508758329188,0.360461121322605,0.0697648677126865,0.0198730010097838,0.0494614061407881,0.0697648677126865,0.11320321987623401,0.021342113533091997,0.013894156574476998,0.0198730010097838,0.021342113533091997,0.0383623627804992,672300.0,826200.0,683100.0,518400.0,3.0,3.0,3.0,3.0,2.25e-07
28,3.0,5.0,2700000.0,10.0,4.544698537674588,4.9428983122212715,8.078074260552981,7.970177769191736,9.30599769640216,13.892529484996436,20.655889094602035,19.721178682377047,28.631903635079922,0.7358373912903252,0.4223456988808815,0.2401362583161584,0.005834959271197911,0.01381560007988528,0.7460481416039564,0.5015324183098102,0.2057007264960481,0.8460585694516656,0.0,0.9656151064270329,0.765751510672984,0.2915665892584238,24.0,29.0,33.0,0.257686875216915,0.0559508758329188,0.0494614061407881,0.013894156574476998,0.0559508758329188,0.360461121322605,0.0697648677126865,0.0198730010097838,0.0494614061407881,0.0697648677126865,0.11320321987623401,0.021342113533091997,0.013894156574476998,0.0198730010097838,0.021342113533091997,0.0383623627804992,672300.0,826200.0,683100.0,518400.0,3.0,3.0,3.0,3.0,2.3800000000000001e-07
29,4.0,5.0,2700000.0,10.0,4.544698537674588,4.9428983122212715,8.078074260552981,7.970177769191736,9.30599769640216,13.892529484996436,20.655889094602035,19.721178682377047,28.631903635079922,0.7358373912903252,0.4223456988808815,0.2401362583161584,0.005834959271197911,0.01381560007988528,0.7460481416039564,0.5015324183098102,0.2057007264960481,0.8460585694516656,0.0,0.9656151064270329,0.765751510672984,0.2915665892584238,24.0,29.0,33.0,0.257686875216915,0.0559508758329188,0.0494614061407881,0.013894156574476998,0.0559508758329188,0.360461121322605,0.0697648677126865,0.0198730010097838,0.0494614061407881,0.0697648677126865,0.11320321987623401,0.021342113533091997,0.013894156574476998,0.0198730010097838,0.021342113533091997,0.0383623627804992,672300.0,826200.0,683100.0,518400.0,3.0,3.0,3.0,3.0,2.5e-07
30,0.0,6.0,2700000.0,10.0,6.2136505442957235,3.794823643793152,6.464690563316308,8.202514433340863,9.223290788551102,13.933030046325722,20.95680742178802,19.964742240202266,26.380021581909762,0.6280319233346342,0.4462240111011494,0.3549810106419961,0.006790677804302179,0.015218091441437197,0.6298008979165667,0.6685208914101071,0.2431764030136629,0.7494754128856551,0.0,0.9661907597321582,0.7358269868544108,0.08069492943135574,24.0,29.0,33.0,0.257686875216915,0.0559508758329188,0.0494614061407881,0.013894156574476998,0.0559508758329188,0.360461121322605,0.0697648677126865,0.0198730010097838,0.0494614061407881,0.0697648677126865,0.11320321987623401,0.021342113533091997,0.013894156574476998,0.0198730010097838,0.021342113533091997,0.0383623627804992,672300.0,826200.0,683100.0,518400.0,3.0,3.0,3.0,3.0,2e-07
31,1.0,6.0,2700000.0,10.0,6.2136505442957235,3.794823643793152,6.464690563316308,8.202514433340863,9.223290788551102,13.933030046325722,20.95680742178802,19.964742240202266,26.380021581909762,0.6280319233346342,0.4462240111011494,0.3549810106419961,0.006790677804302179,0.015218091441437197,0.6298008979165667,0.6685208914101071,0.2431764030136629,0.7494754128856551,0.0,0.9661907597321582,0.7358269868544108,0.08069492943135574,24.0,29.0,33.0,0.257686875216915,0.0559508758329188,0.0494614061407881,0.013894156574476998,0.0559508758329188,0.360461121322605,0.0697648677126865,0.0198730010097838,0.0494614061407881,0.0697648677126865,0.11320321987623401,0.021342113533091997,0.013894156574476998,0.0198730010097838,0.021342113533091997,0.0383623627804992,672300.0,826200.0,683100.0,518400.0,3.0,3.0,3.0,3.0,2.1300000000000001e-07
32,2.0,6.0,2700000.0,10.0,6.2136505442957235,3.794823643793152,6.464690563316308,8.202514433340863,9.223290788551102,13.933030046325722,20.95680742178802,19.964742240202266,26.380021581909762,0.6280319233346342,0.4462240111011494,0.3549810106419961,0.006790677804302179,0.015218091441437197,0.6298008979165667,0.6685208914101071,0.2431764030136629,0.7494754128856551,0.0,0.9661907597321582,0.7358269868544108,0.08069492943135574,24.0,29.0,33.0,0.257686875216915,0.0559508758329188,0.0494614061407881,0.013894156574476998,0.0559508758329188,0.360461121322605,0.0697648677126865,0.0198730010097838,0.0494614061407881,0.0697648677126865,0.11320321987623401,0.021342113533091997,0.013894156574476998,0.0198730010097838,0.021342113533091997,0.0383623627804992,672300.0,826200.0,683100.0,518400.0,3.0,3.0,3.0,3.0,2.25e-07
33,3.0,6.0,2700000.0,10.0,6.2136505442957235,3.794823643793152,6.464690563316308,8.202514433340863,9.223290788551102,13.933030046325722,20.95680742178802,19.964742240202266,26.380021581909762,0.6280319233346342,0.4462240111011494,0.3549810106419961,0.006790677804302179,0.015218091441437197,0.6298008979165667,0.6685208914101071,0.2431764030136629,0.7494754128856551,0.0,0.9661907597321582,0.7358269868544108,0.08069492943135574,24.0,29.0,33.0,0.257686875216915,0.0559508758329188,0.0494614061407881,0.013894156574476998,0.0559508758329188,0.360461121322605,0.0697648677126865,0.0198730010097838,0.0494614061407881,0.0697648677126865,0.11320321987623401,0.021342113533091997,0.013894156574476998,0.0198730010097838,0.021342113533091997,0.0383623627804992,672300.0,826200.0,683100.0,518400.0,3.0,3.0,3.0,3.0,2.3800000000000001e-07
34,4.0,6.0,2700000.0,10.0,6.2136505442957235,3.794823643793152,6.464690563316308,8.202514433340863,9.223290788551102,13.933030046325722,20.95680742178802,19.964742240202266,26.380021581909762,0.6280319233346342,0.4462240111011494,0.3549810106419961,0.006790677804302179,0.015218091441437197,0.6298008979165667,0.6685208914101071,0.2431764030136629,0.7494754128856551,0.0,0.9661907597321582,0.7358269868544108,0.08069492943135574,24.0,29.0,33.0,0.257686875216915,0.0559508758329188,0.0494614061407881,0.013894156574476998,0.0559508758329188,0.360461121322605,0.0697648677126865,0.0198730010097838,0.0494614061407881,0.0697648677126865,0.11320321987623401,0.021342113533091997,0.013894156574476998,0.0198730010097838,0.021342113533091997,0.0383623627804992,672300.0,826200.0,683100.0,518400.0,3.0,3.0,3.0,3.0,2.5e-07
35,0.0,7.0,2700000.0,10.0,4.407950073850067,2.371032146050848,4.385454145199343,4.993527569386108,8.062778846247774,7.257439666983285,20.094486942118326,20.373191597641192,30.95965384081245,0.6251574003407695,0.2133646291089175,0.16802362480906147,0.0069751502268231525,0.032691220920513984,0.7992851542704246,0.6902601805469027,0.2904702899511512,0.7607973422184559,0.0,0.9597902439802116,0.6792218116392261,0.034343161931054106,24.0,29.0,33.0,0.257686875216915,0.0559508758329188,0.0494614061407881,0.013894156574476998,0.0559508758329188,0.360461121322605,0.0697648677126865,0.0198730010097838,0.0494614061407881,0.0697648677126865,0.11320321987623401,0.021342113533091997,0.013894156574476998,0.0198730010097838,0.021342113533091997,0.0383623627804992,672300.0,826200.0,683100.0,518400.0,3.0,3.0,3.0,3.0,2e-07
36,1.0,7.0,2700000.0,10.0,4.407950073850067,2.371032146050848,4.385454145199343,4.993527569386108,8.062778846247774,7.257439666983285,20.094486942118326,20.373191597641192,30.95965384081245,0.6251574003407695,0.2133646291089175,0.16802362480906147,0.0069751502268231525,0.032691220920513984,0.7992851542704246,0.6902601805469027,0.2904702899511512,0.7607973422184559,0.0,0.9597902439802116,0.6792218116392261,0.034343161931054106,24.0,29.0,33.0,0.257686875216915,0.0559508758329188,0.0494614061407881,0.013894156574476998,0.0559508758329188,0.360461121322605,0.0697648677126865,0.0198730010097838,0.0494614061407881,0.0697648677126865,0.11320321987623401,0.021342113533091997,0.013894156574476998,0.0198730010097838,0.021342113533091997,0.0383623627804992,672300.0,826200.0,683100.0,518400.0,3.0,3.0,3.0,3.0,2.1300000000000001e-07
37,2.0,7.0,2700000.0,10.0,4.407950073850067,2.371032146050848,4.385454145199343,4.993527569386108,8.062778846247774,7.257439666983285,20.094486942118326,20.373191597641192,30.95965384081245,0.6251574003407695,0.2133646291089175,0.16802362480906147,0.0069751502268231525,0.032691220920513984,0.7992851542704246,0.6902601805469027,0.2904702899511512,0.7607973422184559,0.0,0.9597902439802116,0.6792218116392261,0.034343161931054106,24.0,29.0,33.0,0.257686875216915,0.0559508758329188,0.0494614061407881,0.013894156574476998,0.0559508758329188,0.360461121322605,0.0697648677126865,0.0198730010097838,0.0494614061407881,0.0697648677126865,0.11320321987623401,0.021342113533091997,0.013894156574476998,0.0198730010097838,0.021342113533091997,0.0383623627804992,672300.0,826200.0,683100.0,518400.0,3.0,3.0,3.0,3.0,2.25e-07
38,3.0,7.0,2700000.0,10.0,4.407950073850067,2.371032146050848,4.385454145199343,4.993527569386108,8.062778846247774,7.257439666983285,20.094486942118326,20.373191597641192,30.95965384081245,0.6251574003407695,0.2133646291089175,0.16802362480906147,0.0069751502268231525,0.032691220920513984,0.7992851542704246,0.6902601805469027,0.2904702899511512,0.7607973422184559,0.0,0.9597902439802116,0.6792218116392261,0.034343161931054106,24.0,29.0,33.0,0.257686875216915,0.0559508758329188,0.0494614061407881,0.013894156574476998,0.0559508758329188,0.360461121322605,0.0697648677126865,0.0198730010097838,0.0494614061407881,0.0697648677126865,0.11320321987623401,0.021342113533091997,0.013894156574476998,0.0198730010097838,0.021342113533091997,0.0383623627804992,672300.0,826200.0,683100.0,518400.0,3.0,3.0,3.0,3.0,2.3800000000000001e-07
39,4.0,7.0,2700000.0,10.0,4.407950073850067,2.371032146050848,4.385454145199343,4.993527569386108,8.062778846247774,7.257439666983285,20.094486942118326,20.373191597641192,30.95965384081245,0.6251574003407695,0.2133646291089175,0.16802362480906147,0.0069751502268231525,0.032691220920513984,0.7992851542704246,0.6902601805469027,0.2904702899511512,0.7607973422184559,0.0,0.9597902439802116,0.6792218116392261,0.034343161931054106,24.0,29.0,33.0,0.257686875216915,0.0559508758329188,0.0494614061407881,0.013894156574476998,0.0559508758329188,0.360461121322605,0.0697648677126865,0.0198730010097838,0.0494614061407881,0.0697648677126865,0.11320321987623401,0.021342113533091997,0.013894156574476998,0.0198730010097838,0.021342113533091997,0.0383623627804992,672300.0,826200.0,683100.0,518400.0,3.0,3.0,3.0,3.0,2.5e-07
40,0.0,8.0,2700000.0,10.0,6.610743543144723,3.2885726361537277,9.873846708077377,4.2807743438590355,4.334676399541826,13.259025158702615,21.11803832830687,20.48765073968086,27.440528704945926,0.6426229790509188,0.4476047270816834,0.4228518183441072,0.0043027583147624265,0.00961285271229322,0.5675353289435996,0.7316060847782732,0.2684188960041521,0.7763715247240325,0.0,0.929333852439419,0.7161777678138951,0.030944924998139424,24.0,29.0,33.0,0.257686875216915,0.0559508758329188,0.0494614061407881,0.013894156574476998,0.0559508758329188,0.360461121322605,0.0697648677126865,0.0198730010097838,0.0494614061407881,0.0697648677126865,0.11320321987623401,0.021342113533091997,0.013894156574476998,0.0198730010097838,0.021342113533091997,0.0383623627804992,672300.0,826200.0,683100.0,518400.0,3.0,3.0,3.0,3.0,2e-07
41,1.0,8.0,2700000.0,10.0,6.610743543144723,3.2885726361537277,9.873846708077377,4.2807743438590355,4.334676399541826,13.259025158702615,21.11803832830687,20.48765073968086,27.440528704945926,0.6426229790509188,0.4476047270816834,0.4228518183441072,0.0043027583147624265,0.00961285271229322,0.5675353289435996,0.7316060847782732,0.2684188960041521,0.7763715247240325,0.0,0.929333852439419,0.7161777678138951,0.030944924998139424,24.0,29.0,33.0,0.257686875216915,0.0559508758329188,0.0494614061407881,0.013894156574476998,0.0559508758329188,0.360461121322605,0.0697648677126865,0.0198730010097838,0.0494614061407881,0.0697648677126865,0.11320321987623401,0.021342113533091997,0.013894156574476998,0.0198730010097838,0.021342113533091997,0.0383623627804992,672300.0,826200.0,683100.0,518400.0,3.0,3.0,3.0,3.0,2.1300000000000001e-07
42,2.0,8.0,2700000.0,10.0,6.610743543144723,3.2885726361537277,9.873846708077377,4.2807743438590355,4.334676399541826,13.259025158702615,21.11803832830687,20.48765073968086,27.440528704945926,0.6426229790509188,0.4476047270816834,0.4228518183441072,0.0043027583147624265,0.00961285271229322,0.5675353289435996,0.7316060847782732,0.2684188960041521,0.7763715247240325,0.0,0.929333852439419,0.7161777678138951,0.030944924998139424,24.0,29.0,33.0,0.257686875216915,0.0559508758329188,0.0494614061407881,0.013894156574476998,0.0559508758329188,0.360461121322605,0.0697648677126865,0.0198730010097838,0.0494614061407881,0.0697648677126865,0.11320321987623401,0.021342113533091997,0.013894156574476998,0.0198730010097838,0.021342113533091997,0.0383623627804992,672300.0,826200.0,683100.0,518400.0,3.0,3.0,3.0,3.0,2.25e-07
43,3.0,8.0,2700000.0,10.0,6.610743543144723,3.2885726361537277,9.873846708077377,4.2807743438590355,4.334676399541826,13.259025158702615,21.11803832830687,20.48765073968086,27.440528704945926,0.6426229790509188,0.4476047270816834,0.4228518183441072,0.0043027583147624265,0.00961285271229322,0.5675353289435996,0.7316060847782732,0.2684188960041521,0.7763715247240325,0.0,0.929333852439419,0.7161777678138951,0.030944924998139424,24.0,29.0,33.0,0.257686875216915,0.0559508758329188,0.0494614061407881,0.013894156574476998,0.0559508758329188,0.360461121322605,0.0697648677126865,0.0198730010097838,0.0494614061407881,0.0697648677126865,0.11320321987623401,0.021342113533091997,0.013894156574476998,0.0198730010097838,0.021342113533091997,0.0383623627804992,672300.0,826200.0,683100.0,518400.0,3.0,3.0,3.0,3.0,2.3800000000000001e-07
44,4.0,8.0,2700000.0,10.0,6.610743543144723,3.2885726361537277,9.873846708077377,4.2807743438590355,4.334676399541826,13.259025158702615,21.11803832830687,20.48765073968086,27.440528704945926,0.6426229790509188,0.4476047270816834,0.4228518183441072,0.0043027583147624265,0.00961285271229322,0.5675353289435996,0.7316060847782732,0.2684188960041521,0.7763715247240325,0.0,0.929333852439419,0.7161777678138951,0.030944924998139424,24.0,29.0,33.0,0.257686875216915,0.0559508758329188,0.0494614061407881,0.013894156574476998,0.0559508758329188,0.360461121322605,0.0697648677126865,0.0198730010097838,0.0494614061407881,0.0697648677126865,0.11320321987623401,0.021342113533091997,0.013894156574476998,0.0198730010097838,0.021342113533091997,0.0383623627804992,672300.0,826200.0,683100.0,518400.0,3.0,3.0,3.0,3.0,2.5e-07
45,0.0,9.0,2700000.0,10.0,4.266211169673282,4.7087558928090765,6.893287097167281,5.4547212812186165,10.858512544389312,11.123141344655373,19.96965655868818,20.89243854492565,29.859903585866622,0.521448652484245,0.3984238286737053,0.42805424369618106,0.006983946851111096,0.017528938653994755,0.5544168176498242,0.5441431025723612,0.2678513177364771,0.8326619849362543,0.0,0.9851884323080498,0.8803779086373381,0.049310285478556704,24.0,29.0,33.0,0.257686875216915,0.0559508758329188,0.0494614061407881,0.013894156574476998,0.0559508758329188,0.360461121322605,0.0697648677126865,0.0198730010097838,0.0494614061407881,0.0697648677126865,0.11320321987623401,0.021342113533091997,0.013894156574476998,0.0198730010097838,0.021342113533091997,0.0383623627804992,672300.0,826200.0,683100.0,518400.0,3.0,3.0,3.0,3.0,2e-07
46,1.0,9.0,2700000.0,10.0,4.266211169673282,4.7087558928090765,6.893287097167281,5.4547212812186165,10.858512544389312,11.123141344655373,19.96965655868818,20.89243854492565,29.859903585866622,0.521448652484245,0.3984238286737053,0.42805424369618106,0.006983946851111096,0.017528938653994755,0.5544168176498242,0.5441431025723612,0.2678513177364771,0.8326619849362543,0.0,0.9851884323080498,0.8803779086373381,0.049310285478556704,24.0,29.0,33.0,0.257686875216915,0.0559508758329188,0.0494614061407881,0.013894156574476998,0.0559508758329188,0.360461121322605,0.0697648677126865,0.0198730010097838,0.0494614061407881,0.0697648677126865,0.11320321987623401,0.021342113533091997,0.013894156574476998,0.0198730010097838,0.021342113533091997,0.0383623627804992,672300.0,826200.0,683100.0,518400.0,3.0,3.0,3.0,3.0,2.1300000000000001e-07
47,2.0,9.0,2700000.0,10.0,4.266211169673282,4.7087558928090765,6.893287097167281,5.4547212812186165,10.858512544389312,11.123141344655373,19.96965655868818,20.89243854492565,29.859903585866622,0.521448652484245,0.3984238286737053,0.42805424369618106,0.006983946851111096,0.017528938653994755,0.5544168176498242,0.5441431025723612,0.2678513177364771,0.8326619849362543,0.0,0.9851884323080498,0.8803779086373381,0.049310285478556704,24.0,29.0,33.0,0.257686875216915,0.0559508758329188,0.0494614061407881,0.013894156574476998,0.0559508758329188,0.360461121322605,0.0697648677126865,0.0198730010097838,0.0494614061407881,0.0697648677126865,0.11320321987623401,0.021342113533091997,0.013894156574476998,0.0198730010097838,0.021342113533091997,0.0383623627804992,672300.0,826200.0,683100.0,518400.0,3.0,3.0,3.0,3.0,2.25e-07
48,3.0,9.0,2700000.0,10.0,4.266211169673282,4.7087558928090765,6.893287097167281,5.4547212812186165,10.858512544389312,11.123141344655373,19.96965655868818,20.89243854492565,29.859903585866622,0.521448652484245,0.3984238286737053,0.42805424369618106,0.006983946851111096,0.017528938653994755,0.5544168176498242,0.5441431025723612,0.2678513177364771,0.8326619849362543,0.0,0.9851884323080498,0.8803779086373381,0.049310285478556704,24.0,29.0,33.0,0.257686875216915,0.0559508758329188,0.0494614061407881,0.013894156574476998,0.0559508758329188,0.360461121322605,0.0697648677126865,0.0198730010097838,0.0494614061407881,0.0697648677126865,0.11320321987623401,0.021342113533091997,0.013894156574476998,0.0198730010097838,0.021342113533091997,0.0383623627804992,672300.0,826200.0,683100.0,518400.0,3.0,3.0,3.0,3.0,2.3800000000000001e-07
49,4.0,9.0,2700000.0,10.0,4.266211169673282,4.7087558928090765,6.893287097167281,5.4547212812186165,10.858512544389312,11.123141344655373,19.96965655868818,20.89243854492565,29.859903585866622,0.521448652484245,0.3984238286737053,0.42805424369618106,0.006983946851111096,0.017528938653994755,0.5544168176498242,0.5441431025723612,0.2678513177364771,0.8326619849362543,0.0,0.9851884323080498,0.8803779086373381,0.049310285478556704,24.0,29.0,33.0,0.257686875216915,0.0559508758329188,0.0494614061407881,0.013894156574476998,0.0559508758329188,0.360461121322605,0.0697648677126865,0.0198730010097838,0.0494614061407881,0.0697648677126865,0.11320321987623401,0.021342113533091997,0.013894156574476998,0.0198730010097838,0.021342113533091997,0.0383623627804992,672300.0,826200.0,683100.0,518400.0,3.0,3.0,3.0,3.0,2.5e-07
50,0.0,10.0,2700000.0,10.0,5.458610855300461,2.4846573170752664,8.131279937932737,7.0815553793626025,10.359931346984542,7.930847656242932,20.288916507755747,20.50925753780602,28.811740979691344,0.5230915542630807,0.2802795744270381,0.1979771143947545,0.003589766823885924,0.012807807458764376,0.7892150781464812,0.8578555130508992,0.20221495989778895,0.8305253736269318,0.0,0.965813975800784,0.8002869590804533,0.14548976499652122,24.0,29.0,33.0,0.257686875216915,0.0559508758329188,0.0494614061407881,0.013894156574476998,0.0559508758329188,0.360461121322605,0.0697648677126865,0.0198730010097838,0.0494614061407881,0.0697648677126865,0.11320321987623401,0.021342113533091997,0.013894156574476998,0.0198730010097838,0.021342113533091997,0.0383623627804992,672300.0,826200.0,683100.0,518400.0,3.0,3.0,3.0,3.0,2e-07
51,1.0,10.0,2700000.0,10.0,5.458610855300461,2.4846573170752664,8.131279937932737,7.0815553793626025,10.359931346984542,7.930847656242932,20.288916507755747,20.50925753780602,28.811740979691344,0.5230915542630807,0.2802795744270381,0.1979771143947545,0.003589766823885924,0.012807807458764376,0.7892150781464812,0.8578555130508992,0.20221495989778895,0.8305253736269318,0.0,0.965813975800784,0.8002869590804533,0.14548976499652122,24.0,29.0,33.0,0.257686875216915,0.0559508758329188,0.0494614061407881,0.013894156574476998,0.0559508758329188,0.360461121322605,0.0697648677126865,0.0198730010097838,0.0494614061407881,0.0697648677126865,0.11320321987623401,0.021342113533091997,0.013894156574476998,0.0198730010097838,0.021342113533091997,0.0383623627804992,672300.0,826200.0,683100.0,518400.0,3.0,3.0,3.0,3.0,2.1300000000000001e-07
52,2.0,10.0,2700000.0,10.0,5.458610855300461,2.4846573170752664,8.131279937932737,7.0815553793626025,10.359931346984542,7.930847656242932,20.288916507755747,20.50925753780602,28.811740979691344,0.5230915542630807,0.2802795744270381,0.1979771143947545,0.003589766823885924,0.012807807458764376,0.7892150781464812,0.8578555130508992,0.20221495989778895,0.8305253736269318,0.0,0.965813975800784,0.8002869590804533,0.14548976499652122,24.0,29.0,33.0,0.257686875216915,0.0559508758329188,0.0494614061407881,0.013894156574476998,0.0559508758329188,0.360461121322605,0.0697648677126865,0.0198730010097838,0.0494614061407881,0.0697648677126865,0.11320321987623401,0.021342113533091997,0.013894156574476998,0.0198730010097838,0.021342113533091997,0.0383623627804992,672300.0,826200.0,683100.0,518400.0,3.0,3.0,3.0,3.0,2.25e-07
53,3.0,10.0,2700000.0,10.0,5.458610855300461,2.4846573170752664,8.131279937932737,7.0815553793626025,10.359931346984542,7.930847656242932,20.288916507755747,20.50925753780602,28.811740979691344,0.5230915542630807,0.2802795744270381,0.1979771143947545,0.003589766823885924,0.012807807458764376,0.7892150781464812,0.8578555130508992,0.20221495989778895,0.8305253736269318,0.0,0.965813975800784,0.8002869590804533,0.14548976499652122,24.0,29.0,33.0,0.257686875216915,0.0559508758329188,0.0494614061407881,0.013894156574476998,0.0559508758329188,0.360461121322605,0.0697648677126865,0.0198730010097838,0.0494614061407881,0.0697648677126865,0.11320321987623401,0.021342113533091997,0.013894156574476998,0.0198730010097838,0.021342113533091997,0.0383623627804992,672300.0,826200.0,683100.0,518400.0,3.0,3.0,3.0,3.0,2.3800000000000001e-07
54,4.0,10.0,2700000.0,10.0,5.458610855300461,2.4846573170752664,8.131279937932737,7.0815553793626025,10.359931346984542,7.930847656242932,20.288916507755747,20.50925753780602,28.811740979691344,0.5230915542630807,0.2802795744270381,0.1979771143947545,0.003589766823885924,0.012807807458764376,0.7892150781464812,0.8578555130508992,0.20221495989778895,0.8305253736269318,0.0,0.965813975800784,0.8002869590804533,0.14548976499652122,24.0,29.0,33.0,0.257686875216915,0.0559508758329188,0.0494614061407881,0.013894156574476998,0.0559508758329188,0.360461121322605,0.0697648677126865,0.0198730010097838,0.0494614061407881,0.0697648677126865,0.11320321987623401,0.021342113533091997,0.013894156574476998,0.0198730010097838,0.021342113533091997,0.0383623627804992,672300.0,826200.0,683100.0,518400.0,3.0,3.0,3.0,3.0,2.5e-07
55,0.0,11.0,2700000.0,10.0,5.400504304946736,3.3762258217221537,7.630983586595588,7.16824719031911,8.016089002499445,14.188865471132624,20.53255799716565,20.098913593040653,26.16603643506321,0.5051291517081757,0.4888030070826661,0.3412860808808534,0.005925727986620475,0.012122936849319177,0.6465909822698275,0.8850328896543783,0.26747328814960264,0.7894356653421679,0.0,0.9718970650504826,0.6354763486083603,0.0915069179644383,24.0,29.0,33.0,0.257686875216915,0.0559508758329188,0.0494614061407881,0.013894156574476998,0.0559508758329188,0.360461121322605,0.0697648677126865,0.0198730010097838,0.0494614061407881,0.0697648677126865,0.11320321987623401,0.021342113533091997,0.013894156574476998,0.0198730010097838,0.021342113533091997,0.0383623627804992,672300.0,826200.0,683100.0,518400.0,3.0,3.0,3.0,3.0,2e-07
56,1.0,11.0,2700000.0,10.0,5.400504304946736,3.3762258217221537,7.630983586595588,7.16824719031911,8.016089002499445,14.188865471132624,20.53255799716565,20.098913593040653,26.16603643506321,0.5051291517081757,0.4888030070826661,0.3412860808808534,0.005925727986620475,0.012122936849319177,0.6465909822698275,0.8850328896543783,0.26747328814960264,0.7894356653421679,0.0,0.9718970650504826,0.6354763486083603,0.0915069179644383,24.0,29.0,33.0,0.257686875216915,0.0559508758329188,0.0494614061407881,0.013894156574476998,0.0559508758329188,0.360461121322605,0.0697648677126865,0.0198730010097838,0.0494614061407881,0.0697648677126865,0.11320321987623401,0.021342113533091997,0.013894156574476998,0.0198730010097838,0.021342113533091997,0.0383623627804992,672300.0,826200.0,683100.0,518400.0,3.0,3.0,3.0,3.0,2.1300000000000001e-07
57,2.0,11.0,2700000.0,10.0,5.400504304946736,3.3762258217221537,7.630983586595588,7.16824719031911,8.016089002499445,14.188865471132624,20.53255799716565,20.098913593040653,26.16603643506321,0.5051291517081757,0.4888030070826661,0.3412860808808534,0.005925727986620475,0.012122936849319177,0.6465909822698275,0.8850328896543783,0.26747328814960264,0.7894356653421679,0.0,0.9718970650504826,0.6354763486083603,0.0915069179644383,24.0,29.0,33.0,0.257686875216915,0.0559508758329188,0.0494614061407881,0.013894156574476998,0.0559508758329188,0.360461121322605,0.0697648677126865,0.0198730010097838,0.0494614061407881,0.0697648677126865,0.11320321987623401,0.021342113533091997,0.013894156574476998,0.0198730010097838,0.021342113533091997,0.0383623627804992,672300.0,826200.0,683100.0,518400.0,3.0,3.0,3.0,3.0,2.25e-07
58,3.0,11.0,2700000.0,10.0,5.400504304946736,3.3762258217221537,7.630983586595588,7.16824719031911,8.016089002499445,14.188865471132624,20.53255799716565,20.098913593040653,26.16603643506321,0.5051291517081757,0.4888030070826661,0.3412860808808534,0.005925727986620475,0.012122936849319177,0.6465909822698275,0.8850328896543783,0.26747328814960264,0.7894356653421679,0.0,0.9718970650504826,0.6354763486083603,0.0915069179644383,24.0,29.0,33.0,0.257686875216915,0.0559508758329188,0.0494614061407881,0.013894156574476998,0.0559508758329188,0.360461121322605,0.0697648677126865,0.0198730010097838,0.0494614061407881,0.0697648677126865,0.11320321987623401,0.021342113533091997,0.013894156574476998,0.0198730010097838,0.021342113533091997,0.0383623627804992,672300.0,826200.0,683100.0,518400.0,3.0,3.0,3.0,3.0,2.3800000000000001e-07
59,4.0,11.0,2700000.0,10.0,5.400504304946736,3.3762258217221537,7.630983586595588,7.16824719031911,8.016089002499445,14.188865471132624,20.53255799716565,20.098913593040653,26.16603643506321,0.5051291517081757,0.4888030070826661,0.3412860808808534,0.005925727986620475,0.012122936849319177,0.6465909822698275,0.8850328896543783,0.26747328814960264,0.7894356653421679,0.0,0.9718970650504826,0.6354763486083603,0.0915069179644383,24.0,29.0,33.0,0.257686875216915,0.0559508758329188,0.0494614061407881,0.013894156574476998,0.0559508758329188,0.360461121322605,0.0697648677126865,0.0198730010097838,0.0494614061407881,0.0697648677126865,0.11320321987623401,0.021342113533091997,0.013894156574476998,0.0198730010097838,0.021342113533091997,0.0383623627804992,672300.0,826200.0,683100.0,518400.0,3.0,3.0,3.0,3.0,2.5e-07
60,0.0,12.0,2700000.0,10.0,6.539839124230036,2.201297957786489,2.3267337646603083,5.275701939657509,3.126051625066282,15.17600812132392,19.787381358810105,20.042446573715864,27.010381487494744,0.6683927553853707,0.23529716328728506,0.3245825174268933,0.004715665818927614,0.020041320316174158,0.6553761622569326,0.6859568336829847,0.2275996852856144,0.8138700369612027,0.0,0.9350491896031208,0.7038868716854763,0.1273224035208623,24.0,29.0,33.0,0.257686875216915,0.0559508758329188,0.0494614061407881,0.013894156574476998,0.0559508758329188,0.360461121322605,0.0697648677126865,0.0198730010097838,0.0494614061407881,0.0697648677126865,0.11320321987623401,0.021342113533091997,0.013894156574476998,0.0198730010097838,0.021342113533091997,0.0383623627804992,672300.0,826200.0,683100.0,518400.0,3.0,3.0,3.0,3.0,2e-07
61,1.0,12.0,2700000.0,10.0,6.539839124230036,2.201297957786489,2.3267337646603083,5.275701939657509,3.126051625066282,15.17600812132392,19.787381358810105,20.042446573715864,27.010381487494744,0.6683927553853707,0.23529716328728506,0.3245825174268933,0.004715665818927614,0.020041320316174158,0.6553761622569326,0.6859568336829847,0.2275996852856144,0.8138700369612027,0.0,0.9350491896031208,0.7038868716854763,0.1273224035208623,24.0,29.0,33.0,0.257686875216915,0.0559508758329188,0.0494614061407881,0.013894156574476998,0.0559508758329188,0.360461121322605,0.0697648677126865,0.0198730010097838,0.0494614061407881,0.0697648677126865,0.11320321987623401,0.021342113533091997,0.013894156574476998,0.0198730010097838,0.021342113533091997,0.0383623627804992,672300.0,826200.0,683100.0,518400.0,3.0,3.0,3.0,3.0,2.1300000000000001e-07
62,2.0,12.0,2700000.0,10.0,6.539839124230036,2.201297957786489,2.3267337646603083,5.275701939657509,3.126051625066282,15.17600812132392,19.787381358810105,20.042446573715864,27.010381487494744,0.6683927553853707,0.23529716328728506,0.3245825174268933,0.004715665818927614,0.020041320316174158,0.6553761622569326,0.6859568336829847,0.2275996852856144,0.8138700369612027,0.0,0.9350491896031208,0.7038868716854763,0.1273224035208623,24.0,29.0,33.0,0.257686875216915,0.0559508758329188,0.0494614061407881,0.013894156574476998,0.0559508758329188,0.360461121322605,0.0697648677126865,0.0198730010097838,0.0494614061407881,0.0697648677126865,0.11320321987623401,0.021342113533091997,0.013894156574476998,0.0198730010097838,0.021342113533091997,0.0383623627804992,672300.0,826200.0,683100.0,518400.0,3.0,3.0,3.0,3.0,2.25e-07
63,3.0,12.0,2700000.0,10.0,6.539839124230036,2.201297957786489,2.3267337646603083,5.275701939657509,3.126051625066282,15.17600812132392,19.787381358810105,20.042446573715864,27.010381487494744,0.6683927553853707,0.23529716328728506,0.3245825174268933,0.004715665818927614,0.020041320316174158,0.6553761622569326,0.6859568336829847,0.2275996852856144,0.8138700369612027,0.0,0.9350491896031208,0.7038868716854763,0.1273224035208623,24.0,29.0,33.0,0.257686875216915,0.0559508758329188,0.0494614061407881,0.013894156574476998,0.0559508758329188,0.360461121322605,0.0697648677126865,0.0198730010097838,0.0494614061407881,0.0697648677126865,0.11320321987623401,0.021342113533091997,0.013894156574476998,0.0198730010097838,0.021342113533091997,0.0383623627804992,672300.0,826200.0,683100.0,518400.0,3.0,3.0,3.0,3.0,2.3800000000000001e-07
64,4.0,12.0,2700000.0,10.0,6.539839124230036,2.201297957786489,2.3267337646603083,5.275701939657509,3.126051625066282,15.17600812132392,19.787381358810105,20.042446573715864,27.010381487494744,0.6683927553853707,0.23529716328728506,0.3245825174268933,0.004715665818927614,0.020041320316174158,0.6553761622569326,0.6859568336829847,0.2275996852856144,0.8138700369612027,0.0,0.9350491896031208,0.7038868716854763,0.1273224035208623,24.0,29.0,33.0,0.257686875216915,0.0559508758329188,0.0494614061407881,0.013894156574476998,0.0559508758329188,0.360461121322605,0.0697648677126865,0.0198730010097838,0.0494614061407881,0.0697648677126865,0.11320321987623401,0.021342113533091997,0.013894156574476998,0.0198730010097838,0.021342113533091997,0.0383623627804992,672300.0,826200.0,683100.0,518400.0,3.0,3.0,3.0,3.0,2.5e-07
65,0.0,13.0,2700000.0,10.0,5.8402760091158274,4.3435401311783135,6.389674594305764,7.604126473404302,3.5641705513736315,7.358106201839499,19.540378371092512,19.51258014369695,29.92063840583148,0.6544490020191664,0.4225187123625327,0.35879247879633364,0.0031414201537793692,0.007434984680829812,0.6337725365228365,0.8495080240721351,0.2843684456698272,0.8751231247171778,0.0,0.914353849972488,0.6671940985384492,0.1106435073348293,24.0,29.0,33.0,0.257686875216915,0.0559508758329188,0.0494614061407881,0.013894156574476998,0.0559508758329188,0.360461121322605,0.0697648677126865,0.0198730010097838,0.0494614061407881,0.0697648677126865,0.11320321987623401,0.021342113533091997,0.013894156574476998,0.0198730010097838,0.021342113533091997,0.0383623627804992,672300.0,826200.0,683100.0,518400.0,3.0,3.0,3.0,3.0,2e-07
66,1.0,13.0,2700000.0,10.0,5.8402760091158274,4.3435401311783135,6.389674594305764,7.604126473404302,3.5641705513736315,7.358106201839499,19.540378371092512,19.51258014369695,29.92063840583148,0.6544490020191664,0.4225187123625327,0.35879247879633364,0.0031414201537793692,0.007434984680829812,0.6337725365228365,0.8495080240721351,0.2843684456698272,0.8751231247171778,0.0,0.914353849972488,0.6671940985384492,0.1106435073348293,24.0,29.0,33.0,0.257686875216915,0.0559508758329188,0.0494614061407881,0.013894156574476998,0.0559508758329188,0.360461121322605,0.0697648677126865,0.0198730010097838,0.0494614061407881,0.0697648677126865,0.11320321987623401,0.021342113533091997,0.013894156574476998,0.0198730010097838,0.021342113533091997,0.0383623627804992,672300.0,826200.0,683100.0,518400.0,3.0,3.0,3.0,3.0,2.1300000000000001e-07
67,2.0,13.0,2700000.0,10.0,5.8402760091158274,4.3435401311783135,6.389674594305764,7.604126473404302,3.5641705513736315,7.358106201839499,19.540378371092512,19.51258014369695,29.92063840583148,0.6544490020191664,0.4225187123625327,0.35879247879633364,0.0031414201537793692,0.007434984680829812,0.6337725365228365,0.8495080240721351,0.2843684456698272,0.8751231247171778,0.0,0.914353849972488,0.6671940985384492,0.1106435073348293,24.0,29.0,33.0,0.257686875216915,0.0559508758329188,0.0494614061407881,0.013894156574476998,0.0559508758329188,0.360461121322605,0.0697648677126865,0.0198730010097838,0.0494614061407881,0.0697648677126865,0.11320321987623401,0.021342113533091997,0.013894156574476998,0.0198730010097838,0.021342113533091997,0.0383623627804992,672300.0,826200.0,683100.0,518400.0,3.0,3.0,3.0,3.0,2.25e-07
68,3.0,13.0,2700000.0,10.0,5.8402760091158274,4.3435401311783135,6.389674594305764,7.604126473404302,3.5641705513736315,7.358106201839499,19.540378371092512,19.51258014369695,29.92063840583148,0.6544490020191664,0.4225187123625327,0.35879247879633364,0.0031414201537793692,0.007434984680829812,0.6337725365228365,0.8495080240721351,0.2843684456698272,0.8751231247171778,0.0,0.914353849972488,0.6671940985384492,0.1106435073348293,24.0,29.0,33.0,0.257686875216915,0.0559508758329188,0.0494614061407881,0.013894156574476998,0.0559508758329188,0.360461121322605,0.0697648677126865,0.0198730010097838,0.0494614061407881,0.0697648677126865,0.11320321987623401,0.021342113533091997,0.013894156574476998,0.0198730010097838,0.021342113533091997,0.0383623627804992,672300.0,826200.0,683100.0,518400.0,3.0,3.0,3.0,3.0,2.3800000000000001e-07
69,4.0,13.0,2700000.0,10.0,5.8402760091158274,4.3435401311783135,6.389674594305764,7.604126473404302,3.5641705513736315,7.358106201839499,19.540378371092512,19.51258014369695,29.92063840583148,0.6544490020191664,0.4225187123625327,0.35879247879633364,0.0031414201537793692,0.007434984680829812,0.6337725365228365,0.8495080240721351,0.2843684456698272,0.8751231247171778,0.0,0.914353849972488,0.6671940985384492,0.1106435073348293,24.0,29.0,33.0,0.257686875216915,0.0559508758329188,0.0494614061407881,0.013894156574476998,0.0559508758329188,0.360461121322605,0.0697648677126865,0.0198730010097838,0.0494614061407881,0.0697648677126865,0.11320321987623401,0.021342113533091997,0.013894156574476998,0.0198730010097838,0.021342113533091997,0.0383623627804992,672300.0,826200.0,683100.0,518400.0,3.0,3.0,3.0,3.0,2.5e-07
70,0.0,14.0,2700000.0,10.0,5.452192835701318,3.303375116785712,5.804180495597652,5.346754598222012,8.298483647346847,13.209753200544794,19.410623185357803,20.99223376284911,29.801917338219965,0.5067121082436961,0.44514244429599176,0.3629059389455983,0.004491556502001503,0.010090155543592466,0.6270039055108092,0.5141156841080027,0.2638372488737003,0.8535111927497913,0.0,0.9372714333442712,0.7379703197575008,0.2347057853907961,24.0,29.0,33.0,0.257686875216915,0.0559508758329188,0.0494614061407881,0.013894156574476998,0.0559508758329188,0.360461121322605,0.0697648677126865,0.0198730010097838,0.0494614061407881,0.0697648677126865,0.11320321987623401,0.021342113533091997,0.013894156574476998,0.0198730010097838,0.021342113533091997,0.0383623627804992,672300.0,826200.0,683100.0,518400.0,3.0,3.0,3.0,3.0,2e-07
71,1.0,14.0,2700000.0,10.0,5.452192835701318,3.303375116785712,5.804180495597652,5.346754598222012,8.298483647346847,13.209753200544794,19.410623185357803,20.99223376284911,29.801917338219965,0.5067121082436961,0.44514244429599176,0.3629059389455983,0.004491556502001503,0.010090155543592466,0.6270039055108092,0.5141156841080027,0.2638372488737003,0.8535111927497913,0.0,0.9372714333442712,0.7379703197575008,0.2347057853907961,24.0,29.0,33.0,0.257686875216915,0.0559508758329188,0.0494614061407881,0.013894156574476998,0.0559508758329188,0.360461121322605,0.0697648677126865,0.0198730010097838,0.0494614061407881,0.0697648677126865,0.11320321987623401,0.021342113533091997,0.013894156574476998,0.0198730010097838,0.021342113533091997,0.0383623627804992,672300.0,826200.0,683100.0,518400.0,3.0,3.0,3.0,3.0,2.1300000000000001e-07
72,2.0,14.0,2700000.0,10.0,5.452192835701318,3.303375116785712,5.804180495597652,5.346754598222012,8.298483647346847,13.209753200544794,19.410623185357803,20.99223376284911,29.801917338219965,0.5067121082436961,0.44514244429599176,0.3629059389455983,0.004491556502001503,0.010090155543592466,0.6270039055108092,0.5141156841080027,0.2638372488737003,0.8535111927497913,0.0,0.9372714333442712,0.7379703197575008,0.2347057853907961,24.0,29.0,33.0,0.257686875216915,0.0559508758329188,0.0494614061407881,0.013894156574476998,0.0559508758329188,0.360461121322605,0.0697648677126865,0.0198730010097838,0.0494614061407881,0.0697648677126865,0.11320321987623401,0.021342113533091997,0.013894156574476998,0.0198730010097838,0.021342113533091997,0.0383623627804992,672300.0,826200.0,683100.0,518400.0,3.0,3.0,3.0,3.0,2.25e-07
73,3.0,14.0,2700000.0,10.0,5.452192835701318,3.303375116785712,5.804180495597652,5.346754598222012,8.298483647346847,13.209753200544794,19.410623185357803,20.99223376284911,29.801917338219965,0.5067121082436961,0.44514244429599176,0.3629059389455983,0.004491556502001503,0.010090155543592466,0.6270039055108092,0.5141156841080027,0.2638372488737003,0.8535111927497913,0.0,0.9372714333442712,0.7379703197575008,0.2347057853907961,24.0,29.0,33.0,0.257686875216915,0.0559508758329188,0.0494614061407881,0.013894156574476998,0.0559508758329188,0.360461121322605,0.0697648677126865,0.0198730010097838,0.0494614061407881,0.0697648677126865,0.11320321987623401,0.021342113533091997,0.013894156574476998,0.0198730010097838,0.021342113533091997,0.0383623627804992,672300.0,826200.0,683100.0,518400.0,3.0,3.0,3.0,3.0,2.3800000000000001e-07
74,4.0,14.0,2700000.0,10.0,5.452192835701318,3.303375116785712,5.804180495597652,5.346754598222012,8.298483647346847,13.209753200544794,19.410623185357803,20.99223376284911,29.801917338219965,0.5067121082436961,0.44514244429599176,0.3629059389455983,0.004491556502001503,0.010090155543592466,0.6270039055108092,0.5141156841080027,0.2638372488737003,0.8535111927497913,0.0,0.9372714333442712,0.7379703197575008,0.2347057853907961,24.0,29.0,33.0,0.257686875216915,0.0559508758329188,0.0494614061407881,0.013894156574476998,0.0559508758329188,0.360461121322605,0.0697648677126865,0.0198730010097838,0.0494614061407881,0.0697648677126865,0.11320321987623401,0.021342113533091997,0.013894156574476998,0.0198730010097838,0.021342113533091997,0.0383623627804992,672300.0,826200.0,683100.0,518400.0,3.0,3.0,3.0,3.0,2.5e-07
75,0.0,15.0,2700000.0,10.0,5.4876228086797365,1.297534131946843,3.9775944734662207,8.736393440964223,4.504507212999592,9.011469445733947,20.506479960839275,20.78340634938957,25.44492222745138,0.7190947171063925,0.4389950947473247,0.2596060624290152,0.003480526056418247,0.00792839395716154,0.7324655436138233,0.8957869786904211,0.2445598416362181,0.7457292993117176,0.0,0.9550408809791472,0.8475579968696492,0.21328143014310905,24.0,29.0,33.0,0.257686875216915,0.0559508758329188,0.0494614061407881,0.013894156574476998,0.0559508758329188,0.360461121322605,0.0697648677126865,0.0198730010097838,0.0494614061407881,0.0697648677126865,0.11320321987623401,0.021342113533091997,0.013894156574476998,0.0198730010097838,0.021342113533091997,0.0383623627804992,672300.0,826200.0,683100.0,518400.0,3.0,3.0,3.0,3.0,2e-07
76,1.0,15.0,2700000.0,10.0,5.4876228086797365,1.297534131946843,3.9775944734662207,8.736393440964223,4.504507212999592,9.011469445733947,20.506479960839275,20.78340634938957,25.44492222745138,0.7190947171063925,0.4389950947473247,0.2596060624290152,0.003480526056418247,0.00792839395716154,0.7324655436138233,0.8957869786904211,0.2445598416362181,0.7457292993117176,0.0,0.9550408809791472,0.8475579968696492,0.21328143014310905,24.0,29.0,33.0,0.257686875216915,0.0559508758329188,0.0494614061407881,0.013894156574476998,0.0559508758329188,0.360461121322605,0.0697648677126865,0.0198730010097838,0.0494614061407881,0.0697648677126865,0.11320321987623401,0.021342113533091997,0.013894156574476998,0.0198730010097838,0.021342113533091997,0.0383623627804992,672300.0,826200.0,683100.0,518400.0,3.0,3.0,3.0,3.0,2.1300000000000001e-07
77,2.0,15.0,2700000.0,10.0,5.4876228086797365,1.297534131946843,3.9775944734662207,8.736393440964223,4.504507212999592,9.011469445733947,20.506479960839275,20.78340634938957,25.44492222745138,0.7190947171063925,0.4389950947473247,0.2596060624290152,0.003480526056418247,0.00792839395716154,0.7324655436138233,0.8957869786904211,0.2445598416362181,0.7457292993117176,0.0,0.9550408809791472,0.8475579968696492,0.21328143014310905,24.0,29.0,33.0,0.257686875216915,0.0559508758329188,0.0494614061407881,0.013894156574476998,0.0559508758329188,0.360461121322605,0.0697648677126865,0.0198730010097838,0.0494614061407881,0.0697648677126865,0.11320321987623401,0.021342113533091997,0.013894156574476998,0.0198730010097838,0.021342113533091997,0.0383623627804992,672300.0,826200.0,683100.0,518400.0,3.0,3.0,3.0,3.0,2.25e-07
78,3.0,15.0,2700000.0,10.0,5.4876228086797365,1.297534131946843,3.9775944734662207,8.736393440964223,4.504507212999592,9.011469445733947,20.506479960839275,20.78340634938957,25.44492222745138,0.7190947171063925,0.4389950947473247,0.2596060624290152,0.003480526056418247,0.00792839395716154,0.7324655436138233,0.8957869786904211,0.2445598416362181,0.7457292993117176,0.0,0.9550408809791472,0.8475579968696492,0.21328143014310905,24.0,29.0,33.0,0.257686875216915,0.0559508758329188,0.0494614061407881,0.013894156574476998,0.0559508758329188,0.360461121322605,0.0697648677126865,0.0198730010097838,0.0494614061407881,0.0697648677126865,0.11320321987623401,0.021342113533091997,0.013894156574476998,0.0198730010097838,0.021342113533091997,0.0383623627804992,672300.0,826200.0,683100.0,518400.0,3.0,3.0,3.0,3.0,2.3800000000000001e-07
79,4.0,15.0,2700000.0,10.0,5.4876228086797365,1.297534131946843,3.9775944734662207,8.736393440964223,4.504507212999592,9.011469445733947,20.506479960839275,20.78340634938957,25.44492222745138,0.7190947171063925,0.4389950947473247,0.2596060624290152,0.003480526056418247,0.00792839395716154,0.7324655436138233,0.8957869786904211,0.2445598416362181,0.7457292993117176,0.0,0.9550408809791472,0.8475579968696492,0.21328143014310905,24.0,29.0,33.0,0.257686875216915,0.0559508758329188,0.0494614061407881,0.013894156574476998,0.0559508758329188,0.360461121322605,0.0697648677126865,0.0198730010097838,0.0494614061407881,0.0697648677126865,0.11320321987623401,0.021342113533091997,0.013894156574476998,0.0198730010097838,0.021342113533091997,0.0383623627804992,672300.0,826200.0,683100.0,518400.0,3.0,3.0,3.0,3.0,2.5e-07
80,0.0,16.0,2700000.0,10.0,4.517007978978841,1.7612711302296296,4.566247509373566,7.94132000912915,4.883822231797153,11.849365658666189,20.046589650185183,20.137826570601266,29.780805466413522,0.5303519382748533,0.30818761125610544,0.2551862324002069,0.004745667765456657,0.015398632495687773,0.7294151351041053,0.6432726966901392,0.2450090351688017,0.7465197886458217,0.0,0.9091691980458754,0.6730900778181914,0.05170525655957926,24.0,29.0,33.0,0.257686875216915,0.0559508758329188,0.0494614061407881,0.013894156574476998,0.0559508758329188,0.360461121322605,0.0697648677126865,0.0198730010097838,0.0494614061407881,0.0697648677126865,0.11320321987623401,0.021342113533091997,0.013894156574476998,0.0198730010097838,0.021342113533091997,0.0383623627804992,672300.0,826200.0,683100.0,518400.0,3.0,3.0,3.0,3.0,2e-07
81,1.0,16.0,2700000.0,10.0,4.517007978978841,1.7612711302296296,4.566247509373566,7.94132000912915,4.883822231797153,11.849365658666189,20.046589650185183,20.137826570601266,29.780805466413522,0.5303519382748533,0.30818761125610544,0.2551862324002069,0.004745667765456657,0.015398632495687773,0.7294151351041053,0.6432726966901392,0.2450090351688017,0.7465197886458217,0.0,0.9091691980458754,0.6730900778181914,0.05170525655957926,24.0,29.0,33.0,0.257686875216915,0.0559508758329188,0.0494614061407881,0.013894156574476998,0.0559508758329188,0.360461121322605,0.0697648677126865,0.0198730010097838,0.0494614061407881,0.0697648677126865,0.11320321987623401,0.021342113533091997,0.013894156574476998,0.0198730010097838,0.021342113533091997,0.0383623627804992,672300.0,826200.0,683100.0,518400.0,3.0,3.0,3.0,3.0,2.1300000000000001e-07
82,2.0,16.0,2700000.0,10.0,4.517007978978841,1.7612711302296296,4.566247509373566,7.94132000912915,4.883822231797153,11.849365658666189,20.046589650185183,20.137826570601266,29.780805466413522,0.5303519382748533,0.30818761125610544,0.2551862324002069,0.004745667765456657,0.015398632495687773,0.7294151351041053,0.6432726966901392,0.2450090351688017,0.7465197886458217,0.0,0.9091691980458754,0.6730900778181914,0.05170525655957926,24.0,29.0,33.0,0.257686875216915,0.0559508758329188,0.0494614061407881,0.013894156574476998,0.0559508758329188,0.360461121322605,0.0697648677126865,0.0198730010097838,0.0494614061407881,0.0697648677126865,0.11320321987623401,0.021342113533091997,0.013894156574476998,0.0198730010097838,0.021342113533091997,0.0383623627804992,672300.0,826200.0,683100.0,518400.0,3.0,3.0,3.0,3.0,2.25e-07
83,3.0,16.0,2700000.0,10.0,4.517007978978841,1.7612711302296296,4.566247509373566,7.94132000912915,4.883822231797153,11.849365658666189,20.046589650185183,20.137826570601266,29.780805466413522,0.5303519382748533,0.30818761125610544,0.2551862324002069,0.004745667765456657,0.015398632495687773,0.7294151351041053,0.6432726966901392,0.2450090351688017,0.7465197886458217,0.0,0.9091691980458754,0.6730900778181914,0.05170525655957926,24.0,29.0,33.0,0.257686875216915,0.0559508758329188,0.0494614061407881,0.013894156574476998,0.0559508758329188,0.360461121322605,0.0697648677126865,0.0198730010097838,0.0494614061407881,0.0697648677126865,0.11320321987623401,0.021342113533091997,0.013894156574476998,0.0198730010097838,0.021342113533091997,0.0383623627804992,672300.0,826200.0,683100.0,518400.0,3.0,3.0,3.0,3.0,2.3800000000000001e-07
84,4.0,16.0,2700000.0,10.0,4.517007978978841,1.7612711302296296,4.566247509373566,7.94132000912915,4.883822231797153,11.849365658666189,20.046589650185183,20.137826570601266,29.780805466413522,0.5303519382748533,0.30818761125610544,0.2551862324002069,0.004745667765456657,0.015398632495687773,0.7294151351041053,0.6432726966901392,0.2450090351688017,0.7465197886458217,0.0,0.9091691980458754,0.6730900778181914,0.05170525655957926,24.0,29.0,33.0,0.257686875216915,0.0559508758329188,0.0494614061407881,0.013894156574476998,0.0559508758329188,0.360461121322605,0.0697648677126865,0.0198730010097838,0.0494614061407881,0.0697648677126865,0.11320321987623401,0.021342113533091997,0.013894156574476998,0.0198730010097838,0.021342113533091997,0.0383623627804992,672300.0,826200.0,683100.0,518400.0,3.0,3.0,3.0,3.0,2.5e-07
85,0.0,17.0,2700000.0,10.0,5.411703297718601,3.829332935301424,4.057840227171537,5.835990847349951,5.886478688326139,14.747667804076562,20.77913735954861,20.964406477766552,26.831254847944514,0.6447828736264236,0.30568783280601514,0.2938044975095563,0.00773622905168111,0.025307611953892858,0.6808878905365509,0.5576102386063951,0.2769723014446406,0.7510092785954663,0.0,0.929614281463792,0.7165904819003525,0.05169007453787923,24.0,29.0,33.0,0.257686875216915,0.0559508758329188,0.0494614061407881,0.013894156574476998,0.0559508758329188,0.360461121322605,0.0697648677126865,0.0198730010097838,0.0494614061407881,0.0697648677126865,0.11320321987623401,0.021342113533091997,0.013894156574476998,0.0198730010097838,0.021342113533091997,0.0383623627804992,672300.0,826200.0,683100.0,518400.0,3.0,3.0,3.0,3.0,2e-07
86,1.0,17.0,2700000.0,10.0,5.411703297718601,3.829332935301424,4.057840227171537,5.835990847349951,5.886478688326139,14.747667804076562,20.77913735954861,20.964406477766552,26.831254847944514,0.6447828736264236,0.30568783280601514,0.2938044975095563,0.00773622905168111,0.025307611953892858,0.6808878905365509,0.5576102386063951,0.2769723014446406,0.7510092785954663,0.0,0.929614281463792,0.7165904819003525,0.05169007453787923,24.0,29.0,33.0,0.257686875216915,0.0559508758329188,0.0494614061407881,0.013894156574476998,0.0559508758329188,0.360461121322605,0.0697648677126865,0.0198730010097838,0.0494614061407881,0.0697648677126865,0.11320321987623401,0.021342113533091997,0.013894156574476998,0.0198730010097838,0.021342113533091997,0.0383623627804992,672300.0,826200.0,683100.0,518400.0,3.0,3.0,3.0,3.0,2.1300000000000001e-07
87,2.0,17.0,2700000.0,10.0,5.411703297718601,3.829332935301424,4.057840227171537,5.835990847349951,5.886478688326139,14.747667804076562,20.77913735954861,20.964406477766552,26.831254847944514,0.6447828736264236,0.30568783280601514,0.2938044975095563,0.00773622905168111,0.025307611953892858,0.6808878905365509,0.5576102386063951,0.2769723014446406,0.7510092785954663,0.0,0.929614281463792,0.7165904819003525,0.05169007453787923,24.0,29.0,33.0,0.257686875216915,0.0559508758329188,0.0494614061407881,0.013894156574476998,0.0559508758329188,0.360461121322605,0.0697648677126865,0.0198730010097838,0.0494614061407881,0.0697648677126865,0.11320321987623401,0.021342113533091997,0.013894156574476998,0.0198730010097838,0.021342113533091997,0.0383623627804992,672300.0,826200.0,683100.0,518400.0,3.0,3.0,3.0,3.0,2.25e-07
88,3.0,17.0,2700000.0,10.0,5.411703297718601,3.829332935301424,4.057840227171537,5.835990847349951,5.886478688326139,14.747667804076562,20.77913735954861,20.964406477766552,26.831254847944514,0.6447828736264236,0.30568783280601514,0.2938044975095563,0.00773622905168111,0.025307611953892858,0.6808878905365509,0.5576102386063951,0.2769723014446406,0.7510092785954663,0.0,0.929614281463792,0.7165904819003525,0.05169007453787923,24.0,29.0,33.0,0.257686875216915,0.0559508758329188,0.0494614061407881,0.013894156574476998,0.0559508758329188,0.360461121322605,0.0697648677126865,0.0198730010097838,0.0494614061407881,0.0697648677126865,0.11320321987623401,0.021342113533091997,0.013894156574476998,0.0198730010097838,0.021342113533091997,0.0383623627804992,672300.0,826200.0,683100.0,518400.0,3.0,3.0,3.0,3.0,2.3800000000000001e-07
89,4.0,17.0,2700000.0,10.0,5.411703297718601,3.829332935301424,4.057840227171537,5.835990847349951,5.886478688326139,14.747667804076562,20.77913735954861,20.964406477766552,26.831254847944514,0.6447828736264236,0.30568783280601514,0.2938044975095563,0.00773622905168111,0.025307611953892858,0.6808878905365509,0.5576102386063951,0.2769723014446406,0.7510092785954663,0.0,0.929614281463792,0.7165904819003525,0.05169007453787923,24.0,29.0,33.0,0.257686875216915,0.0559508758329188,0.0494614061407881,0.013894156574476998,0.0559508758329188,0.360461121322605,0.0697648677126865,0.0198730010097838,0.0494614061407881,0.0697648677126865,0.11320321987623401,0.021342113533091997,0.013894156574476998,0.0198730010097838,0.021342113533091997,0.0383623627804992,672300.0,826200.0,683100.0,518400.0,3.0,3.0,3.0,3.0,2.5e-07
90,0.0,18.0,2700000.0,10.0,4.5849563870033725,2.2136174936596467,2.645766620967758,8.754301949744045,6.234735419718922,15.129002141865762,20.99527621702976,20.158769395494453,27.18063399060055,0.7137614039881944,0.4413622473218093,0.1613111724437011,0.003753490950602032,0.008504331698912298,0.8301844958573866,0.8932028455645808,0.2709744614199919,0.7538619903477356,0.0,0.938711733567234,0.6810260879521601,0.2925661735124793,24.0,29.0,33.0,0.257686875216915,0.0559508758329188,0.0494614061407881,0.013894156574476998,0.0559508758329188,0.360461121322605,0.0697648677126865,0.0198730010097838,0.0494614061407881,0.0697648677126865,0.11320321987623401,0.021342113533091997,0.013894156574476998,0.0198730010097838,0.021342113533091997,0.0383623627804992,672300.0,826200.0,683100.0,518400.0,3.0,3.0,3.0,3.0,2e-07
91,1.0,18.0,2700000.0,10.0,4.5849563870033725,2.2136174936596467,2.645766620967758,8.754301949744045,6.234735419718922,15.129002141865762,20.99527621702976,20.158769395494453,27.18063399060055,0.7137614039881944,0.4413622473218093,0.1613111724437011,0.003753490950602032,0.008504331698912298,0.8301844958573866,0.8932028455645808,0.2709744614199919,0.7538619903477356,0.0,0.938711733567234,0.6810260879521601,0.2925661735124793,24.0,29.0,33.0,0.257686875216915,0.0559508758329188,0.0494614061407881,0.013894156574476998,0.0559508758329188,0.360461121322605,0.0697648677126865,0.0198730010097838,0.0494614061407881,0.0697648677126865,0.11320321987623401,0.021342113533091997,0.013894156574476998,0.0198730010097838,0.021342113533091997,0.0383623627804992,672300.0,826200.0,683100.0,518400.0,3.0,3.0,3.0,3.0,2.1300000000000001e-07
92,2.0,18.0,2700000.0,10.0,4.5849563870033725,2.2136174936596467,2.645766620967758,8.754301949744045,6.234735419718922,15.129002141865762,20.99527621702976,20.158769395494453,27.18063399060055,0.7137614039881944,0.4413622473218093,0.1613111724437011,0.003753490950602032,0.008504331698912298,0.8301844958573866,0.8932028455645808,0.2709744614199919,0.7538619903477356,0.0,0.938711733567234,0.6810260879521601,0.2925661735124793,24.0,29.0,33.0,0.257686875216915,0.0559508758329188,0.0494614061407881,0.013894156574476998,0.0559508758329188,0.360461121322605,0.0697648677126865,0.0198730010097838,0.0494614061407881,0.0697648677126865,0.11320321987623401,0.021342113533091997,0.013894156574476998,0.0198730010097838,0.021342113533091997,0.0383623627804992,672300.0,826200.0,683100.0,518400.0,3.0,3.0,3.0,3.0,2.25e-07
93,3.0,18.0,2700000.0,10.0,4.5849563870033725,2.2136174936596467,2.645766620967758,8.754301949744045,6.234735419718922,15.129002141865762,20.99527621702976,20.158769395494453,27.18063399060055,0.7137614039881944,0.4413622473218093,0.1613111724437011,0.003753490950602032,0.008504331698912298,0.8301844958573866,0.8932028455645808,0.2709744614199919,0.7538619903477356,0.0,0.938711733567234,0.6810260879521601,0.2925661735124793,24.0,29.0,33.0,0.257686875216915,0.0559508758329188,0.0494614061407881,0.013894156574476998,0.0559508758329188,0.360461121322605,0.0697648677126865,0.0198730010097838,0.0494614061407881,0.0697648677126865,0.11320321987623401,0.021342113533091997,0.013894156574476998,0.0198730010097838,0.021342113533091997,0.0383623627804992,672300.0,826200.0,683100.0,518400.0,3.0,3.0,3.0,3.0,2.3800000000000001e-07
94,4.0,18.0,2700000.0,10.0,4.5849563870033725,2.2136174936596467,2.645766620967758,8.754301949744045,6.234735419718922,15.129002141865762,20.99527621702976,20.158769395494453,27.18063399060055,0.7137614039881944,0.4413622473218093,0.1613111724437011,0.003753490950602032,0.008504331698912298,0.8301844958573866,0.8932028455645808,0.2709744614199919,0.7538619903477356,0.0,0.938711733567234,0.6810260879521601,0.2925661735124793,24.0,29.0,33.0,0.257686875216915,0.0559508758329188,0.0494614061407881,0.013894156574476998,0.0559508758329188,0.360461121322605,0.0697648677126865,0.0198730010097838,0.0494614061407881,0.0697648677126865,0.11320321987623401,0.021342113533091997,0.013894156574476998,0.0198730010097838,0.021342113533091997,0.0383623627804992,672300.0,826200.0,683100.0,518400.0,3.0,3.0,3.0,3.0,2.5e-07
95,0.0,19.0,2700000.0,10.0,6.229333663107702,2.4412650980324293,5.049524663641631,7.738559419112124,3.9417103815866392,12.909505584891546,20.79813224188225,20.80789688949261,27.59256182291493,0.6969824913012327,0.3946208863192766,0.22400046123271872,0.0069126207676753785,0.017517118346550394,0.758482420420731,0.6829189355709125,0.2557020360366776,0.7708107218282492,0.0,0.9904703556594828,0.8991587563129159,0.20789262290294905,24.0,29.0,33.0,0.257686875216915,0.0559508758329188,0.0494614061407881,0.013894156574476998,0.0559508758329188,0.360461121322605,0.0697648677126865,0.0198730010097838,0.0494614061407881,0.0697648677126865,0.11320321987623401,0.021342113533091997,0.013894156574476998,0.0198730010097838,0.021342113533091997,0.0383623627804992,672300.0,826200.0,683100.0,518400.0,3.0,3.0,3.0,3.0,2e-07
96,1.0,19.0,2700000.0,10.0,6.229333663107702,2.4412650980324293,5.049524663641631,7.738559419112124,3.9417103815866392,12.909505584891546,20.79813224188225,20.80789688949261,27.59256182291493,0.6969824913012327,0.3946208863192766,0.22400046123271872,0.0069126207676753785,0.017517118346550394,0.758482420420731,0.6829189355709125,0.2557020360366776,0.7708107218282492,0.0,0.9904703556594828,0.8991587563129159,0.20789262290294905,24.0,29.0,33.0,0.257686875216915,0.0559508758329188,0.0494614061407881,0.013894156574476998,0.0559508758329188,0.360461121322605,0.0697648677126865,0.0198730010097838,0.0494614061407881,0.0697648677126865,0.11320321987623401,0.021342113533091997,0.013894156574476998,0.0198730010097838,0.021342113533091997,0.0383623627804992,672300.0,826200.0,683100.0,518400.0,3.0,3.0,3.0,3.0,2.1300000000000001e-07
97,2.0,19.0,2700000.0,10.0,6.229333663107702,2.4412650980324293,5.049524663641631,7.738559419112124,3.9417103815866392,12.909505584891546,20.79813224188225,20.80789688949261,27.59256182291493,0.6969824913012327,0.3946208863192766,0.22400046123271872,0.0069126207676753785,0.017517118346550394,0.758482420420731,0.6829189355709125,0.2557020360366776,0.7708107218282492,0.0,0.9904703556594828,0.8991587563129159,0.20789262290294905,24.0,29.0,33.0,0.257686875216915,0.0559508758329188,0.0494614061407881,0.013894156574476998,0.0559508758329188,0.360461121322605,0.0697648677126865,0.0198730010097838,0.0494614061407881,0.0697648677126865,0.11320321987623401,0.021342113533091997,0.013894156574476998,0.0198730010097838,0.021342113533091997,0.0383623627804992,672300.0,826200.0,683100.0,518400.0,3.0,3.0,3.0,3.0,2.25e-07
98,3.0,19.0,2700000.0,10.0,6.229333663107702,2.4412650980324293,5.049524663641631,7.738559419112124,3.9417103815866392,12.909505584891546,20.79813224188225,20.80789688949261,27.59256182291493,0.6969824913012327,0.3946208863192766,0.22400046123271872,0.0069126207676753785,0.017517118346550394,0.758482420420731,0.6829189355709125,0.2557020360366776,0.7708107218282492,0.0,0.9904703556594828,0.8991587563129159,0.20789262290294905,24.0,29.0,33.0,0.257686875216915,0.0559508758329188,0.0494614061407881,0.013894156574476998,0.0559508758329188,0.360461121322605,0.0697648677126865,0.0198730010097838,0.0494614061407881,0.0697648677126865,0.11320321987623401,0.021342113533091997,0.013894156574476998,0.0198730010097838,0.021342113533091997,0.0383623627804992,672300.0,826200.0,683100.0,518400.0,3.0,3.0,3.0,3.0,2.3800000000000001e-07
99,4.0,19.0,2700000.0,10.0,6.229333663107702,2.4412650980324293,5.049524663641631,7.738559419112124,3.9417103815866392,12.909505584891546,20.79813224188225,20.80789688949261,27.59256182291493,0.6969824913012327,0.3946208863192766,0.22400046123271872,0.0069126207676753785,0.017517118346550394,0.758482420420731,0.6829189355709125,0.2557020360366776,0.7708107218282492,0.0,0.9904703556594828,0.8991587563129159,0.20789262290294905,24.0,29.0,33.0,0.257686875216915,0.0559508758329188,0.0494614061407881,0.013894156574476998,0.0559508758329188,0.360461121322605,0.0697648677126865,0.0198730010097838,0.0494614061407881,0.0697648677126865,0.11320321987623401,0.021342113533091997,0.013894156574476998,0.0198730010097838,0.021342113533091997,0.0383623627804992,672300.0,826200.0,683100.0,518400.0,3.0,3.0,3.0,3.0,2.5e-07
