,time,susceptible_Cook,exposed_Cook,infectious_Cook,recovered_Cook,susceptible_DuPage,exposed_DuPage,infectious_DuPage,recovered_DuPage,susceptible_Illinois,exposed_Illinois,infectious_Illinois,recovered_Illinois,sample_num,scen_num,Ki
0,0.0,5223719,0,1,0,931743,0,1,0,12671809,0,12,0,0,1,4.45e-06
1,1.01694915254237,5223670,47,3,0,931741,2,1,0,12669493,2206,118,4,0,1,4.45e-06
2,2.03389830508475,5223491,214,14,1,931733,9,2,0,12631481,38315,1973,52,0,1,4.45e-06
3,3.05084745762712,5222633,1002,81,4,931720,21,3,0,11999690,637335,34060,736,0,1,4.45e-06
4,4.06779661016949,5217091,6096,515,18,931702,35,5,2,5543196,6660919,456112,11594,0,1,4.45e-06
5,5.08474576271186,5183602,36973,3040,105,931675,54,13,2,32726,10659611,1896107,83377,0,1,4.45e-06
6,6.10169491525424,4991969,213252,17837,662,931597,119,26,2,0,9173048,3250084,248689,0,1,4.45e-06
7,7.11864406779661,4014716,1105293,99884,3827,931425,257,56,6,0,7867190,4314176,490455,0,1,4.45e-06
8,8.13559322033898,1405202,3379282,420551,18685,931086,535,109,14,0,6748139,5130937,792745,0,1,4.45e-06
9,9.15254237288136,60115,4115434,985490,62681,930450,1065,204,25,0,5788586,5744740,1138495,0,1,4.45e-06
10,10.1694915254237,211,3583455,1497898,142156,929161,2124,418,41,0,4966203,6186936,1518682,0,1,4.45e-06
11,11.1864406779661,0,3074166,1898908,250646,926651,4195,819,79,0,4261441,6488913,1921467,0,1,4.45e-06
12,12.2033898305085,0,2638066,2204662,380992,921718,8212,1656,158,0,3655724,6675664,2340433,0,1,4.45e-06
13,13.2203389830508,0,2263344,2431442,528934,911836,16300,3280,328,0,3135708,6767431,2768682,0,1,4.45e-06
14,14.2372881355932,0,1942578,2592426,688716,892468,32051,6577,648,0,2690699,6781024,3200098,0,1,4.45e-06
15,15.2542372881356,0,1665649,2700657,857414,855238,62459,12855,1192,0,2307415,6733133,3631273,0,1,4.45e-06
16,16.271186440678,0,1428686,2764195,1030839,788004,116510,24946,2284,0,1979734,6637117,4054970,0,1,4.45e-06
17,17.2881355932203,0,1229157,2790513,1204050,676745,204455,46093,4451,0,1702955,6504309,4464557,0,1,4.45e-06
18,18.3050847457627,0,1055673,2788251,1379796,512759,328991,81743,8251,0,1462437,6340913,4868471,0,1,4.45e-06
19,19.3220338983051,0,899534,2761024,1563162,309217,470100,137118,15309,0,1246702,6146289,5278830,0,1,4.45e-06
20,20.3389830508475,0,771263,2717693,1734764,140975,560224,204910,25635,0,1069958,5944708,5657155,0,1,4.45e-06
21,21.3559322033898,0,662288,2656465,1904967,45702,568893,276385,40764,0,917916,5727794,6026111,0,1,4.45e-06
22,22.3728813559322,0,566615,2581817,2075288,10779,518498,341681,60786,0,784743,5497548,6389530,0,1,4.45e-06
23,23.3898305084746,0,485322,2500814,2237584,2070,452286,393290,84098,0,671987,5266420,6733414,0,1,4.45e-06
24,24.4067796610169,0,415998,2414315,2393407,339,389176,431685,110544,0,576242,5035136,7060443,0,1,4.45e-06
25,25.4237288135593,0,356960,2322664,2544096,42,334174,458299,139229,0,494558,4803936,7373327,0,1,4.45e-06
26,26.4406779661017,0,306186,2229428,2688106,7,286967,475864,168906,0,424067,4576253,7671501,0,1,4.45e-06
27,27.4576271186441,0,264689,2138216,2820815,0,248064,485381,198299,0,365965,4362947,7942909,0,1,4.45e-06
28,28.4745762711864,0,231962,2057197,2934561,0,217037,490476,224231,0,320098,4178363,8173360,0,1,4.45e-06
29,29.4915254237288,0,193074,1948414,3082232,0,180937,490438,260369,0,266844,3931129,8473848,0,1,4.45e-06
30,30.5084745762712,0,172928,1881535,3169257,0,161752,487598,282394,0,238456,3784399,8648966,0,1,4.45e-06
31,31.5254237288136,0,141141,1762405,3320174,0,131959,477576,322209,0,194867,3524765,8952189,0,1,4.45e-06
32,32.5423728813559,0,122852,1683653,3417215,0,115101,467790,348853,0,169447,3355959,9146415,0,1,4.45e-06
33,33.5593220338983,0,103607,1589788,3530325,0,97210,453882,380652,0,143529,3157894,9370398,0,1,4.45e-06
34,34.5762711864407,0,88901,1507241,3627578,0,83458,439752,408534,0,123036,2985096,9563689,0,1,4.45e-06
35,35.5932203389831,0,77305,1434059,3712356,0,72489,425768,433487,0,106738,2833417,9731666,0,1,4.45e-06
36,36.6101694915254,0,65925,1352902,3804893,0,61707,408852,461185,0,91057,2667347,9913417,0,1,4.45e-06
37,37.6271186440678,0,55229,1269270,3899221,0,51701,389922,490121,0,76378,2496728,10098715,0,1,4.45e-06
38,38.6440677966102,0,47127,1196930,3979663,0,44097,372749,514898,0,65088,2349949,10256784,0,1,4.45e-06
39,39.6610169491525,0,40755,1134147,4048818,0,38035,357023,536686,0,56226,2222300,10393295,0,1,4.45e-06
40,40.6779661016949,0,34936,1069659,4119125,0,32575,340289,558880,0,48043,2093401,10530377,0,1,4.45e-06
41,41.6949152542373,0,29760,1006076,4187884,0,27720,323091,580933,0,40966,1965634,10665221,0,1,4.45e-06
42,42.7118644067797,0,25736,950459,4247525,0,24024,307836,599884,0,35354,1854883,10781584,0,1,4.45e-06
43,43.728813559322,0,21718,890755,4311247,0,20255,290882,620607,0,29825,1735795,10906201,0,1,4.45e-06
44,44.7457627118644,0,18604,839253,4365863,0,17380,275795,638569,0,25782,1633151,11012888,0,1,4.45e-06
45,45.7627118644068,0,15972,790062,4417686,0,14873,261243,655628,0,22052,1536627,11113142,0,1,4.45e-06
46,46.7796610169492,0,13711,743716,4466293,0,12858,246846,672040,0,18929,1445331,11207561,0,1,4.45e-06
47,47.7966101694915,0,11789,699967,4511964,0,11012,233609,687123,0,16229,1359693,11295899,0,1,4.45e-06
48,48.8135593220339,0,10010,656833,4556877,0,9394,219998,702352,0,13899,1274118,11383804,0,1,4.45e-06
49,49.8305084745763,0,8635,619668,4595417,0,8116,208295,715333,0,11984,1200571,11459266,0,1,4.45e-06
50,50.8474576271186,0,7371,583023,4633326,0,6995,196772,727977,0,10288,1128440,11533093,0,1,4.45e-06
51,51.864406779661,0,6286,547533,4669901,0,5991,185395,740358,0,8788,1059111,11603922,0,1,4.45e-06
52,52.8813559322034,0,5381,513770,4704569,0,5105,174510,752129,0,7444,993124,11671253,0,1,4.45e-06
53,53.8983050847458,0,4606,483546,4735568,0,4350,164595,762799,0,6407,934080,11731334,0,1,4.45e-06
54,54.9152542372881,0,3926,454295,4765499,0,3707,155025,773012,0,5467,877006,11789348,0,1,4.45e-06
55,55.9322033898305,0,3378,426862,4793480,0,3185,145920,782639,0,4693,823711,11843417,0,1,4.45e-06
56,56.9491525423729,0,2933,400713,4820074,0,2740,137367,791637,0,3973,773193,11894655,0,1,4.45e-06
57,57.9661016949153,0,2532,376876,4844312,0,2334,129217,800193,0,3386,726392,11942043,0,1,4.45e-06
58,58.9830508474576,0,2189,354322,4867209,0,2016,121675,808053,0,2917,682583,11986321,0,1,4.45e-06
59,60.0,0,1873,332659,4889188,0,1728,114391,815625,0,2507,640577,12028737,0,1,4.45e-06
0,0.0,5223719,0,1,0,931743,0,1,0,12671809,0,12,0,1,2,4.45e-06
1,1.01694915254237,5223689,29,2,0,931740,3,1,0,12669393,2303,121,4,1,2,4.45e-06
2,2.03389830508475,5223531,171,17,1,931735,8,1,0,12629830,39884,2058,49,1,2,4.45e-06
3,3.05084745762712,5222534,1101,81,4,931731,11,2,0,11968757,666510,35783,771,1,2,4.45e-06
4,4.06779661016949,5216643,6498,559,20,931723,19,2,0,5337194,6848613,473757,12257,1,2,4.45e-06
5,5.08474576271186,5180233,40091,3283,113,931709,27,8,0,27780,10636318,1921444,86279,1,2,4.45e-06
6,6.10169491525424,4970079,233372,19600,669,931651,76,17,0,0,9149484,3268961,253376,1,2,4.45e-06
7,7.11864406779661,3923696,1188230,107743,4051,931547,166,30,1,0,7846103,4329632,496086,1,2,4.45e-06
8,8.13559322033898,1282638,3477277,444216,19589,931375,305,61,3,0,6729718,5142903,799200,1,2,4.45e-06
9,9.15254237288136,48586,4097161,1012377,65596,931024,594,115,11,0,5772733,5752438,1146650,1,2,4.45e-06
10,10.1694915254237,167,3556108,1520248,147197,930349,1140,231,24,0,4951381,6193245,1527195,1,2,4.45e-06
11,11.1864406779661,0,3050911,1916279,256530,928892,2333,480,39,0,4247302,6492494,1932025,1,2,4.45e-06
12,12.2033898305085,0,2616927,2217999,388794,926066,4678,912,88,0,3643798,6676241,2351782,1,2,4.45e-06
13,13.2203389830508,0,2244389,2442708,536623,920459,9238,1850,197,0,3125822,6766036,2779963,1,2,4.45e-06
14,14.2372881355932,0,1925298,2601759,696663,909504,18190,3687,363,0,2681923,6779676,3210222,1,2,4.45e-06
15,15.2542372881356,0,1652469,2706100,865151,887879,35863,7310,692,0,2301281,6732492,3638048,1,2,4.45e-06
16,16.271186440678,0,1417625,2767023,1039072,846371,69526,14490,1357,0,1975367,6634797,4061657,1,2,4.45e-06
17,17.2881355932203,0,1217946,2791312,1214462,772434,128875,27839,2596,0,1696446,6500510,4474865,1,2,4.45e-06
18,18.3050847457627,0,1044719,2787754,1391247,649736,225340,51737,4931,0,1455411,6334835,4881575,1,2,4.45e-06
19,19.3220338983051,0,898067,2760046,1565607,477277,354845,90432,9190,0,1251040,6148100,5272681,1,2,4.45e-06
20,20.3389830508475,0,771406,2714612,1737702,282912,486127,146273,16432,0,1074426,5945258,5652137,1,2,4.45e-06
21,21.3559322033898,0,656172,2651932,1915616,116020,568313,219087,28324,0,914060,5717562,6040199,1,2,4.45e-06
22,22.3728813559322,0,562810,2580479,2080431,35809,562202,289740,43993,0,785176,5493925,6392720,1,2,4.45e-06
23,23.3898305084746,0,481183,2497614,2244923,7993,506330,352524,64897,0,671378,5259662,6740781,1,2,4.45e-06
24,24.4067796610169,0,412178,2409484,2402058,1428,440040,401220,89056,0,575247,5026892,7069682,1,2,4.45e-06
25,25.4237288135593,0,353329,2317825,2552566,194,378526,437296,115728,0,493466,4797139,7381216,1,2,4.45e-06
26,26.4406779661017,0,303163,2224189,2696368,17,324950,462491,144286,0,423243,4569213,7679365,1,2,4.45e-06
27,27.4576271186441,0,260069,2128510,2835141,2,278792,478768,174182,0,362808,4346831,7962182,1,2,4.45e-06
28,28.4745762711864,0,222986,2033580,2967154,1,239067,487839,204837,0,311458,4128662,8231701,1,2,4.45e-06
29,29.4915254237288,0,191314,1938301,3094105,1,205045,490719,235979,0,266863,3918502,8486456,1,2,4.45e-06
30,30.5084745762712,0,167754,1859413,3196553,0,180176,488945,262623,0,234165,3744173,8693483,1,2,4.45e-06
31,31.5254237288136,0,142891,1765643,3315186,0,153232,484021,294491,0,199398,3539189,8933234,1,2,4.45e-06
32,32.5423728813559,0,123484,1681133,3419103,0,131997,476467,323280,0,172156,3358836,9140829,1,2,4.45e-06
33,33.5593220338983,0,103212,1582117,3538391,0,110348,463886,357510,0,144100,3148606,9379115,1,2,4.45e-06
34,34.5762711864407,0,87793,1495062,3640865,0,93940,449963,387841,0,122470,2967807,9581544,1,2,4.45e-06
35,35.5932203389831,0,75812,1418831,3729077,0,81085,435942,414717,0,105519,2809339,9756963,1,2,4.45e-06
36,36.6101694915254,0,66173,1351044,3806503,0,70760,422184,438800,0,92068,2669477,9910276,1,2,4.45e-06
37,37.6271186440678,0,56691,1275964,3891065,0,60449,406106,465189,0,78650,2516073,10077098,1,2,4.45e-06
38,38.6440677966102,0,47759,1197740,3978221,0,50993,387676,493075,0,66284,2357570,10247967,1,2,4.45e-06
39,39.6610169491525,0,40888,1130319,4052513,0,43721,370800,517223,0,56752,2220690,10394379,1,2,4.45e-06
40,40.6779661016949,0,34658,1061974,4127088,0,37163,352739,541842,0,48055,2083509,10540257,1,2,4.45e-06
41,41.6949152542373,0,29787,1002802,4191131,0,31904,336693,563147,0,41289,1965392,10665140,1,2,4.45e-06
42,42.7118644067797,0,25448,944158,4254114,0,27141,320143,584460,0,35279,1848372,10788170,1,2,4.45e-06
43,43.728813559322,0,22114,892884,4308722,0,23477,305310,602957,0,30509,1746366,10894946,1,2,4.45e-06
44,44.7457627118644,0,18778,837445,4367497,0,19965,288833,622946,0,25847,1636083,11009891,1,2,4.45e-06
45,45.7627118644068,0,16266,789386,4418068,0,17134,273991,640619,0,22315,1540647,11108859,1,2,4.45e-06
46,46.7796610169492,0,13981,743012,4466727,0,14707,259669,657368,0,19296,1449615,11202910,1,2,4.45e-06
47,47.7966101694915,0,11877,695899,4515944,0,12453,244760,674531,0,16350,1357693,11297778,1,2,4.45e-06
48,48.8135593220339,0,10257,655669,4557794,0,10716,231698,689330,0,14026,1278147,11379648,1,2,4.45e-06
49,49.8305084745763,0,8808,617909,4597003,0,9188,219459,703097,0,12093,1204037,11455691,1,2,4.45e-06
50,50.8474576271186,0,7529,580578,4635613,0,7911,207201,716632,0,10345,1131211,11530265,1,2,4.45e-06
51,51.864406779661,0,6388,544998,4672334,0,6742,195230,729772,0,8863,1060774,11602184,1,2,4.45e-06
52,52.8813559322034,0,5482,512606,4705632,0,5811,184184,741749,0,7583,997571,11666667,1,2,4.45e-06
53,53.8983050847458,0,4659,481938,4737123,0,5047,173575,753122,0,6570,937450,11727801,1,2,4.45e-06
54,54.9152542372881,0,3950,451873,4767897,0,4270,163300,764174,0,5603,879338,11786880,1,2,4.45e-06
55,55.9322033898305,0,3387,424129,4796204,0,3663,153568,774513,0,4781,825629,11841411,1,2,4.45e-06
56,56.9491525423729,0,2900,398694,4822126,0,3174,144460,784110,0,4053,775447,11892321,1,2,4.45e-06
57,57.9661016949153,0,2492,375018,4846210,0,2725,136239,792780,0,3476,729168,11939177,1,2,4.45e-06
58,58.9830508474576,0,2129,351875,4869716,0,2318,128335,801091,0,3008,684364,11984449,1,2,4.45e-06
59,60.0,0,1816,330325,4891579,0,1967,120828,808949,0,2571,642591,12026659,1,2,4.45e-06
0,0.0,5223719,0,1,0,931743,0,1,0,12671809,0,12,0,2,3,4.45e-06
1,1.01694915254237,5223665,50,5,0,931736,6,2,0,12669243,2453,124,1,2,3,4.45e-06
2,2.03389830508475,5223313,374,33,0,931719,19,6,0,12627836,41748,2186,51,2,3,4.45e-06
3,3.05084745762712,5221544,2004,163,9,931682,49,11,2,11928083,705111,37832,795,2,3,4.45e-06
4,4.06779661016949,5211299,11452,916,53,931617,103,20,4,5099913,7063151,496055,12702,2,3,4.45e-06
5,5.08474576271186,5149511,68310,5694,205,931485,215,38,6,23354,10606570,1953735,88162,2,3,4.45e-06
6,6.10169491525424,4796704,392498,33315,1203,931264,392,77,11,0,9117175,3297744,256902,2,3,4.45e-06
7,7.11864406779661,3236053,1805555,175386,6726,930831,744,147,22,0,7820389,4350796,500636,2,3,4.45e-06
8,8.13559322033898,616236,3966998,610287,30199,929916,1502,288,38,0,6708619,5159447,803755,2,3,4.45e-06
9,9.15254237288136,10465,3944857,1181159,87239,928242,2895,545,62,0,5755681,5764814,1151326,2,3,4.45e-06
10,10.1694915254237,20,3393574,1652054,178072,924953,5574,1103,114,0,4937231,6201185,1533405,2,3,4.45e-06
11,11.1864406779661,0,2912012,2016916,294792,918349,10925,2243,227,0,4236610,6497522,1937689,2,3,4.45e-06
12,12.2033898305085,0,2497064,2294516,432140,905204,21678,4427,435,0,3633138,6681149,2357534,2,3,4.45e-06
13,13.2203389830508,0,2142755,2497709,583256,879513,42601,8809,821,0,3118889,6769653,2783279,2,3,4.45e-06
14,14.2372881355932,0,1836994,2640199,746527,830913,82012,17215,1604,0,2674030,6782198,3215593,2,3,4.45e-06
15,15.2542372881356,0,1574554,2731132,918034,744974,150712,32848,3210,0,2292579,6733190,3646052,2,3,4.45e-06
16,16.271186440678,0,1353691,2779167,1090862,609938,255636,60150,6020,0,1969706,6637999,4064116,2,3,4.45e-06
17,17.2881355932203,0,1158883,2796389,1268448,422997,393300,104340,11107,0,1687066,6501942,4482813,2,3,4.45e-06
18,18.3050847457627,0,1010807,2787920,1424993,250258,505972,157227,18287,0,1471164,6353888,4846769,2,3,4.45e-06
19,19.3220338983051,0,849967,2752106,1621647,89442,573660,236630,32012,0,1237258,6142816,5291747,2,3,4.45e-06
20,20.3389830508475,0,730726,2700324,1792670,25582,551705,305429,49028,0,1062650,5938788,5670383,2,3,4.45e-06
21,21.3559322033898,0,624918,2633063,1965739,5290,490282,365269,70903,0,909348,5714967,6047506,2,3,4.45e-06
22,22.3728813559322,0,535777,2556493,2131450,926,424545,410687,95586,0,779446,5487082,6405293,2,3,4.45e-06
23,23.3898305084746,0,459705,2473228,2290787,139,364553,444243,122809,0,668550,5255533,6747738,2,3,4.45e-06
24,24.4067796610169,0,394498,2383506,2445716,16,312993,466875,151860,0,573438,5023027,7075356,2,3,4.45e-06
25,25.4237288135593,0,338348,2291204,2594168,4,268677,481101,181962,0,491738,4793335,7386748,2,3,4.45e-06
26,26.4406779661017,0,290357,2196200,2737163,1,230581,488652,212510,0,421907,4565657,7684257,2,3,4.45e-06
27,27.4576271186441,0,249380,2103540,2870800,0,197850,490977,242917,0,362002,4347910,7961909,2,3,4.45e-06
28,28.4745762711864,0,212562,2006516,3004642,0,168416,488617,274711,0,308162,4124804,8238855,2,3,4.45e-06
29,29.4915254237288,0,183439,1918524,3121757,0,145474,482570,303700,0,266222,3925662,8479937,2,3,4.45e-06
30,30.5084745762712,0,160267,1837964,3225489,0,127121,474644,329979,0,232756,3747045,8692020,2,3,4.45e-06
31,31.5254237288136,0,135885,1741637,3346198,0,107788,462664,361292,0,197290,3535920,8938611,2,3,4.45e-06
32,32.5423728813559,0,116870,1655478,3451372,0,92657,449684,389403,0,169538,3351475,9150808,2,3,4.45e-06
33,33.5593220338983,0,98401,1560545,3564774,0,78063,433193,420488,0,142855,3149897,9379069,2,3,4.45e-06
34,34.5762711864407,0,83989,1477523,3662208,0,66694,417610,447440,0,122356,2974412,9575053,2,3,4.45e-06
35,35.5932203389831,0,72736,1404315,3746669,0,57933,402366,471445,0,105936,2820506,9745379,2,3,4.45e-06
36,36.6101694915254,0,62107,1326721,3834892,0,49552,385005,497187,0,90562,2658464,9922795,2,3,4.45e-06
37,37.6271186440678,0,52412,1247977,3923331,0,41887,367192,522665,0,76485,2495100,10100236,2,3,4.45e-06
38,38.6440677966102,0,45047,1179203,3999470,0,35930,350579,545235,0,65636,2354513,10251672,2,3,4.45e-06
39,39.6610169491525,0,38349,1111116,4074255,0,30761,333402,567581,0,55928,2214291,10401602,2,3,4.45e-06
40,40.6779661016949,0,32468,1044528,4146724,0,26153,316361,589230,0,47428,2078551,10545842,2,3,4.45e-06
41,41.6949152542373,0,28018,986696,4209006,0,22568,301057,608119,0,40679,1960813,10670329,2,3,4.45e-06
42,42.7118644067797,0,24103,930404,4269213,0,19342,285778,626624,0,34961,1847531,10789329,2,3,4.45e-06
43,43.728813559322,0,20678,876953,4326089,0,16587,271015,644142,0,30131,1739483,10902207,2,3,4.45e-06
44,44.7457627118644,0,17642,822345,4383733,0,14128,255547,662069,0,25565,1629601,11016655,2,3,4.45e-06
45,45.7627118644068,0,15199,775185,4433336,0,12143,242003,677598,0,22045,1534998,11114778,2,3,4.45e-06
46,46.7796610169492,0,12961,727943,4482816,0,10389,228310,693045,0,18826,1441106,11211889,2,3,4.45e-06
47,47.7966101694915,0,11087,684825,4527808,0,8858,215626,707260,0,16164,1354755,11300902,2,3,4.45e-06
48,48.8135593220339,0,9531,645468,4568721,0,7601,203993,720150,0,13908,1275539,11382374,2,3,4.45e-06
49,49.8305084745763,0,8145,607243,4608332,0,6516,192591,732637,0,11975,1199579,11460267,2,3,4.45e-06
50,50.8474576271186,0,6965,570952,4645803,0,5571,181695,744478,0,10280,1127262,11534279,2,3,4.45e-06
51,51.864406779661,0,5942,535362,4682416,0,4734,170692,756318,0,8756,1056789,11606276,2,3,4.45e-06
52,52.8813559322034,0,5152,503593,4714975,0,4056,161176,766512,0,7497,993375,11670949,2,3,4.45e-06
53,53.8983050847458,0,4421,473237,4746062,0,3446,151817,776481,0,6414,932693,11732714,2,3,4.45e-06
54,54.9152542372881,0,3857,445218,4774645,0,2980,143076,785688,0,5550,876658,11789613,2,3,4.45e-06
55,55.9322033898305,0,3310,418235,4802175,0,2496,134611,794637,0,4710,823039,11844072,2,3,4.45e-06
56,56.9491525423729,0,2828,392375,4828517,0,2120,126551,803073,0,3994,772548,11895279,2,3,4.45e-06
57,57.9661016949153,0,2439,368527,4852754,0,1825,119083,810836,0,3451,725552,11942818,2,3,4.45e-06
58,58.9830508474576,0,2116,346163,4875441,0,1604,111989,818151,0,2967,681547,11987307,2,3,4.45e-06
59,60.0,0,1803,325108,4896809,0,1361,105395,824988,0,2554,639905,12029362,2,3,4.45e-06
0,0.0,5223719,0,1,0,931743,0,1,0,12671809,0,12,0,3,4,4.45e-06
1,1.01694915254237,5223692,25,3,0,931733,8,3,0,12669659,2041,119,2,3,4,4.45e-06
2,2.03389830508475,5223489,214,16,1,931713,25,6,0,12633670,36230,1883,38,3,4,4.45e-06
3,3.05084745762712,5222293,1320,103,4,931686,48,10,0,12037501,601481,32073,766,3,4,4.45e-06
4,4.06779661016949,5215769,7348,586,17,931619,106,18,1,5792060,6434370,434368,11023,3,4,4.45e-06
5,5.08474576271186,5176170,43813,3628,109,931507,200,35,2,39212,10692026,1859386,81197,3,4,4.45e-06
6,6.10169491525424,4945911,255535,21528,746,931264,392,80,8,0,9207049,3220556,244216,3,4,4.45e-06
7,7.11864406779661,3816252,1285043,118029,4396,930798,762,166,18,0,7897410,4290724,483687,3,4,4.45e-06
8,8.13559322033898,1140026,3589794,472485,21415,929877,1530,302,35,0,6774544,5113442,783835,3,4,4.45e-06
9,9.15254237288136,37843,4074219,1042540,69118,927929,3132,622,61,0,5810109,5732235,1129477,3,4,4.45e-06
10,10.1694915254237,101,3527201,1544672,151746,923926,6396,1282,140,0,4984612,6178439,1508770,3,4,4.45e-06
11,11.1864406779661,0,3025439,1935308,262973,916010,12841,2635,258,0,4277353,6483480,1910988,3,4,4.45e-06
12,12.2033898305085,0,2595906,2233081,394733,900488,25552,5205,499,0,3670276,6672980,2328565,3,4,4.45e-06
13,13.2203389830508,0,2225722,2454154,543844,870186,50189,10380,989,0,3148464,6768042,2755315,3,4,4.45e-06
14,14.2372881355932,0,1911408,2609058,703254,815027,94673,20128,1916,0,2704047,6784829,3182945,3,4,4.45e-06
15,15.2542372881356,0,1637027,2713230,873463,716979,172625,38412,3728,0,2317412,6738580,3615829,3,4,4.45e-06
16,16.271186440678,0,1411671,2770885,1041164,572402,284286,68239,6817,0,1997825,6648301,4025695,3,4,4.45e-06
17,17.2881355932203,0,1215188,2796123,1212409,386498,418709,114213,12324,0,1720153,6519732,4431936,3,4,4.45e-06
18,18.3050847457627,0,1045090,2793736,1384894,203476,530974,176232,21062,0,1480890,6359940,4830991,3,4,4.45e-06
19,19.3220338983051,0,886544,2763847,1573329,70013,572926,253461,35344,0,1256140,6160142,5255539,3,4,4.45e-06
20,20.3389830508475,0,757582,2714146,1751992,17910,537240,322548,54046,0,1073408,5948099,5650314,3,4,4.45e-06
21,21.3559322033898,0,648898,2649303,1925519,3543,473096,378667,76438,0,919492,5727388,6024941,3,4,4.45e-06
22,22.3728813559322,0,556556,2575318,2091846,570,408083,421312,101779,0,788188,5501114,6382519,3,4,4.45e-06
23,23.3898305084746,0,477367,2493472,2252881,79,350144,451849,129672,0,676455,5269867,6725499,3,4,4.45e-06
24,24.4067796610169,0,409495,2405575,2408650,9,300360,472308,159067,0,580277,5037845,7053699,3,4,4.45e-06
25,25.4237288135593,0,351427,2313492,2558801,1,257692,484408,189643,0,497282,4808659,7365880,3,4,4.45e-06
26,26.4406779661017,0,301425,2219907,2702388,1,221086,490113,220544,0,426464,4581510,7663847,3,4,4.45e-06
27,27.4576271186441,0,267567,2148989,2807164,0,196438,491220,244086,0,379113,4413423,7879285,3,4,4.45e-06
28,28.4745762711864,0,228987,2054531,2940202,0,168342,488176,275226,0,324003,4194718,8153100,3,4,4.45e-06
29,29.4915254237288,0,189780,1939897,3094043,0,139385,480119,312240,0,268691,3936935,8466195,3,4,4.45e-06
30,30.5084745762712,0,166886,1862767,3194067,0,122237,472351,337156,0,236246,3766522,8669053,3,4,4.45e-06
31,31.5254237288136,0,142424,1769512,3311784,0,104380,460141,367223,0,201854,3564650,8905317,3,4,4.45e-06
32,32.5423728813559,0,119066,1667194,3437460,0,87477,443797,400470,0,168807,3344205,9158809,3,4,4.45e-06
33,33.5593220338983,0,101382,1576988,3545350,0,74348,427805,429591,0,143518,3152952,9375351,3,4,4.45e-06
34,34.5762711864407,0,87335,1497448,3638937,0,64127,412274,455343,0,123531,2986018,9562272,3,4,4.45e-06
35,35.5932203389831,0,74192,1413211,3736317,0,54455,395063,482226,0,105025,2810743,9756053,3,4,4.45e-06
36,36.6101694915254,0,64011,1338915,3820794,0,46988,379163,505593,0,90481,2658267,9923073,3,4,4.45e-06
37,37.6271186440678,0,54716,1263004,3906000,0,39985,362038,529721,0,77203,2503607,10091011,3,4,4.45e-06
38,38.6440677966102,0,47275,1196866,3979579,0,34571,346500,550673,0,66735,2368943,10236143,3,4,4.45e-06
39,39.6610169491525,0,39891,1122848,4060981,0,29204,328174,574366,0,56290,2219043,10396488,3,4,4.45e-06
40,40.6779661016949,0,34123,1059304,4130293,0,25065,311836,594843,0,48235,2089086,10534500,3,4,4.45e-06
41,41.6949152542373,0,29148,997441,4197131,0,21468,295640,614636,0,41262,1964579,10665980,3,4,4.45e-06
42,42.7118644067797,0,25325,943378,4255017,0,18609,281229,631906,0,35640,1856393,10779788,3,4,4.45e-06
43,43.728813559322,0,21645,886663,4315412,0,15912,265896,649936,0,30487,1743513,10897821,3,4,4.45e-06
44,44.7457627118644,0,18409,834106,4371205,0,13562,251395,666787,0,26036,1638876,11006909,3,4,4.45e-06
45,45.7627118644068,0,15830,785153,4422737,0,11646,237671,682427,0,22311,1541207,11108303,3,4,4.45e-06
46,46.7796610169492,0,13703,739392,4470625,0,9968,224767,697009,0,19140,1451042,11201639,3,4,4.45e-06
47,47.7966101694915,0,11705,695135,4516880,0,8561,212118,711065,0,16436,1362585,11292800,3,4,4.45e-06
48,48.8135593220339,0,10048,654772,4558900,0,7274,200426,724044,0,14108,1282206,11375507,3,4,4.45e-06
49,49.8305084745763,0,8562,616187,4598971,0,6248,189121,736375,0,12108,1205515,11454198,3,4,4.45e-06
50,50.8474576271186,0,7335,579419,4636966,0,5345,178320,748079,0,10351,1133434,11528036,3,4,4.45e-06
51,51.864406779661,0,6215,543821,4673684,0,4567,167788,759389,0,8848,1062411,11600562,3,4,4.45e-06
52,52.8813559322034,0,5368,511868,4706484,0,3908,158227,769609,0,7602,999406,11664813,3,4,4.45e-06
53,53.8983050847458,0,4621,481245,4737854,0,3324,149000,779420,0,6605,939120,11726096,3,4,4.45e-06
54,54.9152542372881,0,3964,452042,4767714,0,2886,139972,788886,0,5668,882444,11783709,3,4,4.45e-06
55,55.9322033898305,0,3381,424312,4796027,0,2488,131670,797586,0,4875,828030,11838916,3,4,4.45e-06
56,56.9491525423729,0,2928,398550,4822242,0,2112,123983,805649,0,4192,777113,11890516,3,4,4.45e-06
57,57.9661016949153,0,2515,374169,4847036,0,1797,116666,813281,0,3610,729642,11938569,3,4,4.45e-06
58,58.9830508474576,0,2158,351247,4870315,0,1538,109754,820452,0,3124,685222,11983475,3,4,4.45e-06
59,60.0,0,1870,330105,4891745,0,1325,103324,827095,0,2702,643413,12025706,3,4,4.45e-06
0,0.0,5223719,0,1,0,931743,0,1,0,12671809,0,12,0,4,5,4.45e-06
1,1.01694915254237,5223700,18,2,0,931741,2,1,0,12669486,2213,122,0,4,5,4.45e-06
2,2.03389830508475,5223621,93,6,0,931739,4,1,0,12630302,39408,2073,38,4,5,4.45e-06
3,3.05084745762712,5223216,468,35,1,931735,8,1,0,11971688,663671,35657,805,4,5,4.45e-06
4,4.06779661016949,5220917,2593,205,5,931731,11,1,1,5369318,6819000,471355,12148,4,5,4.45e-06
5,5.08474576271186,5207468,14979,1234,39,931726,13,4,1,28615,10638601,1919050,85555,4,5,4.45e-06
6,6.10169491525424,5128866,87388,7229,237,931707,29,7,1,0,9149958,3270059,251804,4,5,4.45e-06
7,7.11864406779661,4681037,498309,42783,1591,931656,74,13,1,0,7849332,4327953,494536,4,5,4.45e-06
8,8.13559322033898,2851319,2147304,216580,8517,931580,138,24,2,0,6731916,5143039,796866,4,5,4.45e-06
9,9.15254237288136,403967,4091556,692602,35595,931415,269,54,6,0,5776266,5751257,1144298,4,5,4.45e-06
10,10.1694915254237,4768,3865775,1254922,98255,931085,548,96,15,0,4955823,6191031,1524967,4,5,4.45e-06
11,11.1864406779661,4,3321474,1709436,192806,930476,1046,195,27,0,4251199,6491513,1929109,4,5,4.45e-06
12,12.2033898305085,0,2849556,2060861,313303,929203,2067,433,41,0,3646815,6676787,2348219,4,5,4.45e-06
13,13.2203389830508,0,2445267,2325456,452997,926627,4193,845,79,0,3127502,6768750,2775569,4,5,4.45e-06
14,14.2372881355932,0,2097662,2518689,607369,921493,8382,1704,165,0,2682753,6782303,3206765,4,5,4.45e-06
15,15.2542372881356,0,1800093,2651471,772156,911353,16630,3431,330,0,2301945,6733318,3636558,4,5,4.45e-06
16,16.271186440678,0,1544823,2736179,942718,891424,32860,6827,633,0,1974737,6636642,4060442,4,5,4.45e-06
17,17.2881355932203,0,1324606,2780760,1118354,852842,64201,13466,1235,0,1693479,6499388,4478954,4,5,4.45e-06
18,18.3050847457627,0,1135691,2791761,1296268,781908,121234,26193,2409,0,1452012,6331996,4887813,4,5,4.45e-06
19,19.3220338983051,0,973797,2778056,1471867,664160,214023,48848,4713,0,1246095,6142571,5283155,4,5,4.45e-06
20,20.3389830508475,0,836802,2742456,1644462,494983,341543,86476,8742,0,1070788,5939163,5661870,4,5,4.45e-06
21,21.3559322033898,0,717557,2690723,1815440,300440,474894,140754,15656,0,919281,5723838,6028702,4,5,4.45e-06
22,22.3728813559322,0,620120,2628628,1974972,141149,559948,205166,25481,0,794005,5511958,6365858,4,5,4.45e-06
23,23.3898305084746,0,526886,2547620,2149214,42190,566322,281684,41548,0,674387,5268656,6728778,4,5,4.45e-06
24,24.4067796610169,0,449440,2461146,2313134,9228,513146,347157,62213,0,575382,5029229,7067210,4,5,4.45e-06
25,25.4237288135593,0,384965,2371564,2467191,1710,446887,397118,86029,0,493294,4798432,7380095,4,5,4.45e-06
26,26.4406779661017,0,329815,2278171,2615734,295,384486,434280,112683,0,423246,4570361,7678214,4,5,4.45e-06
27,27.4576271186441,0,283002,2182504,2758214,41,329878,460665,141160,0,362882,4347563,7961376,4,5,4.45e-06
28,28.4745762711864,0,242872,2087143,2893705,2,283083,477823,170836,0,311581,4129434,8230806,4,5,4.45e-06
29,29.4915254237288,0,216683,2018499,2988538,0,253054,485569,193121,0,278061,3975111,8418649,4,5,4.45e-06
30,30.5084745762712,0,179498,1906148,3138074,0,209751,491891,230102,0,230363,3727220,8714238,4,5,4.45e-06
31,31.5254237288136,0,151425,1806402,3265893,0,176719,491291,263734,0,194122,3513489,8964210,4,5,4.45e-06
32,32.5423728813559,0,129492,1717524,3376704,0,151415,486269,294060,0,166426,3326088,9179307,4,5,4.45e-06
33,33.5593220338983,0,112467,1637639,3473614,0,131322,478753,321669,0,144448,3161044,9366329,4,5,4.45e-06
34,34.5762711864407,0,94659,1543641,3585420,0,110663,466255,354826,0,121620,2968529,9581672,4,5,4.45e-06
35,35.5932203389831,0,80914,1461279,3681527,0,94811,452648,384285,0,104094,2801681,9766046,4,5,4.45e-06
36,36.6101694915254,0,70046,1388950,3764724,0,82154,439014,410576,0,90091,2656013,9925717,4,5,4.45e-06
37,37.6271186440678,0,59354,1309638,3854728,0,69905,422585,439254,0,76620,2496475,10098726,4,5,4.45e-06
38,38.6440677966102,0,51199,1239860,3932661,0,60225,407010,464509,0,66098,2359178,10246545,4,5,4.45e-06
39,39.6610169491525,0,43439,1167310,4012971,0,51152,389479,491113,0,56317,2215571,10399933,4,5,4.45e-06
40,40.6779661016949,0,37591,1103828,4082301,0,44176,373258,514310,0,48441,2091081,10532299,4,5,4.45e-06
41,41.6949152542373,0,32122,1039033,4152565,0,37649,355943,538152,0,41365,1965384,10665072,4,5,4.45e-06
42,42.7118644067797,0,27237,975420,4221063,0,31839,338195,561710,0,34916,1841786,10795119,4,5,4.45e-06
43,43.728813559322,0,23484,920196,4280040,0,27318,322153,582273,0,30022,1735293,10906506,4,5,4.45e-06
44,44.7457627118644,0,20086,866518,4337116,0,23349,306176,602219,0,25701,1631534,11014586,4,5,4.45e-06
45,45.7627118644068,0,17129,814955,4391636,0,20034,290028,621682,0,21884,1532415,11117522,4,5,4.45e-06
46,46.7796610169492,0,14885,769873,4438962,0,17322,275829,638593,0,18959,1446743,11206119,4,5,4.45e-06
47,47.7966101694915,0,12694,722863,4488163,0,14785,260839,656120,0,16165,1357906,11297750,4,5,4.45e-06
48,48.8135593220339,0,10850,679334,4533536,0,12611,246605,672528,0,13820,1275417,11382584,4,5,4.45e-06
49,49.8305084745763,0,9329,638716,4575675,0,10808,232885,688051,0,11805,1198901,11461115,4,5,4.45e-06
50,50.8474576271186,0,7991,601314,4614415,0,9282,220386,702076,0,10156,1127612,11534053,4,5,4.45e-06
51,51.864406779661,0,6840,564582,4652298,0,7913,208080,715751,0,8628,1058759,11604434,4,5,4.45e-06
52,52.8813559322034,0,5822,529528,4688370,0,6739,196113,728892,0,7326,992660,11671835,4,5,4.45e-06
53,53.8983050847458,0,4991,497890,4720839,0,5785,185066,740893,0,6269,932798,11732754,4,5,4.45e-06
54,54.9152542372881,0,4251,467994,4751475,0,4947,174395,752402,0,5378,876348,11790095,4,5,4.45e-06
55,55.9322033898305,0,3658,440022,4780040,0,4258,164321,763165,0,4631,823583,11843607,4,5,4.45e-06
56,56.9491525423729,0,3119,413048,4807553,0,3635,154665,773444,0,3946,772428,11895447,4,5,4.45e-06
57,57.9661016949153,0,2687,388046,4832987,0,3085,145619,783040,0,3393,725505,11942923,4,5,4.45e-06
58,58.9830508474576,0,2296,364331,4857093,0,2651,136963,792130,0,2902,680865,11988054,4,5,4.45e-06
59,60.0,0,1990,342571,4879159,0,2248,129056,800440,0,2491,639886,12029444,4,5,4.45e-06
0,0.0,5223719,0,1,0,931743,0,1,0,12671809,0,12,0,5,6,4.45e-06
1,1.01694915254237,5223666,50,4,0,931737,6,1,0,12669722,1995,104,0,5,6,4.45e-06
2,2.03389830508475,5223447,254,19,0,931729,12,2,1,12639458,30722,1615,26,5,6,4.45e-06
3,3.05084745762712,5222022,1568,127,3,931703,32,8,1,12118899,524340,27993,589,5,6,4.45e-06
4,4.06779661016949,5213738,9173,788,21,931648,75,19,2,6332054,5939787,390369,9611,5,6,4.45e-06
5,5.08474576271186,5162272,56561,4742,145,931551,158,30,5,58500,10748089,1789880,75352,5,6,4.45e-06
6,6.10169491525424,4865441,329550,27730,999,931330,334,72,8,1,9268975,3168158,234687,5,6,4.45e-06
7,7.11864406779661,3500019,1570078,148111,5512,930908,685,133,18,0,7951678,4248764,471379,5,6,4.45e-06
8,8.13559322033898,819690,3828979,549010,26041,930108,1330,272,34,0,6822370,5081184,768267,5,6,4.45e-06
9,9.15254237288136,18682,4003372,1122268,79398,928469,2695,521,59,0,5852627,5707421,1111773,5,6,4.45e-06
10,10.1694915254237,37,3450376,1606526,166781,925387,5208,1028,121,0,5019093,6163109,1489619,5,6,4.45e-06
11,11.1864406779661,0,2959905,1982235,281580,919168,10290,2070,216,0,4305933,6474241,1891647,5,6,4.45e-06
12,12.2033898305085,0,2539907,2267459,416354,906639,20536,4159,410,0,3693873,6668883,2309065,5,6,4.45e-06
13,13.2203389830508,0,2180249,2476539,566932,882635,40048,8265,796,0,3170023,6768232,2733566,5,6,4.45e-06
14,14.2372881355932,0,1869688,2624900,729132,836632,77353,16209,1550,0,2719752,6787068,3165001,5,6,4.45e-06
15,15.2542372881356,0,1605987,2720911,896822,755880,141924,30960,2980,0,2337573,6744664,3589584,5,6,4.45e-06
16,16.271186440678,0,1378987,2775570,1069163,625231,244305,56571,5637,0,2008474,6652462,4010885,5,6,4.45e-06
17,17.2881355932203,0,1181404,2795850,1246466,442021,379887,99402,10434,0,1719445,6519864,4432512,5,6,4.45e-06
18,18.3050847457627,0,1020332,2787901,1415487,255499,502283,156078,17884,0,1484650,6364390,4822781,5,6,4.45e-06
19,19.3220338983051,0,869931,2755525,1598264,100690,571556,229280,30218,0,1264647,6171285,5235889,5,6,4.45e-06
20,20.3389830508475,0,742731,2704978,1776011,27998,554036,302313,47397,0,1079245,5959228,5633348,5,6,4.45e-06
21,21.3559322033898,0,636537,2639964,1947219,6111,494465,362220,68948,0,924682,5738632,6008507,5,6,4.45e-06
22,22.3728813559322,0,545987,2564365,2113368,1088,428247,408502,93907,0,793132,5513090,6365599,5,6,4.45e-06
23,23.3898305084746,0,468035,2482079,2273606,177,368043,442212,121312,0,680679,5282907,6708235,5,6,4.45e-06
24,24.4067796610169,0,401220,2393663,2428837,26,315718,465568,150432,0,583302,5051403,7037116,5,6,4.45e-06
25,25.4237288135593,0,343835,2301913,2577972,3,270887,480543,180311,0,500466,4821362,7349993,5,6,4.45e-06
26,26.4406779661017,0,305616,2229506,2688598,0,240636,487123,203985,0,444943,4645045,7581833,5,6,4.45e-06
27,27.4576271186441,0,255772,2121889,2846059,0,201530,491373,238841,0,372232,4391389,7908200,5,6,4.45e-06
28,28.4745762711864,0,217478,2024143,2982099,0,171370,489693,270681,0,316489,4166639,8188693,5,6,4.45e-06
29,29.4915254237288,0,187506,1934951,3101263,0,147908,484033,299803,0,273477,3964865,8433479,5,6,4.45e-06
30,30.5084745762712,0,156535,1828400,3238785,0,123583,473814,334347,0,228656,3729097,8714068,5,6,4.45e-06
31,31.5254237288136,0,138168,1756353,3329199,0,109496,464679,357569,0,202055,3572107,8897659,5,6,4.45e-06
32,32.5423728813559,0,114305,1649705,3459710,0,90811,448474,392459,0,167154,3342361,9162306,5,6,4.45e-06
33,33.5593220338983,0,99802,1574295,3549623,0,79243,435537,416964,0,145992,3180014,9345815,5,6,4.45e-06
34,34.5762711864407,0,85362,1490308,3648050,0,67840,419360,444544,0,124567,3002584,9544670,5,6,4.45e-06
35,35.5932203389831,0,71732,1402225,3749763,0,57251,400926,473567,0,104944,2817536,9749341,5,6,4.45e-06
36,36.6101694915254,0,61420,1325473,3836827,0,48912,384126,498706,0,89938,2656858,9925025,5,6,4.45e-06
37,37.6271186440678,0,53283,1258041,3912396,0,42464,368291,520989,0,77841,2516922,10077058,5,6,4.45e-06
38,38.6440677966102,0,45700,1188653,3989367,0,36470,351494,543780,0,66742,2374213,10230866,5,6,4.45e-06
39,39.6610169491525,0,38968,1119420,4065332,0,31097,334297,566350,0,56816,2232319,10382686,5,6,4.45e-06
40,40.6779661016949,0,33178,1051674,4138868,0,26328,317269,588147,0,48307,2095733,10527781,5,6,4.45e-06
41,41.6949152542373,0,28521,993731,4201468,0,22699,301598,607447,0,41578,1977617,10652626,5,6,4.45e-06
42,42.7118644067797,0,24408,937254,4262058,0,19512,286440,625792,0,35689,1863280,10772852,5,6,4.45e-06
43,43.728813559322,0,20649,878866,4324205,0,16557,270332,644855,0,30269,1745145,10896407,5,6,4.45e-06
44,44.7457627118644,0,17757,828509,4377454,0,14160,256158,661426,0,25908,1643918,11001995,5,6,4.45e-06
45,45.7627118644068,0,15390,781122,4427208,0,12176,242886,676682,0,22288,1548622,11100911,5,6,4.45e-06
46,46.7796610169492,0,13145,734368,4476207,0,10330,229457,691957,0,19027,1454254,11198540,5,6,4.45e-06
47,47.7966101694915,0,11215,688976,4523529,0,8739,216189,706816,0,16236,1363649,11291936,5,6,4.45e-06
48,48.8135593220339,0,9664,649821,4564235,0,7569,204497,719678,0,14016,1285450,11372355,5,6,4.45e-06
49,49.8305084745763,0,8209,610220,4605291,0,6448,192431,732865,0,11956,1205767,11454098,5,6,4.45e-06
50,50.8474576271186,0,7016,574188,4642516,0,5523,181645,744576,0,10315,1134233,11527273,5,6,4.45e-06
51,51.864406779661,0,5990,538989,4678741,0,4724,170925,756095,0,8819,1063749,11599253,5,6,4.45e-06
52,52.8813559322034,0,5140,507170,4711410,0,4034,161286,766424,0,7565,1001094,11663162,5,6,4.45e-06
53,53.8983050847458,0,4352,475839,4743529,0,3442,151701,776601,0,6422,938958,11726441,5,6,4.45e-06
54,54.9152542372881,0,3679,447367,4772674,0,2935,142887,785922,0,5469,881716,11784636,5,6,4.45e-06
55,55.9322033898305,0,3170,420113,4800437,0,2524,134590,794630,0,4670,827992,11839159,5,6,4.45e-06
56,56.9491525423729,0,2717,394647,4826356,0,2151,126588,803005,0,4038,777774,11890009,5,6,4.45e-06
57,57.9661016949153,0,2329,370863,4850528,0,1876,119249,810619,0,3464,730878,11937479,5,6,4.45e-06
58,58.9830508474576,0,2011,348416,4873293,0,1604,112054,818086,0,2945,686400,11982476,5,6,4.45e-06
59,60.0,0,1742,327079,4894899,0,1385,105374,824985,0,2535,644654,12024632,5,6,4.45e-06
0,0.0,5223719,0,1,0,931743,0,1,0,12671809,0,12,0,6,7,4.45e-06
1,1.01694915254237,5223687,30,3,0,931736,6,1,1,12669801,1913,106,1,6,7,4.45e-06
2,2.03389830508475,5223538,170,12,0,931720,20,3,1,12637007,33055,1723,36,6,7,4.45e-06
3,3.05084745762712,5222683,951,83,3,931701,33,9,1,12080267,560839,30029,686,6,7,4.45e-06
4,4.06779661016949,5217071,6109,527,13,931659,71,12,2,6063483,6185895,411983,10460,6,7,4.45e-06
5,5.08474576271186,5183660,36905,3070,85,931596,119,27,2,48034,10720689,1824471,78627,6,7,4.45e-06
6,6.10169491525424,4989383,215656,18086,595,931441,239,60,4,0,9237646,3195301,238874,6,7,4.45e-06
7,7.11864406779661,4002771,1116338,100940,3671,931062,555,120,7,0,7922139,4270938,478744,6,7,4.45e-06
8,8.13559322033898,1387963,3392558,424787,18412,930334,1156,238,16,0,6795771,5098509,777541,6,7,4.45e-06
9,9.15254237288136,57841,4112338,990866,62675,928799,2415,494,36,0,5830023,5719249,1122549,6,7,4.45e-06
10,10.1694915254237,183,3578927,1502218,142392,925943,4742,978,81,0,5000805,6169232,1501784,6,7,4.45e-06
11,11.1864406779661,0,3069468,1903056,251196,920142,9472,1963,167,0,4289584,6478820,1903417,6,7,4.45e-06
12,12.2033898305085,0,2633405,2208389,381926,908709,18840,3849,346,0,3679306,6671301,2321214,6,7,4.45e-06
13,13.2203389830508,0,2259354,2435067,529299,886226,37145,7664,709,0,3157416,6765906,2748499,6,7,4.45e-06
14,14.2372881355932,0,1940914,2594508,688298,844274,71215,14846,1409,0,2710575,6784450,3176796,6,7,4.45e-06
15,15.2542372881356,0,1666187,2701694,855839,769131,131593,28313,2707,0,2327590,6742114,3602117,6,7,4.45e-06
16,16.271186440678,0,1428546,2766233,1028941,644041,229818,52649,5236,0,1996818,6648261,4026742,6,7,4.45e-06
17,17.2881355932203,0,1226370,2793981,1203369,469452,360511,92084,9697,0,1714969,6517268,4439584,6,7,4.45e-06
18,18.3050847457627,0,1052993,2792479,1378248,276997,489143,148693,16911,0,1474401,6355705,4841715,6,7,4.45e-06
19,19.3220338983051,0,909358,2768382,1545980,124634,565156,214402,27552,0,1272864,6179847,5219110,6,7,4.45e-06
20,20.3389830508475,0,770834,2718745,1734141,34937,560896,291235,44676,0,1077375,5959558,5634888,6,7,4.45e-06
21,21.3559322033898,0,658760,2655466,1909494,7720,504210,353991,65823,0,920233,5737502,6014086,6,7,4.45e-06
22,22.3728813559322,0,564433,2582354,2076933,1371,438131,402151,90091,0,789071,5510307,6372443,6,7,4.45e-06
23,23.3898305084746,0,484259,2501141,2238320,199,376805,437772,116968,0,676678,5279058,6716085,6,7,4.45e-06
24,24.4067796610169,0,415729,2413065,2394926,27,323348,463125,145244,0,580855,5046559,7044407,6,7,4.45e-06
25,25.4237288135593,0,356524,2321518,2545678,4,277245,479337,175158,0,498024,4816275,7357522,6,7,4.45e-06
26,26.4406779661017,0,322102,2259589,2642029,0,250626,485837,195281,0,450354,4664987,7556480,6,7,4.45e-06
27,27.4576271186441,0,268267,2149751,2805702,0,208792,491478,231474,0,374790,4404141,7892890,6,7,4.45e-06
28,28.4745762711864,0,227247,2049564,2946909,0,176810,490565,264369,0,317685,4172779,8181357,6,7,4.45e-06
29,29.4915254237288,0,195645,1957995,3070080,0,151986,485714,294044,0,273197,3966839,8431785,6,7,4.45e-06
30,30.5084745762712,0,163210,1848043,3212467,0,126657,475104,329983,0,227566,3726506,8717749,6,7,4.45e-06
31,31.5254237288136,0,144015,1774429,3305276,0,111551,466409,353784,0,200780,3566825,8904216,6,7,4.45e-06
32,32.5423728813559,0,123410,1686496,3413814,0,95727,453497,382520,0,172456,3375883,9123482,6,7,4.45e-06
33,33.5593220338983,0,103730,1588756,3531234,0,80408,436954,414382,0,144786,3169279,9357756,6,7,4.45e-06
34,34.5762711864407,0,88427,1503200,3632093,0,68817,420482,442445,0,123674,2989474,9558673,6,7,4.45e-06
35,35.5932203389831,0,76553,1427194,3719973,0,59486,405083,467175,0,106963,2832206,9732652,6,7,4.45e-06
36,36.6101694915254,0,65363,1347287,3811070,0,50548,387955,493241,0,91252,2667309,9913260,6,7,4.45e-06
37,37.6271186440678,0,55136,1266435,3902149,0,42775,369306,519663,0,76993,2502104,10092724,6,7,4.45e-06
38,38.6440677966102,0,47189,1196156,3980375,0,36697,352511,542536,0,66080,2358748,10246993,6,7,4.45e-06
39,39.6610169491525,0,39991,1126573,4057156,0,31257,335285,565202,0,56205,2216905,10398711,6,7,4.45e-06
40,40.6779661016949,0,34551,1065537,4123632,0,27042,319710,584992,0,48342,2093754,10529725,6,7,4.45e-06
41,41.6949152542373,0,29727,1005270,4188723,0,23249,304001,604494,0,41600,1972612,10657609,6,7,4.45e-06
42,42.7118644067797,0,25497,946871,4251352,0,19985,288319,623440,0,35674,1856385,10779762,6,7,4.45e-06
43,43.728813559322,0,21868,891708,4310144,0,17076,273105,641563,0,30408,1745566,10895847,6,7,4.45e-06
44,44.7457627118644,0,18690,839402,4365628,0,14663,258616,658465,0,26113,1641281,11004427,6,7,4.45e-06
45,45.7627118644068,0,16043,790204,4417473,0,12563,244525,674656,0,22383,1543963,11105475,6,7,4.45e-06
46,46.7796610169492,0,13746,744584,4465390,0,10762,231539,689443,0,19127,1453393,11199301,6,7,4.45e-06
47,47.7966101694915,0,11765,699693,4512262,0,9188,218466,704090,0,16317,1364166,11291338,6,7,4.45e-06
48,48.8135593220339,0,10042,658483,4555195,0,7904,206442,717398,0,14060,1282656,11375105,6,7,4.45e-06
49,49.8305084745763,0,8565,618979,4596176,0,6796,194581,730367,0,12011,1203490,11456320,6,7,4.45e-06
50,50.8474576271186,0,7332,582333,4634055,0,5859,183922,741963,0,10282,1132193,11529346,6,7,4.45e-06
51,51.864406779661,0,6281,546225,4671214,0,5009,173077,753658,0,8754,1060824,11602243,6,7,4.45e-06
52,52.8813559322034,0,5419,513968,4704333,0,4282,163133,764329,0,7494,997148,11667179,6,7,4.45e-06
53,53.8983050847458,0,4664,483718,4735338,0,3658,153765,774321,0,6487,938142,11727192,6,7,4.45e-06
54,54.9152542372881,0,3976,453707,4766037,0,3128,144567,784049,0,5555,879928,11786338,6,7,4.45e-06
55,55.9322033898305,0,3424,426814,4793482,0,2646,136206,792892,0,4731,826770,11840320,6,7,4.45e-06
56,56.9491525423729,0,2945,400581,4820194,0,2274,128041,801429,0,4028,775700,11892093,6,7,4.45e-06
57,57.9661016949153,0,2557,376741,4844422,0,1960,120500,809284,0,3470,729216,11939135,6,7,4.45e-06
58,58.9830508474576,0,2216,353447,4868057,0,1650,113185,816909,0,2986,684425,11984410,6,7,4.45e-06
59,60.0,0,1931,332000,4889789,0,1417,106277,824050,0,2581,642785,12026455,6,7,4.45e-06
0,0.0,5223719,0,1,0,931743,0,1,0,12671809,0,12,0,7,8,4.45e-06
1,1.01694915254237,5223622,91,7,0,931735,7,2,0,12669341,2343,135,2,7,8,4.45e-06
2,2.03389830508475,5223168,513,39,0,931725,15,4,0,12625097,44358,2328,38,7,8,4.45e-06
3,3.05084745762712,5220279,3162,273,6,931700,36,8,0,11887244,743819,39903,855,7,8,4.45e-06
4,4.06779661016949,5202181,19878,1615,46,931656,73,15,0,4899075,7245437,513943,13366,7,8,4.45e-06
5,5.08474576271186,5096919,116763,9711,327,931593,126,24,1,20045,10583814,1977435,90527,7,8,4.45e-06
6,6.10169491525424,4518585,646812,56325,1998,931431,255,54,4,0,9094692,3317235,259894,7,8,4.45e-06
7,7.11864406779661,2396991,2544762,271141,10826,931096,532,105,11,0,7802061,4364084,505676,7,8,4.45e-06
8,8.13559322033898,239345,4156749,784364,43262,930421,1100,205,18,0,6690953,5171223,809645,7,8,4.45e-06
9,9.15254237288136,1897,3777396,1332993,111434,929250,2048,405,41,0,5738735,5773842,1159244,7,8,4.45e-06
10,10.1694915254237,1,3242112,1771284,210323,926775,4042,842,85,0,4923513,6206040,1542268,7,8,4.45e-06
11,11.1864406779661,0,2780976,2108603,334141,921652,8216,1706,170,0,4225955,6499320,1946546,7,8,4.45e-06
12,12.2033898305085,0,2385710,2361711,476299,911747,16419,3255,323,0,3626080,6680913,2364828,7,8,4.45e-06
13,13.2203389830508,0,2047976,2544200,631544,892869,31783,6467,625,0,3110905,6769271,2791645,7,8,4.45e-06
14,14.2372881355932,0,1757240,2668922,797558,856192,61758,12594,1200,0,2669632,6780542,3221647,7,8,4.45e-06
15,15.2542372881356,0,1508286,2746356,969078,789515,115257,24635,2337,0,2290486,6730989,3650346,7,8,4.45e-06
16,16.271186440678,0,1291957,2786095,1145668,675448,205186,46621,4489,0,1961595,6631932,4078294,7,8,4.45e-06
17,17.2881355932203,0,1106789,2793224,1323707,507039,333320,82986,8399,0,1680180,6493765,4497876,7,8,4.45e-06
18,18.3050847457627,0,948104,2775405,1500211,310571,468786,137094,15293,0,1439719,6326498,4905604,7,8,4.45e-06
19,19.3220338983051,0,819178,2738280,1666262,148499,556838,201272,25135,0,1243312,6148103,5280406,7,8,4.45e-06
20,20.3389830508475,0,696788,2679815,1847117,45564,567859,277367,40954,0,1057068,5931270,5683483,7,8,4.45e-06
21,21.3559322033898,0,597029,2611522,2015169,10866,518500,341582,60796,0,906144,5710070,6055607,7,8,4.45e-06
22,22.3728813559322,0,511816,2532420,2179484,2079,452351,393416,83898,0,777057,5481901,6412863,7,8,4.45e-06
23,23.3898305084746,0,438698,2446722,2338300,321,389315,431994,110114,0,666440,5251088,6754293,7,8,4.45e-06
24,24.4067796610169,0,376490,2355959,2491271,50,333812,459321,138561,0,571446,5019678,7080697,7,8,4.45e-06
25,25.4237288135593,0,323118,2262776,2637826,7,286261,477286,168190,0,490047,4788382,7393392,7,8,4.45e-06
26,26.4406779661017,0,277037,2168007,2778676,2,246104,486805,198833,0,420028,4560696,7691097,7,8,4.45e-06
27,27.4576271186441,0,239977,2078966,2904777,0,213183,490696,227865,0,363671,4351498,7956652,7,8,4.45e-06
28,28.4745762711864,0,213404,2008338,3001978,0,189642,491139,250963,0,323118,4188916,8159787,7,8,4.45e-06
29,29.4915254237288,0,181506,1910908,3131306,0,161070,487695,282979,0,274485,3969464,8427872,7,8,4.45e-06
30,30.5084745762712,0,149180,1795957,3278583,0,132538,478218,320988,0,226071,3713526,8732224,7,8,4.45e-06
31,31.5254237288136,0,130520,1719530,3373670,0,116111,468969,346664,0,197746,3545486,8928589,7,8,4.45e-06
32,32.5423728813559,0,110864,1627893,3484963,0,98791,455810,377143,0,168461,3346071,9157289,7,8,4.45e-06
33,33.5593220338983,0,95385,1546549,3581786,0,85221,442205,404318,0,145135,3171707,9354979,7,8,4.45e-06
34,34.5762711864407,0,80494,1457537,3685689,0,72037,425292,434415,0,122632,2980574,9568615,7,8,4.45e-06
35,35.5932203389831,0,69069,1379341,3775310,0,61830,409038,460876,0,105088,2814493,9752240,7,8,4.45e-06
36,36.6101694915254,0,58306,1296922,3868492,0,52301,390942,488501,0,88945,2642007,9940869,7,8,4.45e-06
37,37.6271186440678,0,49936,1225994,3947790,0,44738,374218,512788,0,76295,2493026,10102500,7,8,4.45e-06
38,38.6440677966102,0,42370,1153997,4027353,0,37993,356218,537533,0,64916,2342354,10264551,7,8,4.45e-06
39,39.6610169491525,0,36597,1090992,4096131,0,32713,340119,558912,0,55966,2211994,10403861,7,8,4.45e-06
40,40.6779661016949,0,31341,1028544,4163835,0,27903,323876,579965,0,47863,2083220,10540738,7,8,4.45e-06
41,41.6949152542373,0,26817,967658,4229245,0,23869,307326,600549,0,40861,1957623,10673337,7,8,4.45e-06
42,42.7118644067797,0,22822,909504,4291394,0,20276,291099,620369,0,34905,1837339,10799577,7,8,4.45e-06
43,43.728813559322,0,19721,859024,4344975,0,17518,276438,637788,0,30227,1733987,10907607,7,8,4.45e-06
44,44.7457627118644,0,16745,806596,4400379,0,14893,261332,655519,0,25787,1626483,11019551,7,8,4.45e-06
45,45.7627118644068,0,14434,761092,4448194,0,12887,248102,670755,0,22182,1533772,11115867,7,8,4.45e-06
46,46.7796610169492,0,12359,714956,4496405,0,10964,234196,686584,0,18919,1440663,11212239,7,8,4.45e-06
47,47.7966101694915,0,10595,672705,4540420,0,9441,221217,701086,0,16244,1354536,11301041,7,8,4.45e-06
48,48.8135593220339,0,9148,633778,4580794,0,8109,209059,714576,0,13964,1275029,11382828,7,8,4.45e-06
49,49.8305084745763,0,7797,594202,4621721,0,6901,196309,728534,0,11875,1194093,11465853,7,8,4.45e-06
50,50.8474576271186,0,6723,560098,4656899,0,5946,185431,740367,0,10246,1124199,11537376,7,8,4.45e-06
51,51.864406779661,0,5745,525790,4692185,0,5071,174644,752029,0,8743,1054678,11608400,7,8,4.45e-06
52,52.8813559322034,0,4948,494599,4724173,0,4403,164716,762625,0,7410,992542,11671869,7,8,4.45e-06
53,53.8983050847458,0,4217,464353,4755150,0,3743,155057,772944,0,6337,931289,11734195,7,8,4.45e-06
54,54.9152542372881,0,3637,436455,4783628,0,3209,145939,782596,0,5414,875121,11791286,7,8,4.45e-06
55,55.9322033898305,0,3120,409260,4811340,0,2721,137207,791816,0,4578,820229,11847014,7,8,4.45e-06
56,56.9491525423729,0,2690,384327,4836703,0,2338,129182,800224,0,3960,770206,11897655,7,8,4.45e-06
57,57.9661016949153,0,2305,361496,4859919,0,2040,121527,808177,0,3446,724083,11944292,7,8,4.45e-06
58,58.9830508474576,0,1970,339566,4882184,0,1736,114327,815681,0,2899,680068,11988854,7,8,4.45e-06
59,60.0,0,1708,318621,4903391,0,1485,107487,822772,0,2496,637733,12031592,7,8,4.45e-06
0,0.0,5223719,0,1,0,931743,0,1,0,12671809,0,12,0,8,9,4.45e-06
1,1.01694915254237,5223692,27,1,0,931741,2,1,0,12669776,1941,101,3,8,9,4.45e-06
2,2.03389830508475,5223610,103,7,0,931736,7,1,0,12637829,32283,1675,34,8,9,4.45e-06
3,3.05084745762712,5223074,593,53,0,931731,11,2,0,12103870,538589,28725,637,8,9,4.45e-06
4,4.06779661016949,5219646,3749,317,8,931724,16,4,0,6236917,6026625,398311,9968,8,9,4.45e-06
5,5.08474576271186,5198918,22840,1900,62,931707,29,7,1,53939,10739009,1802539,76334,8,9,4.45e-06
6,6.10169491525424,5078463,133766,11089,402,931672,58,13,1,0,9256868,3179296,235657,8,9,4.45e-06
7,7.11864406779661,4420895,736014,64454,2357,931618,99,25,2,0,7939748,4258430,473643,8,9,4.45e-06
8,8.13559322033898,2155482,2752921,302825,12492,931460,229,49,6,0,6810068,5090224,771529,8,9,4.45e-06
9,9.15254237288136,176896,4164657,834490,47677,931170,474,89,11,0,5842811,5713210,1115800,8,9,4.45e-06
10,10.1694915254237,1162,3728700,1375279,118579,930575,964,189,16,0,5011646,6165393,1494782,8,9,4.45e-06
11,11.1864406779661,1,3199466,1803869,220384,929376,1942,396,30,0,4298571,6476379,1896871,8,9,4.45e-06
12,12.2033898305085,0,2744301,2133250,346169,926968,3900,819,57,0,3687983,6669194,2314644,8,9,4.45e-06
13,13.2203389830508,0,2354419,2380558,488743,922278,7757,1576,133,0,3164692,6764145,2742984,8,9,4.45e-06
14,14.2372881355932,0,2019440,2558804,645476,912881,15472,3127,264,0,2714167,6783418,3174236,8,9,4.45e-06
15,15.2542372881356,0,1733194,2678983,811543,894226,30763,6159,596,0,2327981,6739935,3603905,8,9,4.45e-06
16,16.271186440678,0,1487236,2753809,982675,859310,59041,12248,1145,0,1999384,6645536,4026901,8,9,4.45e-06
17,17.2881355932203,0,1276697,2788618,1158405,794522,111178,23859,2185,0,1715706,6512895,4443220,8,9,4.45e-06
18,18.3050847457627,0,1094764,2792565,1336391,683841,198675,44965,4263,0,1470987,6346701,4854133,8,9,4.45e-06
19,19.3220338983051,0,944209,2772479,1507032,526343,318873,78601,7927,0,1269048,6164784,5237989,8,9,4.45e-06
20,20.3389830508475,0,816717,2736041,1670962,342107,448563,127139,13935,0,1097131,5973441,5601249,8,9,4.45e-06
21,21.3559322033898,0,701766,2682785,1839169,167179,549166,191903,23496,0,942885,5763184,5965752,8,9,4.45e-06
22,22.3728813559322,0,592419,2608683,2022618,51096,570376,270743,39529,0,795986,5517799,6358036,8,9,4.45e-06
23,23.3898305084746,0,504529,2526547,2192644,11694,522040,338464,59546,0,678505,5278316,6715000,8,9,4.45e-06
24,24.4067796610169,0,432375,2440357,2350988,2241,455828,390883,82792,0,581139,5045299,7045383,8,9,4.45e-06
25,25.4237288135593,0,370822,2348784,2504114,356,392231,430148,109009,0,498316,4813979,7359526,8,9,4.45e-06
26,26.4406779661017,0,318244,2255183,2650293,45,337233,457416,137050,0,427387,4586162,7658272,8,9,4.45e-06
27,27.4576271186441,0,272637,2160550,2790533,4,289229,475843,166668,0,366485,4362554,7942782,8,9,4.45e-06
28,28.4745762711864,0,245501,2094806,2883413,0,260197,484175,187372,0,330251,4212347,8129223,8,9,4.45e-06
29,29.4915254237288,0,200877,1973914,3048929,0,212893,492519,226332,0,270118,3940344,8461359,8,9,4.45e-06
30,30.5084745762712,0,177746,1901402,3144572,0,188170,493298,250276,0,239097,3780052,8652672,8,9,4.45e-06
31,31.5254237288136,0,150518,1802025,3271177,0,159116,489026,283602,0,202102,3565964,8903755,8,9,4.45e-06
32,32.5423728813559,0,129080,1713616,3381024,0,136462,481775,313507,0,173394,3378163,9120264,8,9,4.45e-06
33,33.5593220338983,0,107477,1609903,3506340,0,113560,468566,349618,0,144045,3161081,9366695,8,9,4.45e-06
34,34.5762711864407,0,94645,1540801,3588274,0,100107,458315,373322,0,126796,3018273,9526752,8,9,4.45e-06
35,35.5932203389831,0,78104,1440021,3705595,0,82864,440319,408561,0,104679,2810782,9756360,8,9,4.45e-06
36,36.6101694915254,0,67877,1369748,3786095,0,72267,426248,433229,0,90882,2667842,9913097,8,9,4.45e-06
37,37.6271186440678,0,57984,1291923,3873813,0,61577,409512,460655,0,77330,2512092,10082399,8,9,4.45e-06
38,38.6440677966102,0,50039,1224028,3949653,0,53212,393960,484572,0,66729,2375986,10229106,8,9,4.45e-06
39,39.6610169491525,0,42593,1153091,4028036,0,45434,375961,510349,0,56723,2234627,10380471,8,9,4.45e-06
40,40.6779661016949,0,36007,1081754,4105959,0,38455,357271,536018,0,47813,2092223,10531785,8,9,4.45e-06
41,41.6949152542373,0,30779,1020283,4172658,0,32946,340551,558247,0,41017,1969930,10660874,8,9,4.45e-06
42,42.7118644067797,0,26181,959403,4238136,0,27951,323841,579952,0,34909,1849687,10787225,8,9,4.45e-06
43,43.728813559322,0,22580,906585,4294555,0,24088,308681,598975,0,30255,1745878,10895688,8,9,4.45e-06
44,44.7457627118644,0,19457,854872,4349391,0,20685,293449,617610,0,26049,1644325,11001447,8,9,4.45e-06
45,45.7627118644068,0,16766,804865,4402089,0,17735,278023,635986,0,22340,1546549,11102932,8,9,4.45e-06
46,46.7796610169492,0,14327,757272,4452121,0,15159,263317,653268,0,19113,1453928,11198780,8,9,4.45e-06
47,47.7966101694915,0,12265,712520,4498935,0,12970,249287,669487,0,16369,1366761,11288691,8,9,4.45e-06
48,48.8135593220339,0,10441,667422,4545857,0,10996,234908,685840,0,13821,1279536,11378464,8,9,4.45e-06
49,49.8305084745763,0,8974,628842,4585904,0,9444,222315,699985,0,11844,1204655,11455322,8,9,4.45e-06
50,50.8474576271186,0,7662,590745,4625313,0,8042,209715,713987,0,10129,1130959,11530733,8,9,4.45e-06
51,51.864406779661,0,6611,555898,4661211,0,6844,197986,726914,0,8720,1063486,11599615,8,9,4.45e-06
52,52.8813559322034,0,5665,522028,4696027,0,5858,186545,739341,0,7509,998044,11666268,8,9,4.45e-06
53,53.8983050847458,0,4842,491654,4727224,0,5022,176223,750499,0,6482,939102,11726237,8,9,4.45e-06
54,54.9152542372881,0,4092,461699,4757929,0,4292,166009,761443,0,5551,881519,11784751,8,9,4.45e-06
55,55.9322033898305,0,3512,433993,4786215,0,3738,156129,771877,0,4826,827378,11839617,8,9,4.45e-06
56,56.9491525423729,0,3003,408047,4812670,0,3196,147095,781453,0,4153,777599,11890069,8,9,4.45e-06
57,57.9661016949153,0,2582,383290,4837848,0,2745,138359,790640,0,3559,730427,11937835,8,9,4.45e-06
58,58.9830508474576,0,2195,360165,4861360,0,2373,130162,799209,0,3038,685422,11983361,8,9,4.45e-06
59,60.0,0,1882,338272,4883566,0,2038,122485,807221,0,2623,643560,12025638,8,9,4.45e-06
